week,display_week,week_label,start_date,game_id,status,result,home_team,away_team,home_win_probability,team,opponent,game_type,team_classification,opponent_classification,site,team_rating,opponent_rating,projected_spread,margin_std_dev,favorite,favorite_spread,win_probability
1,1,Week 1,2026-09-05T17:00:00.000Z,401864496,Final,"Duquesne 0, Air Force 34",Air Force,Duquesne,0.9595,Air Force,Duquesne (FCS baseline),FCS involved,fbs,fcs,home,-3.61,-36.0,34.89,20.0,Air Force,34.89,0.9595
2,2,Week 2,2026-09-13T02:00:00.000Z,401864502,Final,"North Dakota State 38, Air Force 32",Air Force,North Dakota State,0.3683,Air Force,North Dakota State,FBS vs FBS,fbs,fbs,home,-3.61,4.27,-5.38,16.0,North Dakota State,5.38,0.3683
4,4,Week 4,2026-09-27T02:30:00.000Z,401864509,Final,"Air Force 36, Nevada 33",Nevada,Air Force,0.5371,Air Force,Nevada,FBS vs FBS,fbs,fbs,away,-3.61,-4.62,-1.49,16.0,Nevada,1.49,0.4629
5,5,Week 5,2026-10-03T16:00:00.000Z,401862791,Upcoming,,Air Force,Navy,0.5919,Air Force,Navy,FBS vs FBS,fbs,fbs,home,-3.61,-4.83,3.72,16.0,Air Force,3.72,0.5919
6,6,Week 6,2026-10-10T23:30:00.000Z,401864516,Upcoming,,Northern Illinois,Air Force,0.2768,Air Force,Northern Illinois,FBS vs FBS,fbs,fbs,away,-3.61,-15.59,9.48,16.0,Air Force,9.48,0.7232
7,7,Week 7,2026-10-17T19:30:00.000Z,401864524,Upcoming,,Air Force,UNLV,0.5207,Air Force,UNLV,FBS vs FBS,fbs,fbs,home,-3.61,-1.94,0.83,16.0,Air Force,0.83,0.5207
8,8,Week 8,2026-10-24T01:00:00.000Z,401864525,Upcoming,,Wyoming,Air Force,0.3967,Air Force,Wyoming,FBS vs FBS,fbs,fbs,away,-3.61,-10.3,4.19,16.0,Air Force,4.19,0.6033
9,9,Week 9,2026-10-31T19:00:00.000Z,401861966,Upcoming,,Air Force,UConn,0.6198,Air Force,UConn,FBS vs FBS,fbs,fbs,home,-3.61,-5.99,4.88,16.0,Air Force,4.88,0.6198
10,10,Week 10,2026-11-08T00:30:00.000Z,401862823,Upcoming,,Army,Air Force,0.5783,Air Force,Army,FBS vs FBS,fbs,fbs,away,-3.61,-2.95,-3.16,16.0,Army,3.16,0.4217
11,11,Week 11,2026-11-15T00:00:00.000Z,401864538,Upcoming,,Air Force,San José State,0.6566,Air Force,San José State,FBS vs FBS,fbs,fbs,home,-3.61,-7.56,6.45,16.0,Air Force,6.45,0.6566
12,12,Week 12,2026-11-21T01:00:00.000Z,401864545,Upcoming,,Air Force,UTEP,0.8716,Air Force,UTEP,FBS vs FBS,fbs,fbs,home,-3.61,-19.25,18.14,16.0,Air Force,18.14,0.8716
13,13,Week 13,2026-11-28T21:30:00.000Z,401864546,Upcoming,,New Mexico,Air Force,0.728,Air Force,New Mexico,FBS vs FBS,fbs,fbs,away,-3.61,3.6,-9.71,16.0,New Mexico,9.71,0.272
1,1,Week 1,2026-09-03T23:00:00.000Z,401858204,Final,"Akron 16, Wake Forest 38",Wake Forest,Akron,0.9437,Akron,Wake Forest,FBS vs FBS,fbs,fbs,away,-20.63,2.25,-25.38,16.0,Wake Forest,25.38,0.0563
2,2,Week 2,2026-09-12T19:30:00.000Z,401866412,Final,"Robert Morris 10, Akron 45",Akron,Robert Morris,0.8142,Akron,Robert Morris (FCS baseline),FCS involved,fbs,fcs,home,-20.63,-36.0,17.87,20.0,Akron,17.87,0.8142
3,3,Week 3,2026-09-19T16:00:00.000Z,401858451,Final,"Akron 7, Minnesota 41",Minnesota,Akron,0.9394,Akron,Minnesota,FBS vs FBS,fbs,fbs,away,-20.63,1.67,-24.8,16.0,Minnesota,24.8,0.0606
4,4,Week 4,2026-09-26T16:00:00.000Z,401864512,Final,"UNLV 38, Akron 10",Akron,UNLV,0.1558,Akron,UNLV,FBS vs FBS,fbs,fbs,home,-20.63,-1.94,-16.19,16.0,UNLV,16.19,0.1558
5,5,Week 5,2026-10-03T19:30:00.000Z,401866430,Upcoming,,Central Michigan,Akron,0.7751,Akron,Central Michigan,FBS vs FBS,fbs,fbs,away,-20.63,-11.04,-12.09,16.0,Central Michigan,12.09,0.2249
6,6,Week 6,2026-10-10T19:30:00.000Z,401866435,Upcoming,,Akron,Eastern Michigan,0.3938,Akron,Eastern Michigan,FBS vs FBS,fbs,fbs,home,-20.63,-13.82,-4.31,16.0,Eastern Michigan,4.31,0.3938
7,7,Week 7,2026-10-17T04:00:00.000Z,401866478,Upcoming,,Miami (OH),Akron,0.8297,Akron,Miami (OH),FBS vs FBS,fbs,fbs,away,-20.63,-7.88,-15.25,16.0,Miami (OH),15.25,0.1703
8,8,Week 8,2026-10-24T04:00:00.000Z,401866446,Upcoming,,Kent State,Akron,0.6623,Akron,Kent State,FBS vs FBS,fbs,fbs,away,-20.63,-16.43,-6.7,16.0,Kent State,6.7,0.3377
10,10,Week 10,2026-11-04T00:00:00.000Z,401866453,Upcoming,,Akron,Ohio,0.2751,Akron,Ohio,FBS vs FBS,fbs,fbs,home,-20.63,-8.57,-9.56,16.0,Ohio,9.56,0.2751
11,11,Week 11,2026-11-11T00:00:00.000Z,401866458,Upcoming,,Akron,Western Michigan,0.1722,Akron,Western Michigan,FBS vs FBS,fbs,fbs,home,-20.63,-3.0,-15.13,16.0,Western Michigan,15.13,0.1722
12,12,Week 12,2026-11-18T05:00:00.000Z,401866467,Upcoming,,Massachusetts,Akron,0.8626,Akron,Massachusetts,FBS vs FBS,fbs,fbs,away,-20.63,-5.66,-17.47,16.0,Massachusetts,17.47,0.1374
13,13,Week 13,2026-11-27T17:00:00.000Z,401866472,Upcoming,,Akron,Buffalo,0.3752,Akron,Buffalo,FBS vs FBS,fbs,fbs,home,-20.63,-13.04,-5.09,16.0,Buffalo,5.09,0.3752
1,1,Week 1,2026-09-05T16:00:00.000Z,401856634,Final,"East Carolina 10, Alabama 48",Alabama,East Carolina,0.9631,Alabama,East Carolina,FBS vs FBS,fbs,fbs,home,20.91,-5.19,28.6,16.0,Alabama,28.6,0.9631
2,2,Week 2,2026-09-12T19:30:00.000Z,401856674,Final,"Alabama 45, Kentucky 17",Kentucky,Alabama,0.2238,Alabama,Kentucky,FBS vs FBS,fbs,fbs,away,20.91,6.26,12.15,16.0,Alabama,12.15,0.7762
3,3,Week 3,2026-09-19T19:30:00.000Z,401856685,Final,"Florida State 36, Alabama 50",Alabama,Florida State,0.8875,Alabama,Florida State,FBS vs FBS,fbs,fbs,home,20.91,4.0,19.41,16.0,Alabama,19.41,0.8875
4,4,Week 4,2026-09-26T23:00:00.000Z,401856696,Final,"South Carolina 18, Alabama 49",Alabama,South Carolina,0.8517,Alabama,South Carolina,FBS vs FBS,fbs,fbs,home,20.91,6.71,16.7,16.0,Alabama,16.7,0.8517
5,5,Week 5,2026-10-03T16:00:00.000Z,401856707,Upcoming,,Mississippi State,Alabama,0.3187,Alabama,Mississippi State,FBS vs FBS,fbs,fbs,away,20.91,10.87,7.54,16.0,Alabama,7.54,0.6813
6,6,Week 6,2026-10-10T04:00:00.000Z,401856712,Upcoming,,Alabama,Georgia,0.4953,Alabama,Georgia,FBS vs FBS,fbs,fbs,home,20.91,23.6,-0.19,16.0,Georgia,0.19,0.4953
7,7,Week 7,2026-10-17T04:00:00.000Z,401856723,Upcoming,,Tennessee,Alabama,0.3876,Alabama,Tennessee,FBS vs FBS,fbs,fbs,away,20.91,13.84,4.57,16.0,Alabama,4.57,0.6124
8,8,Week 8,2026-10-24T04:00:00.000Z,401856727,Upcoming,,Alabama,Texas A&M,0.7658,Alabama,Texas A&M,FBS vs FBS,fbs,fbs,home,20.91,11.81,11.6,16.0,Alabama,11.6,0.7658
10,10,Week 10,2026-11-07T05:00:00.000Z,401856740,Upcoming,,LSU,Alabama,0.5192,Alabama,LSU,FBS vs FBS,fbs,fbs,away,20.91,19.18,-0.77,16.0,LSU,0.77,0.4808
11,11,Week 11,2026-11-14T05:00:00.000Z,401856889,Upcoming,,Vanderbilt,Alabama,0.1866,Alabama,Vanderbilt,FBS vs FBS,fbs,fbs,away,20.91,4.16,14.25,16.0,Alabama,14.25,0.8134
12,12,Week 12,2026-11-21T19:00:00.000Z,401856746,Upcoming,,Alabama,Chattanooga,0.9985,Alabama,Chattanooga (FCS baseline),FCS involved,fbs,fcs,home,20.91,-36.0,59.41,20.0,Alabama,59.41,0.9985
13,13,Week 13,2026-11-28T05:00:00.000Z,401856757,Upcoming,,Alabama,Auburn,0.8181,Alabama,Auburn,FBS vs FBS,fbs,fbs,home,20.91,8.88,14.53,16.0,Alabama,14.53,0.8181
1,1,Week 1,2026-09-05T19:30:00.000Z,401866627,Final,"Maine 3, App State 55",App State,Maine,0.9468,App State,Maine (FCS baseline),FCS involved,fbs,fcs,home,-6.21,-36.0,32.29,20.0,App State,32.29,0.9468
2,2,Week 2,2026-09-12T16:00:00.000Z,401864571,Final,"App State 27, East Carolina 24",East Carolina,App State,0.5871,App State,East Carolina,FBS vs FBS,fbs,fbs,away,-6.21,-5.19,-3.52,16.0,East Carolina,3.52,0.4129
3,3,Week 3,2026-09-19T22:00:00.000Z,401864574,Final,"Charlotte 21, App State 26",App State,Charlotte,0.7958,App State,Charlotte,FBS vs FBS,fbs,fbs,home,-6.21,-16.94,13.23,16.0,App State,13.23,0.7958
4,4,Week 4,2026-09-26T23:30:00.000Z,401864572,Final,"App State 31, NC State 41",NC State,App State,0.7239,App State,NC State,FBS vs FBS,fbs,fbs,away,-6.21,0.8,-9.51,16.0,NC State,9.51,0.2761
6,6,Week 6,2026-10-10T04:00:00.000Z,401869843,Upcoming,,App State,Old Dominion,0.654,App State,Old Dominion,FBS vs FBS,fbs,fbs,home,-6.21,-10.05,6.34,16.0,App State,6.34,0.654
7,7,Week 7,2026-10-17T00:00:00.000Z,401869844,Upcoming,,Coastal Carolina,App State,0.4723,App State,Coastal Carolina,FBS vs FBS,fbs,fbs,away,-6.21,-9.82,1.11,16.0,App State,1.11,0.5277
8,8,Week 8,2026-10-22T23:00:00.000Z,401869845,Upcoming,,App State,James Madison,0.2441,App State,James Madison,FBS vs FBS,fbs,fbs,home,-6.21,7.38,-11.09,16.0,James Madison,11.09,0.2441
9,9,Week 9,2026-10-31T04:00:00.000Z,401869846,Upcoming,,Georgia Southern,App State,0.5433,App State,Georgia Southern,FBS vs FBS,fbs,fbs,away,-6.21,-6.97,-1.74,16.0,Georgia Southern,1.74,0.4567
10,10,Week 10,2026-11-07T05:00:00.000Z,401869927,Upcoming,,App State,Georgia State,0.5537,App State,Georgia State,FBS vs FBS,fbs,fbs,home,-6.21,-5.87,2.16,16.0,App State,2.16,0.5537
11,11,Week 11,2026-11-14T05:00:00.000Z,401869928,Upcoming,,Marshall,App State,0.5599,App State,Marshall,FBS vs FBS,fbs,fbs,away,-6.21,-6.3,-2.41,16.0,Marshall,2.41,0.4401
12,12,Week 12,2026-11-21T05:00:00.000Z,401869929,Upcoming,,App State,UL Monroe,0.8121,App State,UL Monroe,FBS vs FBS,fbs,fbs,home,-6.21,-17.88,14.17,16.0,App State,14.17,0.8121
13,13,Week 13,2026-11-27T20:00:00.000Z,401869930,Upcoming,,South Alabama,App State,0.5378,App State,South Alabama,FBS vs FBS,fbs,fbs,away,-6.21,-7.19,-1.52,16.0,South Alabama,1.52,0.4622
1,1,Week 1,2026-09-06T01:30:00.000Z,401856773,Final,"Northern Arizona 7, Arizona 35",Arizona,Northern Arizona,0.9872,Arizona,Northern Arizona (FCS baseline),FCS involved,fbs,fcs,home,6.12,-36.0,44.62,20.0,Arizona,44.62,0.9872
2,2,Week 2,2026-09-12T19:30:00.000Z,401856810,Final,"Arizona 17, BYU 28",BYU,Arizona,0.6547,Arizona,BYU,FBS vs FBS,fbs,fbs,away,6.12,9.99,-6.37,16.0,BYU,6.37,0.3453
3,3,Week 3,2026-09-20T02:30:00.000Z,401856793,Final,"Northern Illinois 17, Arizona 42",Arizona,Northern Illinois,0.9349,Arizona,Northern Illinois,FBS vs FBS,fbs,fbs,home,6.12,-15.59,24.21,16.0,Arizona,24.21,0.9349
4,4,Week 4,2026-09-26T23:30:00.000Z,401856804,Final,"Arizona 34, Washington State 24",Washington State,Arizona,0.2839,Arizona,Washington State,FBS vs FBS,fbs,fbs,away,6.12,-5.52,9.14,16.0,Arizona,9.14,0.7161
5,5,Week 5,2026-10-04T03:00:00.000Z,401856820,Upcoming,,Arizona,Cincinnati,0.6669,Arizona,Cincinnati,FBS vs FBS,fbs,fbs,home,6.12,1.72,6.9,16.0,Arizona,6.9,0.6669
6,6,Week 6,2026-10-10T04:00:00.000Z,401856823,Upcoming,,West Virginia,Arizona,0.3907,Arizona,West Virginia,FBS vs FBS,fbs,fbs,away,6.12,-0.82,4.44,16.0,Arizona,4.44,0.6093
8,8,Week 8,2026-10-24T04:00:00.000Z,401856838,Upcoming,,Arizona,Iowa State,0.5793,Arizona,Iowa State,FBS vs FBS,fbs,fbs,home,6.12,5.42,3.2,16.0,Arizona,3.2,0.5793
9,9,Week 9,2026-10-31T04:00:00.000Z,401856842,Upcoming,,Texas Tech,Arizona,0.7318,Arizona,Texas Tech,FBS vs FBS,fbs,fbs,away,6.12,13.51,-9.89,16.0,Texas Tech,9.89,0.2682
10,10,Week 10,2026-11-07T03:15:00.000Z,401856855,Upcoming,,Arizona,TCU,0.6333,Arizona,TCU,FBS vs FBS,fbs,fbs,home,6.12,3.17,5.45,16.0,Arizona,5.45,0.6333
11,11,Week 11,2026-11-14T05:00:00.000Z,401856864,Upcoming,,Arizona,Utah,0.3077,Arizona,Utah,FBS vs FBS,fbs,fbs,home,6.12,16.66,-8.04,16.0,Utah,8.04,0.3077
12,12,Week 12,2026-11-21T05:00:00.000Z,401856865,Upcoming,,Kansas State,Arizona,0.5963,Arizona,Kansas State,FBS vs FBS,fbs,fbs,away,6.12,7.52,-3.9,16.0,Kansas State,3.9,0.4037
13,13,Week 13,2026-11-28T05:00:00.000Z,401856873,Upcoming,,Arizona,Arizona State,0.6741,Arizona,Arizona State,FBS vs FBS,fbs,fbs,home,6.12,1.4,7.22,16.0,Arizona,7.22,0.6741
1,1,Week 1,2026-09-06T02:00:00.000Z,401856774,Final,"Morgan State 7, Arizona State 70",Arizona State,Morgan State,0.977,Arizona State,Morgan State (FCS baseline),FCS involved,fbs,fcs,home,1.4,-36.0,39.9,20.0,Arizona State,39.9,0.977
2,2,Week 2,2026-09-12T16:00:00.000Z,401856683,Final,"Arizona State 20, Texas A&M 48",Texas A&M,Arizona State,0.7901,Arizona State,Texas A&M,FBS vs FBS,fbs,fbs,away,1.4,11.81,-12.91,16.0,Texas A&M,12.91,0.2099
3,3,Week 3,2026-09-19T16:00:00.000Z,401856812,Final,"Arizona State 24, Kansas 17",Kansas,Arizona State,0.3957,Arizona State,Kansas,FBS vs FBS,fbs,fbs,neutral,1.4,-2.83,4.23,16.0,Arizona State,4.23,0.6043
5,5,Week 5,2026-10-04T02:30:00.000Z,401856817,Upcoming,,Arizona State,Baylor,0.4843,Arizona State,Baylor,FBS vs FBS,fbs,fbs,home,1.4,4.53,-0.63,16.0,Baylor,0.63,0.4843
6,6,Week 6,2026-10-10T04:00:00.000Z,401856808,Upcoming,,Arizona State,Hawai'i,0.8089,Arizona State,Hawai'i,FBS vs FBS,fbs,fbs,home,1.4,-10.08,13.98,16.0,Arizona State,13.98,0.8089
7,7,Week 7,2026-10-17T04:00:00.000Z,401856828,Upcoming,,Texas Tech,Arizona State,0.8194,Arizona State,Texas Tech,FBS vs FBS,fbs,fbs,away,1.4,13.51,-14.61,16.0,Texas Tech,14.61,0.1806
8,8,Week 8,2026-10-24T04:00:00.000Z,401856839,Upcoming,,Arizona State,Kansas State,0.4105,Arizona State,Kansas State,FBS vs FBS,fbs,fbs,home,1.4,7.52,-3.62,16.0,Kansas State,3.62,0.4105
9,9,Week 9,2026-10-31T04:00:00.000Z,401856843,Upcoming,,BYU,Arizona State,0.7559,Arizona State,BYU,FBS vs FBS,fbs,fbs,away,1.4,9.99,-11.09,16.0,BYU,11.09,0.2441
10,10,Week 10,2026-11-07T05:00:00.000Z,401856852,Upcoming,,Arizona State,Colorado,0.6804,Arizona State,Colorado,FBS vs FBS,fbs,fbs,home,1.4,-3.6,7.5,16.0,Arizona State,7.5,0.6804
11,11,Week 11,2026-11-14T05:00:00.000Z,401856857,Upcoming,,UCF,Arizona State,0.5922,Arizona State,UCF,FBS vs FBS,fbs,fbs,away,1.4,2.63,-3.73,16.0,UCF,3.73,0.4078
12,12,Week 12,2026-11-21T05:00:00.000Z,401856870,Upcoming,,Arizona State,Oklahoma State,0.5675,Arizona State,Oklahoma State,FBS vs FBS,fbs,fbs,home,1.4,1.18,2.72,16.0,Arizona State,2.72,0.5675
13,13,Week 13,2026-11-28T05:00:00.000Z,401856873,Upcoming,,Arizona,Arizona State,0.6741,Arizona State,Arizona,FBS vs FBS,fbs,fbs,away,1.4,6.12,-7.22,16.0,Arizona,7.22,0.3259
1,1,Week 1,2026-09-05T20:15:00.000Z,401856635,Final,"North Alabama 14, Arkansas 31",Arkansas,North Alabama,0.9749,Arkansas,North Alabama (FCS baseline),FCS involved,fbs,fcs,home,0.68,-36.0,39.18,20.0,Arkansas,39.18,0.9749
2,2,Week 2,2026-09-13T02:15:00.000Z,401856670,Final,"Arkansas 10, Utah 43",Utah,Arkansas,0.876,Arkansas,Utah,FBS vs FBS,fbs,fbs,away,0.68,16.66,-18.48,16.0,Utah,18.48,0.124
3,3,Week 3,2026-09-19T16:00:00.000Z,401856686,Final,"Georgia 45, Arkansas 17",Arkansas,Georgia,0.1009,Arkansas,Georgia,FBS vs FBS,fbs,fbs,home,0.68,23.6,-20.42,16.0,Georgia,20.42,0.1009
4,4,Week 4,2026-09-27T00:00:00.000Z,401856697,Final,"Tulsa 6, Arkansas 34",Arkansas,Tulsa,0.7272,Arkansas,Tulsa,FBS vs FBS,fbs,fbs,home,0.68,-6.49,9.67,16.0,Arkansas,9.67,0.7272
5,5,Week 5,2026-10-03T23:00:00.000Z,401856711,Upcoming,,Texas A&M,Arkansas,0.8029,Arkansas,Texas A&M,FBS vs FBS,fbs,fbs,away,0.68,11.81,-13.63,16.0,Texas A&M,13.63,0.1971
6,6,Week 6,2026-10-10T04:00:00.000Z,401856713,Upcoming,,Arkansas,Tennessee,0.2526,Arkansas,Tennessee,FBS vs FBS,fbs,fbs,home,0.68,13.84,-10.66,16.0,Tennessee,10.66,0.2526
7,7,Week 7,2026-10-17T04:00:00.000Z,401856726,Upcoming,,Vanderbilt,Arkansas,0.6457,Arkansas,Vanderbilt,FBS vs FBS,fbs,fbs,away,0.68,4.16,-5.98,16.0,Vanderbilt,5.98,0.3543
9,9,Week 9,2026-10-31T04:00:00.000Z,401856733,Upcoming,,Arkansas,Missouri,0.3785,Arkansas,Missouri,FBS vs FBS,fbs,fbs,home,0.68,8.13,-4.95,16.0,Missouri,4.95,0.3785
10,10,Week 10,2026-11-07T05:00:00.000Z,401856738,Upcoming,,Auburn,Arkansas,0.7482,Arkansas,Auburn,FBS vs FBS,fbs,fbs,away,0.68,8.88,-10.7,16.0,Auburn,10.7,0.2518
11,11,Week 11,2026-11-14T05:00:00.000Z,401856882,Upcoming,,Arkansas,South Carolina,0.4127,Arkansas,South Carolina,FBS vs FBS,fbs,fbs,home,0.68,6.71,-3.53,16.0,South Carolina,3.53,0.4127
12,12,Week 12,2026-11-21T05:00:00.000Z,401856755,Upcoming,,Texas,Arkansas,0.9237,Arkansas,Texas,FBS vs FBS,fbs,fbs,away,0.68,21.07,-22.89,16.0,Texas,22.89,0.0763
13,13,Week 13,2026-11-28T05:00:00.000Z,401856758,Upcoming,,Arkansas,LSU,0.1587,Arkansas,LSU,FBS vs FBS,fbs,fbs,home,0.68,19.18,-16.0,16.0,LSU,16.0,0.1587
1,1,Week 1,2026-09-05T23:00:00.000Z,401862695,Final,"Arkansas State 24, Memphis 42",Memphis,Arkansas State,0.7942,Arkansas State,Memphis,FBS vs FBS,fbs,fbs,away,-9.53,1.11,-13.14,16.0,Memphis,13.14,0.2058
2,2,Week 2,2026-09-12T23:00:00.000Z,401868241,Final,"West Georgia 7, Arkansas State 52",Arkansas State,West Georgia,0.9263,Arkansas State,West Georgia (FCS baseline),FCS involved,fbs,fcs,home,-9.53,-36.0,28.97,20.0,Arkansas State,28.97,0.9263
3,3,Week 3,2026-09-20T00:00:00.000Z,401856799,Final,"Arkansas State 7, TCU 31",TCU,Arkansas State,0.8289,Arkansas State,TCU,FBS vs FBS,fbs,fbs,away,-9.53,3.17,-15.2,16.0,TCU,15.2,0.1711
4,4,Week 4,2026-09-26T23:00:00.000Z,401869931,Final,"Kennesaw State 14, Arkansas State 17",Arkansas State,Kennesaw State,0.6122,Arkansas State,Kennesaw State,FBS vs FBS,fbs,fbs,home,-9.53,-11.59,4.56,16.0,Arkansas State,4.56,0.6122
5,5,Week 5,2026-10-04T00:00:00.000Z,401869932,Upcoming,,Louisiana,Arkansas State,0.7272,Arkansas State,Louisiana,FBS vs FBS,fbs,fbs,away,-9.53,-2.36,-9.67,16.0,Louisiana,9.67,0.2728
6,6,Week 6,2026-10-08T23:30:00.000Z,401869933,Upcoming,,Arkansas State,South Alabama,0.504,Arkansas State,South Alabama,FBS vs FBS,fbs,fbs,home,-9.53,-7.19,0.16,16.0,Arkansas State,0.16,0.504
7,7,Week 7,2026-10-17T04:00:00.000Z,401869934,Upcoming,,Southern Miss,Arkansas State,0.4288,Arkansas State,Southern Miss,FBS vs FBS,fbs,fbs,away,-9.53,-14.9,2.87,16.0,Arkansas State,2.87,0.5712
8,8,Week 8,2026-10-24T23:00:00.000Z,401869935,Upcoming,,Arkansas State,Georgia State,0.4711,Arkansas State,Georgia State,FBS vs FBS,fbs,fbs,home,-9.53,-5.87,-1.16,16.0,Georgia State,1.16,0.4711
10,10,Week 10,2026-11-07T20:00:00.000Z,401869936,Upcoming,,Arkansas State,UL Monroe,0.7512,Arkansas State,UL Monroe,FBS vs FBS,fbs,fbs,home,-9.53,-17.88,10.85,16.0,Arkansas State,10.85,0.7512
11,11,Week 11,2026-11-14T05:00:00.000Z,401869937,Upcoming,,Coastal Carolina,Arkansas State,0.5549,Arkansas State,Coastal Carolina,FBS vs FBS,fbs,fbs,away,-9.53,-9.82,-2.21,16.0,Coastal Carolina,2.21,0.4451
12,12,Week 12,2026-11-21T05:00:00.000Z,401869938,Upcoming,,Louisiana Tech,Arkansas State,0.604,Arkansas State,Louisiana Tech,FBS vs FBS,fbs,fbs,away,-9.53,-7.81,-4.22,16.0,Louisiana Tech,4.22,0.396
13,13,Week 13,2026-11-28T20:00:00.000Z,401869939,Upcoming,,Arkansas State,Troy,0.491,Arkansas State,Troy,FBS vs FBS,fbs,fbs,home,-9.53,-6.67,-0.36,16.0,Troy,0.36,0.491
1,1,Week 1,2026-09-05T16:00:00.000Z,401862701,Final,"Bryant 3, Army 59",Army,Bryant,0.9623,Army,Bryant (FCS baseline),FCS involved,fbs,fcs,home,-2.95,-36.0,35.55,20.0,Army,35.55,0.9623
2,2,Week 2,2026-09-12T16:00:00.000Z,401862702,Final,"South Florida 28, Army 24",Army,South Florida,0.4337,Army,South Florida,FBS vs FBS,fbs,fbs,home,-2.95,2.22,-2.67,16.0,South Florida,2.67,0.4337
4,4,Week 4,2026-09-25T20:00:00.000Z,401862779,Final,"Army 21, Temple 17",Temple,Army,0.5015,Army,Temple,FBS vs FBS,fbs,fbs,away,-2.95,-5.39,-0.06,16.0,Temple,0.06,0.4985
5,5,Week 5,2026-10-03T23:30:00.000Z,401869842,Upcoming,,Louisiana Tech,Army,0.4414,Army,Louisiana Tech,FBS vs FBS,fbs,fbs,away,-2.95,-7.81,2.36,16.0,Army,2.36,0.5586
6,6,Week 6,2026-10-10T16:00:00.000Z,401862795,Upcoming,,Army,Tulane,0.5677,Army,Tulane,FBS vs FBS,fbs,fbs,home,-2.95,-3.18,2.73,16.0,Army,2.73,0.5677
7,7,Week 7,2026-10-17T16:00:00.000Z,401862802,Upcoming,,Army,Florida Atlantic,0.5973,Army,Florida Atlantic,FBS vs FBS,fbs,fbs,home,-2.95,-4.39,3.94,16.0,Army,3.94,0.5973
8,8,Week 8,2026-10-24T00:30:00.000Z,401862808,Upcoming,,Tulsa,Army,0.4741,Army,Tulsa,FBS vs FBS,fbs,fbs,away,-2.95,-6.49,1.04,16.0,Army,1.04,0.5259
9,9,Week 9,2026-10-31T04:00:00.000Z,401862814,Upcoming,,Memphis,Army,0.6591,Army,Memphis,FBS vs FBS,fbs,fbs,away,-2.95,1.11,-6.56,16.0,Memphis,6.56,0.3409
10,10,Week 10,2026-11-08T00:30:00.000Z,401862823,Upcoming,,Army,Air Force,0.5783,Army,Air Force,FBS vs FBS,fbs,fbs,home,-2.95,-3.61,3.16,16.0,Army,3.16,0.5783
12,12,Week 12,2026-11-21T17:00:00.000Z,401862831,Upcoming,,Army,East Carolina,0.6165,Army,East Carolina,FBS vs FBS,fbs,fbs,home,-2.95,-5.19,4.74,16.0,Army,4.74,0.6165
13,13,Week 13,2026-11-28T05:00:00.000Z,401862841,Upcoming,,Rice,Army,0.3578,Army,Rice,FBS vs FBS,fbs,fbs,away,-2.95,-11.28,5.83,16.0,Army,5.83,0.6422
15,15,Week 15,2026-12-12T20:00:00.000Z,401862844,Upcoming,,Army,Navy,0.5468,Army,Navy,FBS vs FBS,fbs,fbs,neutral,-2.95,-4.83,1.88,16.0,Army,1.88,0.5468
1,1,Week 1,2026-09-05T19:30:00.000Z,401856636,Final,"Baylor 16, Auburn 17",Auburn,Baylor,0.6071,Auburn,Baylor,FBS vs FBS,fbs,fbs,neutral,8.88,4.53,4.35,16.0,Auburn,4.35,0.6071
2,2,Week 2,2026-09-12T23:45:00.000Z,401856671,Final,"Southern Miss 8, Auburn 43",Auburn,Southern Miss,0.9498,Auburn,Southern Miss,FBS vs FBS,fbs,fbs,home,8.88,-14.9,26.28,16.0,Auburn,26.28,0.9498
3,3,Week 3,2026-09-19T23:00:00.000Z,401856687,Final,"Florida 44, Auburn 39",Auburn,Florida,0.3674,Auburn,Florida,FBS vs FBS,fbs,fbs,home,8.88,16.8,-5.42,16.0,Florida,5.42,0.3674
4,4,Week 4,2026-09-26T20:15:00.000Z,401856698,Final,"Vanderbilt 15, Auburn 21",Auburn,Vanderbilt,0.6741,Auburn,Vanderbilt,FBS vs FBS,fbs,fbs,home,8.88,4.16,7.22,16.0,Auburn,7.22,0.6741
5,5,Week 5,2026-10-03T19:30:00.000Z,401856710,Upcoming,,Tennessee,Auburn,0.6795,Auburn,Tennessee,FBS vs FBS,fbs,fbs,away,8.88,13.84,-7.46,16.0,Tennessee,7.46,0.3205
7,7,Week 7,2026-10-17T04:00:00.000Z,401856719,Upcoming,,Georgia,Auburn,0.8591,Auburn,Georgia,FBS vs FBS,fbs,fbs,away,8.88,23.6,-17.22,16.0,Georgia,17.22,0.1409
8,8,Week 8,2026-10-24T16:00:00.000Z,401856728,Upcoming,,Auburn,LSU,0.313,Auburn,LSU,FBS vs FBS,fbs,fbs,home,8.88,19.18,-7.8,16.0,LSU,7.8,0.313
9,9,Week 9,2026-10-31T04:00:00.000Z,401856735,Upcoming,,Ole Miss,Auburn,0.6443,Auburn,Ole Miss,FBS vs FBS,fbs,fbs,away,8.88,12.3,-5.92,16.0,Ole Miss,5.92,0.3557
10,10,Week 10,2026-11-07T05:00:00.000Z,401856738,Upcoming,,Auburn,Arkansas,0.7482,Auburn,Arkansas,FBS vs FBS,fbs,fbs,home,8.88,0.68,10.7,16.0,Auburn,10.7,0.7482
11,11,Week 11,2026-11-14T05:00:00.000Z,401856886,Upcoming,,Mississippi State,Auburn,0.6105,Auburn,Mississippi State,FBS vs FBS,fbs,fbs,away,8.88,10.87,-4.49,16.0,Mississippi State,4.49,0.3895
12,12,Week 12,2026-11-21T20:30:00.000Z,401856747,Upcoming,,Auburn,Samford,0.9911,Auburn,Samford (FCS baseline),FCS involved,fbs,fcs,home,8.88,-36.0,47.38,20.0,Auburn,47.38,0.9911
13,13,Week 13,2026-11-28T05:00:00.000Z,401856757,Upcoming,,Alabama,Auburn,0.8181,Auburn,Alabama,FBS vs FBS,fbs,fbs,away,8.88,20.91,-14.53,16.0,Alabama,14.53,0.1819
1,1,Week 1,2026-09-06T00:00:00.000Z,401856775,Final,"Utah Tech 7, BYU 63",BYU,Utah Tech,0.9923,BYU,Utah Tech (FCS baseline),FCS involved,fbs,fcs,home,9.99,-36.0,48.49,20.0,BYU,48.49,0.9923
2,2,Week 2,2026-09-12T19:30:00.000Z,401856810,Final,"Arizona 17, BYU 28",BYU,Arizona,0.6547,BYU,Arizona,FBS vs FBS,fbs,fbs,home,9.99,6.12,6.37,16.0,BYU,6.37,0.6547
3,3,Week 3,2026-09-19T23:30:00.000Z,401856795,Final,"BYU 41, Colorado State 23",Colorado State,BYU,0.1847,BYU,Colorado State,FBS vs FBS,fbs,fbs,away,9.99,-6.87,14.36,16.0,BYU,14.36,0.8153
5,5,Week 5,2026-10-03T23:00:00.000Z,401856818,Upcoming,,TCU,BYU,0.3936,BYU,TCU,FBS vs FBS,fbs,fbs,away,9.99,3.17,4.32,16.0,BYU,4.32,0.6064
6,6,Week 6,2026-10-10T02:15:00.000Z,401856826,Upcoming,,BYU,Iowa State,0.6707,BYU,Iowa State,FBS vs FBS,fbs,fbs,home,9.99,5.42,7.07,16.0,BYU,7.07,0.6707
7,7,Week 7,2026-10-17T04:00:00.000Z,401856809,Upcoming,,BYU,Notre Dame,0.2335,BYU,Notre Dame,FBS vs FBS,fbs,fbs,home,9.99,24.13,-11.64,16.0,Notre Dame,11.64,0.2335
8,8,Week 8,2026-10-24T04:00:00.000Z,401856835,Upcoming,,UCF,BYU,0.3807,BYU,UCF,FBS vs FBS,fbs,fbs,away,9.99,2.63,4.86,16.0,BYU,4.86,0.6193
9,9,Week 9,2026-10-31T04:00:00.000Z,401856843,Upcoming,,BYU,Arizona State,0.7559,BYU,Arizona State,FBS vs FBS,fbs,fbs,home,9.99,1.4,11.09,16.0,BYU,11.09,0.7559
10,10,Week 10,2026-11-07T05:00:00.000Z,401856849,Upcoming,,Utah,BYU,0.7167,BYU,Utah,FBS vs FBS,fbs,fbs,away,9.99,16.66,-9.17,16.0,Utah,9.17,0.2833
11,11,Week 11,2026-11-14T05:00:00.000Z,401856858,Upcoming,,BYU,Baylor,0.6906,BYU,Baylor,FBS vs FBS,fbs,fbs,home,9.99,4.53,7.96,16.0,BYU,7.96,0.6906
12,12,Week 12,2026-11-21T05:00:00.000Z,401856866,Upcoming,,Kansas,BYU,0.2595,BYU,Kansas,FBS vs FBS,fbs,fbs,away,9.99,-2.83,10.32,16.0,BYU,10.32,0.7405
13,13,Week 13,2026-11-28T05:00:00.000Z,401856876,Upcoming,,BYU,Cincinnati,0.7496,BYU,Cincinnati,FBS vs FBS,fbs,fbs,home,9.99,1.72,10.77,16.0,BYU,10.77,0.7496
1,1,Week 1,2026-09-05T16:30:00.000Z,401858432,Final,"Ball State 3, Ohio State 56",Ohio State,Ball State,0.9953,Ball State,Ohio State,FBS vs FBS,fbs,fbs,away,-17.22,21.84,-41.56,16.0,Ohio State,41.56,0.0047
2,2,Week 2,2026-09-12T18:00:00.000Z,401866413,Final,"Stony Brook 17, Ball State 41",Ball State,Stony Brook,0.8563,Ball State,Stony Brook (FCS baseline),FCS involved,fbs,fcs,home,-17.22,-36.0,21.28,20.0,Ball State,21.28,0.8563
3,3,Week 3,2026-09-19T20:00:00.000Z,401866422,Final,"Ball State 15, Liberty 51",Liberty,Ball State,0.9352,Ball State,Liberty,FBS vs FBS,fbs,fbs,away,-17.22,4.53,-24.25,16.0,Liberty,24.25,0.0648
4,4,Week 4,2026-09-26T16:00:00.000Z,401866425,Final,"Ball State 13, Kent State 26",Kent State,Ball State,0.5815,Ball State,Kent State,FBS vs FBS,fbs,fbs,away,-17.22,-16.43,-3.29,16.0,Kent State,3.29,0.4185
5,5,Week 5,2026-10-03T18:00:00.000Z,401866431,Upcoming,,Ball State,Toledo,0.1755,Ball State,Toledo,FBS vs FBS,fbs,fbs,home,-17.22,0.2,-14.92,16.0,Toledo,14.92,0.1755
6,6,Week 6,2026-10-10T04:00:00.000Z,401858482,Upcoming,,Northwestern,Ball State,0.9611,Ball State,Northwestern,FBS vs FBS,fbs,fbs,away,-17.22,8.49,-28.21,16.0,Northwestern,28.21,0.0389
7,7,Week 7,2026-10-17T04:00:00.000Z,401866441,Upcoming,,Bowling Green,Ball State,0.6191,Ball State,Bowling Green,FBS vs FBS,fbs,fbs,away,-17.22,-14.87,-4.85,16.0,Bowling Green,4.85,0.3809
8,8,Week 8,2026-10-24T04:00:00.000Z,401866447,Upcoming,,Ball State,Sacramento State,0.6141,Ball State,Sacramento State,FBS vs FBS,fbs,fbs,home,-17.22,-19.36,4.64,16.0,Ball State,4.64,0.6141
10,10,Week 10,2026-11-04T05:00:00.000Z,401866455,Upcoming,,Massachusetts,Ball State,0.8102,Ball State,Massachusetts,FBS vs FBS,fbs,fbs,away,-17.22,-5.66,-14.06,16.0,Massachusetts,14.06,0.1898
11,11,Week 11,2026-11-11T05:00:00.000Z,401866461,Upcoming,,Ball State,Buffalo,0.4582,Ball State,Buffalo,FBS vs FBS,fbs,fbs,home,-17.22,-13.04,-1.68,16.0,Buffalo,1.68,0.4582
12,12,Week 12,2026-11-18T00:00:00.000Z,401866464,Upcoming,,Ohio,Ball State,0.7571,Ball State,Ohio,FBS vs FBS,fbs,fbs,away,-17.22,-8.57,-11.15,16.0,Ohio,11.15,0.2429
13,13,Week 13,2026-11-28T17:00:00.000Z,401866474,Upcoming,,Ball State,Central Michigan,0.409,Ball State,Central Michigan,FBS vs FBS,fbs,fbs,home,-17.22,-11.04,-3.68,16.0,Central Michigan,3.68,0.409
1,1,Week 1,2026-09-05T19:30:00.000Z,401856636,Final,"Baylor 16, Auburn 17",Auburn,Baylor,0.6071,Baylor,Auburn,FBS vs FBS,fbs,fbs,neutral,4.53,8.88,-4.35,16.0,Auburn,4.35,0.3929
2,2,Week 2,2026-09-13T00:08:00.000Z,401856784,Final,"Prairie View A&M 3, Baylor 44",Baylor,Prairie View A&M,0.9843,Baylor,Prairie View A&M (FCS baseline),FCS involved,fbs,fcs,home,4.53,-36.0,43.03,20.0,Baylor,43.03,0.9843
3,3,Week 3,2026-09-19T20:00:00.000Z,401867804,Final,"Louisiana Tech 19, Baylor 36",Baylor,Louisiana Tech,0.8232,Baylor,Louisiana Tech,FBS vs FBS,fbs,fbs,home,4.53,-7.81,14.84,16.0,Baylor,14.84,0.8232
4,4,Week 4,2026-09-26T16:00:00.000Z,401856813,Final,"Colorado 13, Baylor 23",Baylor,Colorado,0.7468,Baylor,Colorado,FBS vs FBS,fbs,fbs,home,4.53,-3.6,10.63,16.0,Baylor,10.63,0.7468
5,5,Week 5,2026-10-04T02:30:00.000Z,401856817,Upcoming,,Arizona State,Baylor,0.4843,Baylor,Arizona State,FBS vs FBS,fbs,fbs,away,4.53,1.4,0.63,16.0,Baylor,0.63,0.5157
7,7,Week 7,2026-10-17T04:00:00.000Z,401856832,Upcoming,,Baylor,TCU,0.5953,Baylor,TCU,FBS vs FBS,fbs,fbs,home,4.53,3.17,3.86,16.0,Baylor,3.86,0.5953
8,8,Week 8,2026-10-24T04:00:00.000Z,401856834,Upcoming,,Kansas,Baylor,0.3807,Baylor,Kansas,FBS vs FBS,fbs,fbs,away,4.53,-2.83,4.86,16.0,Baylor,4.86,0.6193
9,9,Week 9,2026-10-30T23:30:00.000Z,401856844,Upcoming,,UCF,Baylor,0.515,Baylor,UCF,FBS vs FBS,fbs,fbs,away,4.53,2.63,-0.6,16.0,UCF,0.6,0.485
10,10,Week 10,2026-11-07T05:00:00.000Z,401856853,Upcoming,,Baylor,Iowa State,0.5401,Baylor,Iowa State,FBS vs FBS,fbs,fbs,home,4.53,5.42,1.61,16.0,Baylor,1.61,0.5401
11,11,Week 11,2026-11-14T05:00:00.000Z,401856858,Upcoming,,BYU,Baylor,0.6906,Baylor,BYU,FBS vs FBS,fbs,fbs,away,4.53,9.99,-7.96,16.0,BYU,7.96,0.3094
12,12,Week 12,2026-11-21T05:00:00.000Z,401856871,Upcoming,,Baylor,Texas Tech,0.3427,Baylor,Texas Tech,FBS vs FBS,fbs,fbs,home,4.53,13.51,-6.48,16.0,Texas Tech,6.48,0.3427
13,13,Week 13,2026-11-28T05:00:00.000Z,401856874,Upcoming,,Houston,Baylor,0.6352,Baylor,Houston,FBS vs FBS,fbs,fbs,away,4.53,7.56,-5.53,16.0,Houston,5.53,0.3648
1,1,Week 1,2026-09-05T19:30:00.000Z,401858433,Final,"Boise State 27, Oregon 34",Oregon,Boise State,0.7608,Boise State,Oregon,FBS vs FBS,fbs,fbs,away,8.92,17.76,-11.34,16.0,Oregon,11.34,0.2392
2,2,Week 2,2026-09-12T22:00:00.000Z,401860881,Final,"Memphis 20, Boise State 38",Boise State,Memphis,0.7403,Boise State,Memphis,FBS vs FBS,fbs,fbs,home,8.92,1.11,10.31,16.0,Boise State,10.31,0.7403
3,3,Week 3,2026-09-20T02:00:00.000Z,401860885,Final,"South Dakota 24, Boise State 38",Boise State,South Dakota,0.9911,Boise State,South Dakota (FCS baseline),FCS involved,fbs,fcs,home,8.92,-36.0,47.42,20.0,Boise State,47.42,0.9911
4,4,Week 4,2026-09-26T19:30:00.000Z,401860897,Final,"Boise State 32, Western Michigan 7",Western Michigan,Boise State,0.278,Boise State,Western Michigan,FBS vs FBS,fbs,fbs,away,8.92,-3.0,9.42,16.0,Boise State,9.42,0.722
5,5,Week 5,2026-10-03T23:30:00.000Z,401860898,Upcoming,,Boise State,Utah State,0.8575,Boise State,Utah State,FBS vs FBS,fbs,fbs,home,8.92,-5.69,17.11,16.0,Boise State,17.11,0.8575
6,6,Week 6,2026-10-11T02:30:00.000Z,401860901,Upcoming,,Fresno State,Boise State,0.3441,Boise State,Fresno State,FBS vs FBS,fbs,fbs,away,8.92,0.0,6.42,16.0,Boise State,6.42,0.6559
8,8,Week 8,2026-10-24T22:00:00.000Z,401860907,Upcoming,,Washington State,Boise State,0.2278,Boise State,Washington State,FBS vs FBS,fbs,fbs,away,8.92,-5.52,11.94,16.0,Boise State,11.94,0.7722
9,9,Week 9,2026-11-01T02:00:00.000Z,401860908,Upcoming,,Boise State,Texas State,0.789,Boise State,Texas State,FBS vs FBS,fbs,fbs,home,8.92,-1.43,12.85,16.0,Boise State,12.85,0.789
10,10,Week 10,2026-11-07T23:00:00.000Z,401860911,Upcoming,,Colorado State,Boise State,0.2031,Boise State,Colorado State,FBS vs FBS,fbs,fbs,away,8.92,-6.87,13.29,16.0,Boise State,13.29,0.7969
11,11,Week 11,2026-11-14T23:00:00.000Z,401860914,Upcoming,,Boise State,Oregon State,0.8209,Boise State,Oregon State,FBS vs FBS,fbs,fbs,home,8.92,-3.28,14.7,16.0,Boise State,14.7,0.8209
12,12,Week 12,2026-11-22T02:30:00.000Z,401860925,Upcoming,,Boise State,San Diego State,0.8485,Boise State,San Diego State,FBS vs FBS,fbs,fbs,home,8.92,-5.06,16.48,16.0,Boise State,16.48,0.8485
1,1,Week 1,2026-09-05T19:30:00.000Z,401856777,Final,"Boston College 15, Cincinnati 34",Cincinnati,Boston College,0.7243,Boston College,Cincinnati,FBS vs FBS,fbs,fbs,away,-5.31,1.72,-9.53,16.0,Cincinnati,9.53,0.2757
2,2,Week 2,2026-09-11T23:30:00.000Z,401858214,Final,"Rutgers 21, Boston College 28",Boston College,Rutgers,0.5321,Boston College,Rutgers,FBS vs FBS,fbs,fbs,home,-5.31,-4.1,1.29,16.0,Boston College,1.29,0.5321
3,3,Week 3,2026-09-19T18:00:00.000Z,401858227,Final,"Maine 16, Boston College 22",Boston College,Maine,0.9515,Boston College,Maine (FCS baseline),FCS involved,fbs,fcs,home,-5.31,-36.0,33.19,20.0,Boston College,33.19,0.9515
4,4,Week 4,2026-09-26T16:00:00.000Z,401858242,Final,"Virginia Tech 21, Boston College 14",Boston College,Virginia Tech,0.3044,Boston College,Virginia Tech,FBS vs FBS,fbs,fbs,home,-5.31,5.38,-8.19,16.0,Virginia Tech,8.19,0.3044
5,5,Week 5,2026-10-03T16:00:00.000Z,401858246,Upcoming,,SMU,Boston College,0.8154,Boston College,SMU,FBS vs FBS,fbs,fbs,away,-5.31,6.56,-14.37,16.0,SMU,14.37,0.1846
7,7,Week 7,2026-10-17T04:00:00.000Z,401858267,Upcoming,,Boston College,Pittsburgh,0.2643,Boston College,Pittsburgh,FBS vs FBS,fbs,fbs,home,-5.31,7.27,-10.08,16.0,Pittsburgh,10.08,0.2643
8,8,Week 8,2026-10-24T04:00:00.000Z,401858273,Upcoming,,Georgia Tech,Boston College,0.6198,Boston College,Georgia Tech,FBS vs FBS,fbs,fbs,away,-5.31,-2.93,-4.88,16.0,Georgia Tech,4.88,0.3802
9,9,Week 9,2026-10-31T04:00:00.000Z,401858279,Upcoming,,Duke,Boston College,0.808,Boston College,Duke,FBS vs FBS,fbs,fbs,away,-5.31,6.12,-13.93,16.0,Duke,13.93,0.192
10,10,Week 10,2026-11-07T05:00:00.000Z,401858289,Upcoming,,Boston College,Florida State,0.3352,Boston College,Florida State,FBS vs FBS,fbs,fbs,home,-5.31,4.0,-6.81,16.0,Florida State,6.81,0.3352
11,11,Week 11,2026-11-14T20:30:00.000Z,401858294,Upcoming,,Notre Dame,Boston College,0.977,Boston College,Notre Dame,FBS vs FBS,fbs,fbs,away,-5.31,24.13,-31.94,16.0,Notre Dame,31.94,0.023
12,12,Week 12,2026-11-21T05:00:00.000Z,401858309,Upcoming,,Boston College,Syracuse,0.5252,Boston College,Syracuse,FBS vs FBS,fbs,fbs,home,-5.31,-3.82,1.01,16.0,Boston College,1.01,0.5252
13,13,Week 13,2026-11-28T05:00:00.000Z,401858311,Upcoming,,Miami,Boston College,0.9618,Boston College,Miami,FBS vs FBS,fbs,fbs,away,-5.31,20.54,-28.35,16.0,Miami,28.35,0.0382
1,1,Week 1,2026-09-05T16:00:00.000Z,401866410,Final,"Tarleton State 20, Bowling Green 13",Bowling Green,Tarleton State,0.8813,Bowling Green,Tarleton State (FCS baseline),FCS involved,fbs,fcs,home,-14.87,-36.0,23.63,20.0,Bowling Green,23.63,0.8813
2,2,Week 2,2026-09-12T23:00:00.000Z,401858441,Final,"Bowling Green 7, Nebraska 56",Nebraska,Bowling Green,0.9685,Bowling Green,Nebraska,FBS vs FBS,fbs,fbs,away,-14.87,12.37,-29.74,16.0,Nebraska,29.74,0.0315
3,3,Week 3,2026-09-19T16:00:00.000Z,401856798,Final,"Bowling Green 7, Iowa State 55",Iowa State,Bowling Green,0.9228,Bowling Green,Iowa State,FBS vs FBS,fbs,fbs,away,-14.87,5.42,-22.79,16.0,Iowa State,22.79,0.0772
4,4,Week 4,2026-09-26T21:00:00.000Z,401862785,Final,"South Florida 14, Bowling Green 6",Bowling Green,South Florida,0.1809,Bowling Green,South Florida,FBS vs FBS,fbs,fbs,home,-14.87,2.22,-14.59,16.0,South Florida,14.59,0.1809
5,5,Week 5,2026-10-03T19:30:00.000Z,401866477,Upcoming,,Miami (OH),Bowling Green,0.7235,Bowling Green,Miami (OH),FBS vs FBS,fbs,fbs,away,-14.87,-7.88,-9.49,16.0,Miami (OH),9.49,0.2765
6,6,Week 6,2026-10-10T04:00:00.000Z,401866436,Upcoming,,Bowling Green,Sacramento State,0.6689,Bowling Green,Sacramento State,FBS vs FBS,fbs,fbs,home,-14.87,-19.36,6.99,16.0,Bowling Green,6.99,0.6689
7,7,Week 7,2026-10-17T04:00:00.000Z,401866441,Upcoming,,Bowling Green,Ball State,0.6191,Bowling Green,Ball State,FBS vs FBS,fbs,fbs,home,-14.87,-17.22,4.85,16.0,Bowling Green,4.85,0.6191
8,8,Week 8,2026-10-24T04:00:00.000Z,401866448,Upcoming,,Buffalo,Bowling Green,0.6067,Bowling Green,Buffalo,FBS vs FBS,fbs,fbs,away,-14.87,-13.04,-4.33,16.0,Buffalo,4.33,0.3933
9,9,Week 9,2026-10-31T16:00:00.000Z,401866452,Upcoming,,Western Michigan,Bowling Green,0.8154,Bowling Green,Western Michigan,FBS vs FBS,fbs,fbs,away,-14.87,-3.0,-14.37,16.0,Western Michigan,14.37,0.1846
11,11,Week 11,2026-11-11T00:00:00.000Z,401866459,Upcoming,,Bowling Green,Kent State,0.6002,Bowling Green,Kent State,FBS vs FBS,fbs,fbs,home,-14.87,-16.43,4.06,16.0,Bowling Green,4.06,0.6002
12,12,Week 12,2026-11-21T00:30:00.000Z,401866468,Upcoming,,Toledo,Bowling Green,0.8639,Bowling Green,Toledo,FBS vs FBS,fbs,fbs,away,-14.87,0.2,-17.57,16.0,Toledo,17.57,0.1361
13,13,Week 13,2026-11-28T17:00:00.000Z,401866475,Upcoming,,Bowling Green,Massachusetts,0.3375,Bowling Green,Massachusetts,FBS vs FBS,fbs,fbs,home,-14.87,-5.66,-6.71,16.0,Massachusetts,6.71,0.3375
1,1,Week 1,2026-09-03T23:00:00.000Z,401866409,Final,"UAlbany 17, Buffalo 21",Buffalo,UAlbany,0.8985,Buffalo,UAlbany (FCS baseline),FCS involved,fbs,fcs,home,-13.04,-36.0,25.46,20.0,Buffalo,25.46,0.8985
2,2,Week 2,2026-09-12T22:00:00.000Z,401866414,Final,"Buffalo 20, Florida International 33",Florida International,Buffalo,0.7371,Buffalo,Florida International,FBS vs FBS,fbs,fbs,away,-13.04,-5.39,-10.15,16.0,Florida International,10.15,0.2629
3,3,Week 3,2026-09-19T16:00:00.000Z,401858456,Final,"Buffalo 13, Penn State 55",Penn State,Buffalo,0.9698,Buffalo,Penn State,FBS vs FBS,fbs,fbs,away,-13.04,14.5,-30.04,16.0,Penn State,30.04,0.0302
4,4,Week 4,2026-09-26T19:30:00.000Z,401866426,Final,"Robert Morris 28, Buffalo 31",Buffalo,Robert Morris,0.8985,Buffalo,Robert Morris (FCS baseline),FCS involved,fbs,fcs,home,-13.04,-36.0,25.46,20.0,Buffalo,25.46,0.8985
5,5,Week 5,2026-10-03T17:00:00.000Z,401866432,Upcoming,,Buffalo,Western Michigan,0.3187,Buffalo,Western Michigan,FBS vs FBS,fbs,fbs,home,-13.04,-3.0,-7.54,16.0,Western Michigan,7.54,0.3187
6,6,Week 6,2026-10-10T04:00:00.000Z,401866437,Upcoming,,Toledo,Buffalo,0.8374,Buffalo,Toledo,FBS vs FBS,fbs,fbs,away,-13.04,0.2,-15.74,16.0,Toledo,15.74,0.1626
7,7,Week 7,2026-10-17T04:00:00.000Z,401866442,Upcoming,,Buffalo,Massachusetts,0.3802,Buffalo,Massachusetts,FBS vs FBS,fbs,fbs,home,-13.04,-5.66,-4.88,16.0,Massachusetts,4.88,0.3802
8,8,Week 8,2026-10-24T04:00:00.000Z,401866448,Upcoming,,Buffalo,Bowling Green,0.6067,Buffalo,Bowling Green,FBS vs FBS,fbs,fbs,home,-13.04,-14.87,4.33,16.0,Buffalo,4.33,0.6067
10,10,Week 10,2026-11-04T00:00:00.000Z,401866454,Upcoming,,Miami (OH),Buffalo,0.6839,Buffalo,Miami (OH),FBS vs FBS,fbs,fbs,away,-13.04,-7.88,-7.66,16.0,Miami (OH),7.66,0.3161
11,11,Week 11,2026-11-11T05:00:00.000Z,401866461,Upcoming,,Ball State,Buffalo,0.4582,Buffalo,Ball State,FBS vs FBS,fbs,fbs,away,-13.04,-17.22,1.68,16.0,Buffalo,1.68,0.5418
12,12,Week 12,2026-11-18T05:00:00.000Z,401866469,Upcoming,,Buffalo,Central Michigan,0.5125,Buffalo,Central Michigan,FBS vs FBS,fbs,fbs,home,-13.04,-11.04,0.5,16.0,Buffalo,0.5,0.5125
13,13,Week 13,2026-11-27T17:00:00.000Z,401866472,Upcoming,,Akron,Buffalo,0.3752,Buffalo,Akron,FBS vs FBS,fbs,fbs,away,-13.04,-20.63,5.09,16.0,Buffalo,5.09,0.6248
1,1,Week 1,2026-09-06T02:30:00.000Z,401858210,Final,"UCLA 45, California 24",California,UCLA,0.2433,California,UCLA,FBS vs FBS,fbs,fbs,home,-3.81,9.82,-11.13,16.0,UCLA,11.13,0.2433
2,2,Week 2,2026-09-12T19:30:00.000Z,401858216,Final,"California 21, Syracuse 18",Syracuse,California,0.5618,California,Syracuse,FBS vs FBS,fbs,fbs,away,-3.81,-3.82,-2.49,16.0,Syracuse,2.49,0.4382
3,3,Week 3,2026-09-19T19:30:00.000Z,401858233,Final,"Wagner 7, California 49",California,Wagner,0.9586,California,Wagner (FCS baseline),FCS involved,fbs,fcs,home,-3.81,-36.0,34.69,20.0,California,34.69,0.9586
4,4,Week 4,2026-09-26T02:30:00.000Z,401858234,Final,"Clemson 24, California 10",California,Clemson,0.3552,California,Clemson,FBS vs FBS,fbs,fbs,home,-3.81,4.63,-5.94,16.0,Clemson,5.94,0.3552
5,5,Week 5,2026-10-03T19:30:00.000Z,401858247,Upcoming,,UNLV,California,0.6076,California,UNLV,FBS vs FBS,fbs,fbs,away,-3.81,-1.94,-4.37,16.0,UNLV,4.37,0.3924
6,6,Week 6,2026-10-10T04:00:00.000Z,401858259,Upcoming,,California,Virginia Tech,0.3379,California,Virginia Tech,FBS vs FBS,fbs,fbs,home,-3.81,5.38,-6.69,16.0,Virginia Tech,6.69,0.3379
7,7,Week 7,2026-10-17T04:00:00.000Z,401858269,Upcoming,,California,Wake Forest,0.412,California,Wake Forest,FBS vs FBS,fbs,fbs,home,-3.81,2.25,-3.56,16.0,Wake Forest,3.56,0.412
8,8,Week 8,2026-10-24T04:00:00.000Z,401858270,Upcoming,,SMU,California,0.7894,California,SMU,FBS vs FBS,fbs,fbs,away,-3.81,6.56,-12.87,16.0,SMU,12.87,0.2106
9,9,Week 9,2026-10-31T04:00:00.000Z,401858277,Upcoming,,NC State,California,0.6716,California,NC State,FBS vs FBS,fbs,fbs,away,-3.81,0.8,-7.11,16.0,NC State,7.11,0.3284
11,11,Week 11,2026-11-14T05:00:00.000Z,401858295,Upcoming,,Virginia,California,0.8051,California,Virginia,FBS vs FBS,fbs,fbs,away,-3.81,7.45,-13.76,16.0,Virginia,13.76,0.1949
12,12,Week 12,2026-11-21T05:00:00.000Z,401858308,Upcoming,,California,Stanford,0.6354,California,Stanford,FBS vs FBS,fbs,fbs,home,-3.81,-6.85,5.54,16.0,California,5.54,0.6354
13,13,Week 13,2026-11-28T05:00:00.000Z,401858315,Upcoming,,California,Pittsburgh,0.2959,California,Pittsburgh,FBS vs FBS,fbs,fbs,home,-3.81,7.27,-8.58,16.0,Pittsburgh,8.58,0.2959
1,1,Week 1,2026-09-06T02:00:00.000Z,401864498,Final,"Central Michigan 7, New Mexico 38",New Mexico,Central Michigan,0.858,Central Michigan,New Mexico,FBS vs FBS,fbs,fbs,away,-11.04,3.6,-17.14,16.0,New Mexico,17.14,0.142
2,2,Week 2,2026-09-12T17:00:00.000Z,401866415,Final,"Colgate 10, Central Michigan 13",Central Michigan,Colgate,0.9151,Central Michigan,Colgate (FCS baseline),FCS involved,fbs,fcs,home,-11.04,-36.0,27.46,20.0,Central Michigan,27.46,0.9151
3,3,Week 3,2026-09-19T17:00:00.000Z,401864508,Final,"Wyoming 10, Central Michigan 24",Central Michigan,Wyoming,0.5438,Central Michigan,Wyoming,FBS vs FBS,fbs,fbs,home,-11.04,-10.3,1.76,16.0,Central Michigan,1.76,0.5438
4,4,Week 4,2026-09-26T22:30:00.000Z,401858238,Final,"Central Michigan 3, Miami 52",Miami,Central Michigan,0.9834,Central Michigan,Miami,FBS vs FBS,fbs,fbs,away,-11.04,20.54,-34.08,16.0,Miami,34.08,0.0166
5,5,Week 5,2026-10-03T19:30:00.000Z,401866430,Upcoming,,Central Michigan,Akron,0.7751,Central Michigan,Akron,FBS vs FBS,fbs,fbs,home,-11.04,-20.63,12.09,16.0,Central Michigan,12.09,0.7751
6,6,Week 6,2026-10-10T04:00:00.000Z,401866438,Upcoming,,Ohio,Central Michigan,0.622,Central Michigan,Ohio,FBS vs FBS,fbs,fbs,away,-11.04,-8.57,-4.97,16.0,Ohio,4.97,0.378
7,7,Week 7,2026-10-17T04:00:00.000Z,401866443,Upcoming,,Central Michigan,Western Michigan,0.3646,Central Michigan,Western Michigan,FBS vs FBS,fbs,fbs,home,-11.04,-3.0,-5.54,16.0,Western Michigan,5.54,0.3646
8,8,Week 8,2026-10-24T04:00:00.000Z,401866476,Upcoming,,Central Michigan,Miami (OH),0.4835,Central Michigan,Miami (OH),FBS vs FBS,fbs,fbs,home,-11.04,-7.88,-0.66,16.0,Miami (OH),0.66,0.4835
10,10,Week 10,2026-11-04T05:00:00.000Z,401866456,Upcoming,,Eastern Michigan,Central Michigan,0.431,Central Michigan,Eastern Michigan,FBS vs FBS,fbs,fbs,neutral,-11.04,-13.82,2.78,16.0,Central Michigan,2.78,0.569
11,11,Week 11,2026-11-11T05:00:00.000Z,401866462,Upcoming,,Central Michigan,Sacramento State,0.7506,Central Michigan,Sacramento State,FBS vs FBS,fbs,fbs,home,-11.04,-19.36,10.82,16.0,Central Michigan,10.82,0.7506
12,12,Week 12,2026-11-18T05:00:00.000Z,401866469,Upcoming,,Buffalo,Central Michigan,0.5125,Central Michigan,Buffalo,FBS vs FBS,fbs,fbs,away,-11.04,-13.04,-0.5,16.0,Buffalo,0.5,0.4875
13,13,Week 13,2026-11-28T17:00:00.000Z,401866474,Upcoming,,Ball State,Central Michigan,0.409,Central Michigan,Ball State,FBS vs FBS,fbs,fbs,away,-11.04,-17.22,3.68,16.0,Central Michigan,3.68,0.591
1,1,Week 1,2026-09-05T19:30:00.000Z,401862694,Final,"The Citadel 43, Charlotte 41",Charlotte,The Citadel,0.8595,Charlotte,The Citadel (FCS baseline),FCS involved,fbs,fcs,home,-16.94,-36.0,21.56,20.0,Charlotte,21.56,0.8595
2,2,Week 2,2026-09-12T23:45:00.000Z,401856676,Final,"Charlotte 9, Ole Miss 41",Ole Miss,Charlotte,0.9764,Charlotte,Ole Miss,FBS vs FBS,fbs,fbs,away,-16.94,12.3,-31.74,16.0,Ole Miss,31.74,0.0236
3,3,Week 3,2026-09-19T22:00:00.000Z,401864574,Final,"Charlotte 21, App State 26",App State,Charlotte,0.7958,Charlotte,App State,FBS vs FBS,fbs,fbs,away,-16.94,-6.21,-13.23,16.0,App State,13.23,0.2042
4,4,Week 4,2026-09-26T22:30:00.000Z,401862780,Final,"Louisiana 34, Charlotte 7",Charlotte,Louisiana,0.2251,Charlotte,Louisiana,FBS vs FBS,fbs,fbs,home,-16.94,-2.36,-12.08,16.0,Louisiana,12.08,0.2251
5,5,Week 5,2026-10-03T19:30:00.000Z,401862787,Upcoming,,Charlotte,Memphis,0.1656,Charlotte,Memphis,FBS vs FBS,fbs,fbs,home,-16.94,1.11,-15.55,16.0,Memphis,15.55,0.1656
6,6,Week 6,2026-10-10T04:00:00.000Z,401862796,Upcoming,,North Texas,Charlotte,0.8835,Charlotte,North Texas,FBS vs FBS,fbs,fbs,away,-16.94,-0.36,-19.08,16.0,North Texas,19.08,0.1165
7,7,Week 7,2026-10-17T04:00:00.000Z,401862803,Upcoming,,Temple,Charlotte,0.8101,Charlotte,Temple,FBS vs FBS,fbs,fbs,away,-16.94,-5.39,-14.05,16.0,Temple,14.05,0.1899
9,9,Week 9,2026-10-30T23:00:00.000Z,401862813,Upcoming,,Charlotte,Tulane,0.2408,Charlotte,Tulane,FBS vs FBS,fbs,fbs,home,-16.94,-3.18,-11.26,16.0,Tulane,11.26,0.2408
10,10,Week 10,2026-11-07T05:00:00.000Z,401862819,Upcoming,,UAB,Charlotte,0.7523,Charlotte,UAB,FBS vs FBS,fbs,fbs,away,-16.94,-8.53,-10.91,16.0,UAB,10.91,0.2477
11,11,Week 11,2026-11-14T05:00:00.000Z,401862825,Upcoming,,Charlotte,East Carolina,0.2816,Charlotte,East Carolina,FBS vs FBS,fbs,fbs,home,-16.94,-5.19,-9.25,16.0,East Carolina,9.25,0.2816
12,12,Week 12,2026-11-21T05:00:00.000Z,401862832,Upcoming,,Tulsa,Charlotte,0.7909,Charlotte,Tulsa,FBS vs FBS,fbs,fbs,away,-16.94,-6.49,-12.95,16.0,Tulsa,12.95,0.2091
13,13,Week 13,2026-11-28T05:00:00.000Z,401862842,Upcoming,,Charlotte,Navy,0.274,Charlotte,Navy,FBS vs FBS,fbs,fbs,home,-16.94,-4.83,-9.61,16.0,Navy,9.61,0.274
1,1,Week 1,2026-09-05T19:30:00.000Z,401856777,Final,"Boston College 15, Cincinnati 34",Cincinnati,Boston College,0.7243,Cincinnati,Boston College,FBS vs FBS,fbs,fbs,home,1.72,-5.31,9.53,16.0,Cincinnati,9.53,0.7243
2,2,Week 2,2026-09-12T23:00:00.000Z,401856786,Final,"Western Carolina 10, Cincinnati 62",Cincinnati,Western Carolina,0.9778,Cincinnati,Western Carolina (FCS baseline),FCS involved,fbs,fcs,home,1.72,-36.0,40.22,20.0,Cincinnati,40.22,0.9778
3,3,Week 3,2026-09-19T19:30:00.000Z,401856797,Final,"Miami (OH) 31, Cincinnati 35",Cincinnati,Miami (OH),0.7753,Cincinnati,Miami (OH),FBS vs FBS,fbs,fbs,home,1.72,-7.88,12.1,16.0,Cincinnati,12.1,0.7753
4,4,Week 4,2026-09-26T23:00:00.000Z,401856814,Final,"Kansas State 26, Cincinnati 31",Cincinnati,Kansas State,0.4183,Cincinnati,Kansas State,FBS vs FBS,fbs,fbs,home,1.72,7.52,-3.3,16.0,Kansas State,3.3,0.4183
5,5,Week 5,2026-10-04T03:00:00.000Z,401856820,Upcoming,,Arizona,Cincinnati,0.6669,Cincinnati,Arizona,FBS vs FBS,fbs,fbs,away,1.72,6.12,-6.9,16.0,Arizona,6.9,0.3331
7,7,Week 7,2026-10-17T04:00:00.000Z,401856829,Upcoming,,West Virginia,Cincinnati,0.499,Cincinnati,West Virginia,FBS vs FBS,fbs,fbs,away,1.72,-0.82,0.04,16.0,Cincinnati,0.04,0.501
8,8,Week 8,2026-10-24T04:00:00.000Z,401856840,Upcoming,,Cincinnati,Texas Tech,0.2807,Cincinnati,Texas Tech,FBS vs FBS,fbs,fbs,home,1.72,13.51,-9.29,16.0,Texas Tech,9.29,0.2807
9,9,Week 9,2026-10-31T04:00:00.000Z,401856848,Upcoming,,Cincinnati,Utah,0.2184,Cincinnati,Utah,FBS vs FBS,fbs,fbs,home,1.72,16.66,-12.44,16.0,Utah,12.44,0.2184
10,10,Week 10,2026-11-07T05:00:00.000Z,401856851,Upcoming,,Houston,Cincinnati,0.6989,Cincinnati,Houston,FBS vs FBS,fbs,fbs,away,1.72,7.56,-8.34,16.0,Houston,8.34,0.3011
11,11,Week 11,2026-11-14T05:00:00.000Z,401856859,Upcoming,,Iowa State,Cincinnati,0.6508,Cincinnati,Iowa State,FBS vs FBS,fbs,fbs,away,1.72,5.42,-6.2,16.0,Iowa State,6.2,0.3492
12,12,Week 12,2026-11-21T05:00:00.000Z,401856867,Upcoming,,Cincinnati,Colorado,0.6875,Cincinnati,Colorado,FBS vs FBS,fbs,fbs,home,1.72,-3.6,7.82,16.0,Cincinnati,7.82,0.6875
13,13,Week 13,2026-11-28T05:00:00.000Z,401856876,Upcoming,,BYU,Cincinnati,0.7496,Cincinnati,BYU,FBS vs FBS,fbs,fbs,away,1.72,9.99,-10.77,16.0,BYU,10.77,0.2504
1,1,Week 1,2026-09-05T23:30:00.000Z,401856660,Final,"Clemson 10, LSU 51",LSU,Clemson,0.8567,Clemson,LSU,FBS vs FBS,fbs,fbs,away,4.63,19.18,-17.05,16.0,LSU,17.05,0.1433
2,2,Week 2,2026-09-12T23:30:00.000Z,401858219,Final,"Georgia Southern 7, Clemson 22",Clemson,Georgia Southern,0.8109,Clemson,Georgia Southern,FBS vs FBS,fbs,fbs,home,4.63,-6.97,14.1,16.0,Clemson,14.1,0.8109
3,3,Week 3,2026-09-19T16:00:00.000Z,401858229,Final,"North Carolina 20, Clemson 28",Clemson,North Carolina,0.6392,Clemson,North Carolina,FBS vs FBS,fbs,fbs,home,4.63,1.43,5.7,16.0,Clemson,5.7,0.6392
4,4,Week 4,2026-09-26T02:30:00.000Z,401858234,Final,"Clemson 24, California 10",California,Clemson,0.3552,Clemson,California,FBS vs FBS,fbs,fbs,away,4.63,-3.81,5.94,16.0,Clemson,5.94,0.6448
5,5,Week 5,2026-10-03T23:30:00.000Z,401858249,Upcoming,,Clemson,Miami,0.201,Clemson,Miami,FBS vs FBS,fbs,fbs,home,4.63,20.54,-13.41,16.0,Miami,13.41,0.201
7,7,Week 7,2026-10-17T04:00:00.000Z,401858261,Upcoming,,Clemson,Charleston Southern,0.9845,Clemson,Charleston Southern (FCS baseline),FCS involved,fbs,fcs,home,4.63,-36.0,43.13,20.0,Clemson,43.13,0.9845
8,8,Week 8,2026-10-24T04:00:00.000Z,401858276,Upcoming,,Clemson,Virginia Tech,0.5435,Clemson,Virginia Tech,FBS vs FBS,fbs,fbs,home,4.63,5.38,1.75,16.0,Clemson,1.75,0.5435
9,9,Week 9,2026-10-31T04:00:00.000Z,401858280,Upcoming,,Florida State,Clemson,0.5465,Clemson,Florida State,FBS vs FBS,fbs,fbs,away,4.63,4.0,-1.87,16.0,Florida State,1.87,0.4535
10,10,Week 10,2026-11-07T05:00:00.000Z,401858285,Upcoming,,Syracuse,Clemson,0.355,Clemson,Syracuse,FBS vs FBS,fbs,fbs,away,4.63,-3.82,5.95,16.0,Clemson,5.95,0.645
11,11,Week 11,2026-11-14T05:00:00.000Z,401858297,Upcoming,,Clemson,Georgia Tech,0.7352,Clemson,Georgia Tech,FBS vs FBS,fbs,fbs,home,4.63,-2.93,10.06,16.0,Clemson,10.06,0.7352
12,12,Week 12,2026-11-21T00:30:00.000Z,401858303,Upcoming,,Duke,Clemson,0.5985,Clemson,Duke,FBS vs FBS,fbs,fbs,away,4.63,6.12,-3.99,16.0,Duke,3.99,0.4015
13,13,Week 13,2026-11-28T05:00:00.000Z,401856764,Upcoming,,Clemson,South Carolina,0.5105,Clemson,South Carolina,FBS vs FBS,fbs,fbs,home,4.63,6.71,0.42,16.0,Clemson,0.42,0.5105
1,1,Week 1,2026-09-05T16:00:00.000Z,401856780,Final,"Coastal Carolina 24, West Virginia 31",West Virginia,Coastal Carolina,0.7639,Coastal Carolina,West Virginia,FBS vs FBS,fbs,fbs,away,-9.82,-0.82,-11.5,16.0,West Virginia,11.5,0.2361
2,2,Week 2,2026-09-12T23:30:00.000Z,401868008,Final,"Fordham 7, Coastal Carolina 45",Coastal Carolina,Fordham,0.9242,Coastal Carolina,Fordham (FCS baseline),FCS involved,fbs,fcs,home,-9.82,-36.0,28.68,20.0,Coastal Carolina,28.68,0.9242
3,3,Week 3,2026-09-19T15:30:00.000Z,401869940,Final,"Coastal Carolina 14, Delaware 22",Delaware,Coastal Carolina,0.5771,Coastal Carolina,Delaware,FBS vs FBS,fbs,fbs,away,-9.82,-9.21,-3.11,16.0,Delaware,3.11,0.4229
4,4,Week 4,2026-09-24T23:30:00.000Z,401869941,Final,"Liberty 34, Coastal Carolina 17",Coastal Carolina,Liberty,0.2295,Coastal Carolina,Liberty,FBS vs FBS,fbs,fbs,home,-9.82,4.53,-11.85,16.0,Liberty,11.85,0.2295
5,5,Week 5,2026-10-03T23:00:00.000Z,401869942,Upcoming,,Coastal Carolina,Georgia Southern,0.4913,Coastal Carolina,Georgia Southern,FBS vs FBS,fbs,fbs,home,-9.82,-6.97,-0.35,16.0,Georgia Southern,0.35,0.4913
6,6,Week 6,2026-10-10T04:00:00.000Z,401869943,Upcoming,,Marshall,Coastal Carolina,0.6466,Coastal Carolina,Marshall,FBS vs FBS,fbs,fbs,away,-9.82,-6.3,-6.02,16.0,Marshall,6.02,0.3534
7,7,Week 7,2026-10-17T00:00:00.000Z,401869844,Upcoming,,Coastal Carolina,App State,0.4723,Coastal Carolina,App State,FBS vs FBS,fbs,fbs,home,-9.82,-6.21,-1.11,16.0,App State,1.11,0.4723
9,9,Week 9,2026-10-31T04:00:00.000Z,401869944,Upcoming,,Georgia State,Coastal Carolina,0.6566,Coastal Carolina,Georgia State,FBS vs FBS,fbs,fbs,away,-9.82,-5.87,-6.45,16.0,Georgia State,6.45,0.3434
10,10,Week 10,2026-11-07T05:00:00.000Z,401869945,Upcoming,,Coastal Carolina,Old Dominion,0.5677,Coastal Carolina,Old Dominion,FBS vs FBS,fbs,fbs,home,-9.82,-10.05,2.73,16.0,Coastal Carolina,2.73,0.5677
11,11,Week 11,2026-11-14T05:00:00.000Z,401869937,Upcoming,,Coastal Carolina,Arkansas State,0.5549,Coastal Carolina,Arkansas State,FBS vs FBS,fbs,fbs,home,-9.82,-9.53,2.21,16.0,Coastal Carolina,2.21,0.5549
12,12,Week 12,2026-11-21T05:00:00.000Z,401869946,Upcoming,,Louisiana,Coastal Carolina,0.7332,Coastal Carolina,Louisiana,FBS vs FBS,fbs,fbs,away,-9.82,-2.36,-9.96,16.0,Louisiana,9.96,0.2668
13,13,Week 13,2026-11-28T05:00:00.000Z,401869947,Upcoming,,James Madison,Coastal Carolina,0.8909,Coastal Carolina,James Madison,FBS vs FBS,fbs,fbs,away,-9.82,7.38,-19.7,16.0,James Madison,19.7,0.1091
1,1,Week 1,2026-09-04T00:00:00.000Z,401856776,Final,"Colorado 14, Georgia Tech 13",Georgia Tech,Colorado,0.5785,Colorado,Georgia Tech,FBS vs FBS,fbs,fbs,away,-3.6,-2.93,-3.17,16.0,Georgia Tech,3.17,0.4215
2,2,Week 2,2026-09-12T19:30:00.000Z,401856785,Final,"Weber State 21, Colorado 52",Colorado,Weber State,0.9595,Colorado,Weber State (FCS baseline),FCS involved,fbs,fcs,home,-3.6,-36.0,34.9,20.0,Colorado,34.9,0.9595
3,3,Week 3,2026-09-19T23:30:00.000Z,401856796,Final,"Colorado 7, Northwestern 41",Northwestern,Colorado,0.8191,Colorado,Northwestern,FBS vs FBS,fbs,fbs,away,-3.6,8.49,-14.59,16.0,Northwestern,14.59,0.1809
4,4,Week 4,2026-09-26T16:00:00.000Z,401856813,Final,"Colorado 13, Baylor 23",Baylor,Colorado,0.7468,Colorado,Baylor,FBS vs FBS,fbs,fbs,away,-3.6,4.53,-10.63,16.0,Baylor,10.63,0.2532
5,5,Week 5,2026-10-03T23:30:00.000Z,401856821,Upcoming,,Colorado,Texas Tech,0.1806,Colorado,Texas Tech,FBS vs FBS,fbs,fbs,home,-3.6,13.51,-14.61,16.0,Texas Tech,14.61,0.1806
7,7,Week 7,2026-10-17T04:00:00.000Z,401856833,Upcoming,,Colorado,Utah,0.1335,Colorado,Utah,FBS vs FBS,fbs,fbs,home,-3.6,16.66,-17.76,16.0,Utah,17.76,0.1335
8,8,Week 8,2026-10-24T04:00:00.000Z,401856836,Upcoming,,Oklahoma State,Colorado,0.6754,Colorado,Oklahoma State,FBS vs FBS,fbs,fbs,away,-3.6,1.18,-7.28,16.0,Oklahoma State,7.28,0.3246
9,9,Week 9,2026-10-31T04:00:00.000Z,401856846,Upcoming,,Colorado,Kansas State,0.295,Colorado,Kansas State,FBS vs FBS,fbs,fbs,home,-3.6,7.52,-8.62,16.0,Kansas State,8.62,0.295
10,10,Week 10,2026-11-07T05:00:00.000Z,401856852,Upcoming,,Arizona State,Colorado,0.6804,Colorado,Arizona State,FBS vs FBS,fbs,fbs,away,-3.6,1.4,-7.5,16.0,Arizona State,7.5,0.3196
11,11,Week 11,2026-11-14T03:15:00.000Z,401856860,Upcoming,,Colorado,Houston,0.2942,Colorado,Houston,FBS vs FBS,fbs,fbs,home,-3.6,7.56,-8.66,16.0,Houston,8.66,0.2942
12,12,Week 12,2026-11-21T05:00:00.000Z,401856867,Upcoming,,Cincinnati,Colorado,0.6875,Colorado,Cincinnati,FBS vs FBS,fbs,fbs,away,-3.6,1.72,-7.82,16.0,Cincinnati,7.82,0.3125
13,13,Week 13,2026-11-28T05:00:00.000Z,401856875,Upcoming,,Colorado,UCF,0.4078,Colorado,UCF,FBS vs FBS,fbs,fbs,home,-3.6,2.63,-3.73,16.0,UCF,3.73,0.4078
1,1,Week 1,2026-09-05T22:00:00.000Z,401860878,Final,"Wyoming 13, Colorado State 35",Colorado State,Wyoming,0.6445,Colorado State,Wyoming,FBS vs FBS,fbs,fbs,home,-6.87,-10.3,5.93,16.0,Colorado State,5.93,0.6445
2,2,Week 2,2026-09-12T23:00:00.000Z,401860882,Final,"Southern Utah 24, Colorado State 58",Colorado State,Southern Utah,0.9431,Colorado State,Southern Utah (FCS baseline),FCS involved,fbs,fcs,home,-6.87,-36.0,31.63,20.0,Colorado State,31.63,0.9431
3,3,Week 3,2026-09-19T23:30:00.000Z,401856795,Final,"BYU 41, Colorado State 23",Colorado State,BYU,0.1847,Colorado State,BYU,FBS vs FBS,fbs,fbs,home,-6.87,9.99,-14.36,16.0,BYU,14.36,0.1847
4,4,Week 4,2026-09-26T16:00:00.000Z,401860896,Final,"Colorado State 45, UTSA 59",UTSA,Colorado State,0.7478,Colorado State,UTSA,FBS vs FBS,fbs,fbs,away,-6.87,1.31,-10.68,16.0,UTSA,10.68,0.2522
5,5,Week 5,2026-10-03T22:00:00.000Z,401860899,Upcoming,,Colorado State,Oregon State,0.4728,Colorado State,Oregon State,FBS vs FBS,fbs,fbs,home,-6.87,-3.28,-1.09,16.0,Oregon State,1.09,0.4728
7,7,Week 7,2026-10-16T00:00:00.000Z,401860923,Upcoming,,Texas State,Colorado State,0.6901,Colorado State,Texas State,FBS vs FBS,fbs,fbs,away,-6.87,-1.43,-7.94,16.0,Texas State,7.94,0.3099
8,8,Week 8,2026-10-24T22:30:00.000Z,401860905,Upcoming,,Colorado State,San Diego State,0.5172,Colorado State,San Diego State,FBS vs FBS,fbs,fbs,home,-6.87,-5.06,0.69,16.0,Colorado State,0.69,0.5172
9,9,Week 9,2026-10-31T19:30:00.000Z,401860910,Upcoming,,Utah State,Colorado State,0.591,Colorado State,Utah State,FBS vs FBS,fbs,fbs,away,-6.87,-5.69,-3.68,16.0,Utah State,3.68,0.409
10,10,Week 10,2026-11-07T23:00:00.000Z,401860911,Upcoming,,Colorado State,Boise State,0.2031,Colorado State,Boise State,FBS vs FBS,fbs,fbs,home,-6.87,8.92,-13.29,16.0,Boise State,13.29,0.2031
11,11,Week 11,2026-11-15T03:30:00.000Z,401860917,Upcoming,,Washington State,Colorado State,0.5951,Colorado State,Washington State,FBS vs FBS,fbs,fbs,away,-6.87,-5.52,-3.85,16.0,Washington State,3.85,0.4049
12,12,Week 12,2026-11-22T00:30:00.000Z,401860918,Upcoming,,Fresno State,Colorado State,0.7209,Colorado State,Fresno State,FBS vs FBS,fbs,fbs,away,-6.87,0.0,-9.37,16.0,Fresno State,9.37,0.2791
1,1,Week 1,2026-09-03T23:00:00.000Z,401864424,Final,"Merrimack 7, Delaware 42",Delaware,Merrimack,0.9285,Delaware,Merrimack (FCS baseline),FCS involved,fbs,fcs,home,-9.21,-36.0,29.29,20.0,Delaware,29.29,0.9285
2,2,Week 2,2026-09-12T20:15:00.000Z,401856684,Final,"Delaware 26, Vanderbilt 35",Vanderbilt,Delaware,0.8394,Delaware,Vanderbilt,FBS vs FBS,fbs,fbs,away,-9.21,4.16,-15.87,16.0,Vanderbilt,15.87,0.1606
3,3,Week 3,2026-09-19T15:30:00.000Z,401869940,Final,"Coastal Carolina 14, Delaware 22",Delaware,Coastal Carolina,0.5771,Delaware,Coastal Carolina,FBS vs FBS,fbs,fbs,home,-9.21,-9.82,3.11,16.0,Delaware,3.11,0.5771
4,4,Week 4,2026-09-26T22:00:00.000Z,401858239,Final,"Delaware 3, Virginia 42",Virginia,Delaware,0.8844,Delaware,Virginia,FBS vs FBS,fbs,fbs,away,-9.21,7.45,-19.16,16.0,Virginia,19.16,0.1156
5,5,Week 5,2026-10-02T23:00:00.000Z,401871050,Upcoming,,Delaware,Liberty,0.2412,Delaware,Liberty,FBS vs FBS,fbs,fbs,home,-9.21,4.53,-11.24,16.0,Liberty,11.24,0.2412
7,7,Week 7,2026-10-13T23:00:00.000Z,401871067,Upcoming,,Middle Tennessee,Delaware,0.5822,Delaware,Middle Tennessee,FBS vs FBS,fbs,fbs,away,-9.21,-8.39,-3.32,16.0,Middle Tennessee,3.32,0.4178
8,8,Week 8,2026-10-20T23:00:00.000Z,401871069,Upcoming,,Delaware,Missouri State,0.6321,Delaware,Missouri State,FBS vs FBS,fbs,fbs,home,-9.21,-12.11,5.4,16.0,Delaware,5.4,0.6321
9,9,Week 9,2026-10-27T23:00:00.000Z,401871071,Upcoming,,Western Kentucky,Delaware,0.4756,Delaware,Western Kentucky,FBS vs FBS,fbs,fbs,away,-9.21,-12.69,0.98,16.0,Delaware,0.98,0.5244
10,10,Week 10,2026-11-07T20:00:00.000Z,401871073,Upcoming,,Kennesaw State,Delaware,0.503,Delaware,Kennesaw State,FBS vs FBS,fbs,fbs,away,-9.21,-11.59,-0.12,16.0,Kennesaw State,0.12,0.497
11,11,Week 11,2026-11-14T20:00:00.000Z,401871060,Upcoming,,Delaware,Florida International,0.4671,Delaware,Florida International,FBS vs FBS,fbs,fbs,home,-9.21,-5.39,-1.32,16.0,Florida International,1.32,0.4671
12,12,Week 12,2026-11-21T20:00:00.000Z,401871077,Upcoming,,New Mexico State,Delaware,0.4473,Delaware,New Mexico State,FBS vs FBS,fbs,fbs,away,-9.21,-13.83,2.12,16.0,Delaware,2.12,0.5527
13,13,Week 13,2026-11-28T20:30:00.000Z,401871062,Upcoming,,Delaware,Jacksonville State,0.4689,Delaware,Jacksonville State,FBS vs FBS,fbs,fbs,home,-9.21,-5.46,-1.25,16.0,Jacksonville State,1.25,0.4689
1,1,Week 1,2026-09-05T19:30:00.000Z,401858209,Final,"Tulane 3, Duke 17",Duke,Tulane,0.7696,Duke,Tulane,FBS vs FBS,fbs,fbs,home,6.12,-3.18,11.8,16.0,Duke,11.8,0.7696
2,2,Week 2,2026-09-12T19:30:00.000Z,401858217,Final,"Duke 31, Illinois 27",Illinois,Duke,0.5137,Duke,Illinois,FBS vs FBS,fbs,fbs,away,6.12,4.17,-0.55,16.0,Illinois,0.55,0.4863
3,3,Week 3,2026-09-19T20:00:00.000Z,401858231,Final,"Stanford 7, Duke 35",Duke,Stanford,0.8332,Duke,Stanford,FBS vs FBS,fbs,fbs,home,6.12,-6.85,15.47,16.0,Duke,15.47,0.8332
4,4,Week 4,2026-09-26T19:30:00.000Z,401858244,Final,"William & Mary 7, Duke 62",Duke,William & Mary,0.9872,Duke,William & Mary (FCS baseline),FCS involved,fbs,fcs,home,6.12,-36.0,44.62,20.0,Duke,44.62,0.9872
6,6,Week 6,2026-10-10T04:00:00.000Z,401858255,Upcoming,,Georgia Tech,Duke,0.3411,Duke,Georgia Tech,FBS vs FBS,fbs,fbs,away,6.12,-2.93,6.55,16.0,Duke,6.55,0.6589
7,7,Week 7,2026-10-17T04:00:00.000Z,401858266,Upcoming,,Duke,North Carolina,0.6734,Duke,North Carolina,FBS vs FBS,fbs,fbs,home,6.12,1.43,7.19,16.0,Duke,7.19,0.6734
8,8,Week 8,2026-10-23T23:00:00.000Z,401858271,Upcoming,,Virginia,Duke,0.5946,Duke,Virginia,FBS vs FBS,fbs,fbs,away,6.12,7.45,-3.83,16.0,Virginia,3.83,0.4054
9,9,Week 9,2026-10-31T04:00:00.000Z,401858279,Upcoming,,Duke,Boston College,0.808,Duke,Boston College,FBS vs FBS,fbs,fbs,home,6.12,-5.31,13.93,16.0,Duke,13.93,0.808
10,10,Week 10,2026-11-07T05:00:00.000Z,401858286,Upcoming,,NC State,Duke,0.43,Duke,NC State,FBS vs FBS,fbs,fbs,away,6.12,0.8,2.82,16.0,Duke,2.82,0.57
11,11,Week 11,2026-11-14T05:00:00.000Z,401858296,Upcoming,,Miami,Duke,0.8549,Duke,Miami,FBS vs FBS,fbs,fbs,away,6.12,20.54,-16.92,16.0,Miami,16.92,0.1451
12,12,Week 12,2026-11-21T00:30:00.000Z,401858303,Upcoming,,Duke,Clemson,0.5985,Duke,Clemson,FBS vs FBS,fbs,fbs,home,6.12,4.63,3.99,16.0,Duke,3.99,0.5985
13,13,Week 13,2026-11-28T05:00:00.000Z,401858312,Upcoming,,Wake Forest,Duke,0.4659,Duke,Wake Forest,FBS vs FBS,fbs,fbs,away,6.12,2.25,1.37,16.0,Duke,1.37,0.5341
1,1,Week 1,2026-09-05T16:00:00.000Z,401856634,Final,"East Carolina 10, Alabama 48",Alabama,East Carolina,0.9631,East Carolina,Alabama,FBS vs FBS,fbs,fbs,away,-5.19,20.91,-28.6,16.0,Alabama,28.6,0.0369
2,2,Week 2,2026-09-12T16:00:00.000Z,401864571,Final,"App State 27, East Carolina 24",East Carolina,App State,0.5871,East Carolina,App State,FBS vs FBS,fbs,fbs,home,-5.19,-6.21,3.52,16.0,East Carolina,3.52,0.5871
3,3,Week 3,2026-09-19T22:00:00.000Z,401862710,Final,"East Carolina 20, Old Dominion 17",Old Dominion,East Carolina,0.4414,East Carolina,Old Dominion,FBS vs FBS,fbs,fbs,away,-5.19,-10.05,2.36,16.0,East Carolina,2.36,0.5586
4,4,Week 4,2026-09-26T20:00:00.000Z,401862781,Final,"North Carolina Central 9, East Carolina 42",East Carolina,North Carolina Central,0.9521,East Carolina,North Carolina Central (FCS baseline),FCS involved,fbs,fcs,home,-5.19,-36.0,33.31,20.0,East Carolina,33.31,0.9521
6,6,Week 6,2026-10-10T04:00:00.000Z,401862797,Upcoming,,East Carolina,Rice,0.7043,East Carolina,Rice,FBS vs FBS,fbs,fbs,home,-5.19,-11.28,8.59,16.0,East Carolina,8.59,0.7043
7,7,Week 7,2026-10-15T23:30:00.000Z,401862800,Upcoming,,UAB,East Carolina,0.4791,East Carolina,UAB,FBS vs FBS,fbs,fbs,away,-5.19,-8.53,0.84,16.0,East Carolina,0.84,0.5209
8,8,Week 8,2026-10-22T23:30:00.000Z,401862807,Upcoming,,Memphis,East Carolina,0.7088,East Carolina,Memphis,FBS vs FBS,fbs,fbs,away,-5.19,1.11,-8.8,16.0,Memphis,8.8,0.2912
9,9,Week 9,2026-10-31T04:00:00.000Z,401862815,Upcoming,,East Carolina,Temple,0.567,East Carolina,Temple,FBS vs FBS,fbs,fbs,home,-5.19,-5.39,2.7,16.0,East Carolina,2.7,0.567
10,10,Week 10,2026-11-07T00:30:00.000Z,401862818,Upcoming,,East Carolina,South Florida,0.3795,East Carolina,South Florida,FBS vs FBS,fbs,fbs,home,-5.19,2.22,-4.91,16.0,South Florida,4.91,0.3795
11,11,Week 11,2026-11-14T05:00:00.000Z,401862825,Upcoming,,Charlotte,East Carolina,0.2816,East Carolina,Charlotte,FBS vs FBS,fbs,fbs,away,-5.19,-16.94,9.25,16.0,East Carolina,9.25,0.7184
12,12,Week 12,2026-11-21T17:00:00.000Z,401862831,Upcoming,,Army,East Carolina,0.6165,East Carolina,Army,FBS vs FBS,fbs,fbs,away,-5.19,-2.95,-4.74,16.0,Army,4.74,0.3835
13,13,Week 13,2026-11-27T05:00:00.000Z,401862837,Upcoming,,East Carolina,Florida Atlantic,0.5423,East Carolina,Florida Atlantic,FBS vs FBS,fbs,fbs,home,-5.19,-4.39,1.7,16.0,East Carolina,1.7,0.5423
1,0,Week 0,2026-08-29T22:30:00.000Z,401866408,Final,"Sacramento State 17, Eastern Michigan 28",Eastern Michigan,Sacramento State,0.6923,Eastern Michigan,Sacramento State,FBS vs FBS,fbs,fbs,home,-13.82,-19.36,8.04,16.0,Eastern Michigan,8.04,0.6923
1,1,Week 1,2026-09-04T22:30:00.000Z,401864495,Final,"San José State 27, Eastern Michigan 21",Eastern Michigan,San José State,0.4071,Eastern Michigan,San José State,FBS vs FBS,fbs,fbs,home,-13.82,-7.56,-3.76,16.0,San José State,3.76,0.4071
2,2,Week 2,2026-09-12T19:30:00.000Z,401858440,Final,"Eastern Michigan 7, Michigan State 35",Michigan State,Eastern Michigan,0.8798,Eastern Michigan,Michigan State,FBS vs FBS,fbs,fbs,away,-13.82,2.46,-18.78,16.0,Michigan State,18.78,0.1202
3,3,Week 3,2026-09-19T16:30:00.000Z,401858460,Final,"Eastern Michigan 10, Wisconsin 54",Wisconsin,Eastern Michigan,0.9371,Eastern Michigan,Wisconsin,FBS vs FBS,fbs,fbs,away,-13.82,8.18,-24.5,16.0,Wisconsin,24.5,0.0629
4,4,Week 4,2026-09-26T17:00:00.000Z,401866427,Final,"Lindenwood 3, Eastern Michigan 29",Eastern Michigan,Lindenwood,0.8914,Eastern Michigan,Lindenwood (FCS baseline),FCS involved,fbs,fcs,home,-13.82,-36.0,24.68,20.0,Eastern Michigan,24.68,0.8914
5,5,Week 5,2026-10-03T19:30:00.000Z,401866433,Upcoming,,Massachusetts,Eastern Michigan,0.7474,Eastern Michigan,Massachusetts,FBS vs FBS,fbs,fbs,away,-13.82,-5.66,-10.66,16.0,Massachusetts,10.66,0.2526
6,6,Week 6,2026-10-10T19:30:00.000Z,401866435,Upcoming,,Akron,Eastern Michigan,0.3938,Eastern Michigan,Akron,FBS vs FBS,fbs,fbs,away,-13.82,-20.63,4.31,16.0,Eastern Michigan,4.31,0.6062
7,7,Week 7,2026-10-17T04:00:00.000Z,401866444,Upcoming,,Eastern Michigan,Toledo,0.2358,Eastern Michigan,Toledo,FBS vs FBS,fbs,fbs,home,-13.82,0.2,-11.52,16.0,Toledo,11.52,0.2358
8,8,Week 8,2026-10-24T04:00:00.000Z,401866449,Upcoming,,Ohio,Eastern Michigan,0.6859,Eastern Michigan,Ohio,FBS vs FBS,fbs,fbs,away,-13.82,-8.57,-7.75,16.0,Ohio,7.75,0.3141
10,10,Week 10,2026-11-04T05:00:00.000Z,401866456,Upcoming,,Eastern Michigan,Central Michigan,0.431,Eastern Michigan,Central Michigan,FBS vs FBS,fbs,fbs,neutral,-13.82,-11.04,-2.78,16.0,Central Michigan,2.78,0.431
12,12,Week 12,2026-11-18T00:00:00.000Z,401866465,Upcoming,,Western Michigan,Eastern Michigan,0.7974,Eastern Michigan,Western Michigan,FBS vs FBS,fbs,fbs,away,-13.82,-3.0,-13.32,16.0,Western Michigan,13.32,0.2026
13,13,Week 13,2026-11-25T00:00:00.000Z,401866470,Upcoming,,Eastern Michigan,Kent State,0.6253,Eastern Michigan,Kent State,FBS vs FBS,fbs,fbs,home,-13.82,-16.43,5.11,16.0,Eastern Michigan,5.11,0.6253
1,1,Week 1,2026-09-05T23:45:00.000Z,401856637,Final,"Florida Atlantic 21, Florida 66",Florida,Florida Atlantic,0.9306,Florida,Florida Atlantic,FBS vs FBS,fbs,fbs,home,16.8,-4.39,23.69,16.0,Florida,23.69,0.9306
2,2,Week 2,2026-09-12T21:30:00.000Z,401856672,Final,"Campbell 3, Florida 52",Florida,Campbell,0.9972,Florida,Campbell (FCS baseline),FCS involved,fbs,fcs,home,16.8,-36.0,55.3,20.0,Florida,55.3,0.9972
3,3,Week 3,2026-09-19T23:00:00.000Z,401856687,Final,"Florida 44, Auburn 39",Auburn,Florida,0.3674,Florida,Auburn,FBS vs FBS,fbs,fbs,away,16.8,8.88,5.42,16.0,Florida,5.42,0.6326
4,4,Week 4,2026-09-26T19:30:00.000Z,401856699,Final,"Ole Miss 28, Florida 52",Florida,Ole Miss,0.6691,Florida,Ole Miss,FBS vs FBS,fbs,fbs,home,16.8,12.3,7.0,16.0,Florida,7.0,0.6691
5,5,Week 5,2026-10-03T19:30:00.000Z,401856708,Upcoming,,Missouri,Florida,0.3499,Florida,Missouri,FBS vs FBS,fbs,fbs,away,16.8,8.13,6.17,16.0,Florida,6.17,0.6501
6,6,Week 6,2026-10-10T04:00:00.000Z,401856714,Upcoming,,Florida,South Carolina,0.7843,Florida,South Carolina,FBS vs FBS,fbs,fbs,home,16.8,6.71,12.59,16.0,Florida,12.59,0.7843
7,7,Week 7,2026-10-17T04:00:00.000Z,401856724,Upcoming,,Texas,Florida,0.6639,Florida,Texas,FBS vs FBS,fbs,fbs,away,16.8,21.07,-6.77,16.0,Texas,6.77,0.3361
9,9,Week 9,2026-10-31T19:30:00.000Z,401856734,Upcoming,,Georgia,Florida,0.6646,Florida,Georgia,FBS vs FBS,fbs,fbs,neutral,16.8,23.6,-6.8,16.0,Georgia,6.8,0.3354
10,10,Week 10,2026-11-07T05:00:00.000Z,401856739,Upcoming,,Florida,Oklahoma,0.703,Florida,Oklahoma,FBS vs FBS,fbs,fbs,home,16.8,10.77,8.53,16.0,Florida,8.53,0.703
11,11,Week 11,2026-11-14T05:00:00.000Z,401856884,Upcoming,,Kentucky,Florida,0.3077,Florida,Kentucky,FBS vs FBS,fbs,fbs,away,16.8,6.26,8.04,16.0,Florida,8.04,0.6923
12,12,Week 12,2026-11-21T05:00:00.000Z,401856748,Upcoming,,Florida,Vanderbilt,0.828,Florida,Vanderbilt,FBS vs FBS,fbs,fbs,home,16.8,4.16,15.14,16.0,Florida,15.14,0.828
13,13,Week 13,2026-11-27T20:30:00.000Z,401856759,Upcoming,,Florida State,Florida,0.2599,Florida,Florida State,FBS vs FBS,fbs,fbs,away,16.8,4.0,10.3,16.0,Florida,10.3,0.7401
1,1,Week 1,2026-09-05T23:45:00.000Z,401856637,Final,"Florida Atlantic 21, Florida 66",Florida,Florida Atlantic,0.9306,Florida Atlantic,Florida,FBS vs FBS,fbs,fbs,away,-4.39,16.8,-23.69,16.0,Florida,23.69,0.0694
2,2,Week 2,2026-09-12T23:30:00.000Z,401862703,Final,"Navy 30, Florida Atlantic 38",Florida Atlantic,Navy,0.5729,Florida Atlantic,Navy,FBS vs FBS,fbs,fbs,home,-4.39,-4.83,2.94,16.0,Florida Atlantic,2.94,0.5729
3,3,Week 3,2026-09-19T22:00:00.000Z,401862771,Final,"Florida International 10, Florida Atlantic 16",Florida Atlantic,Florida International,0.5866,Florida Atlantic,Florida International,FBS vs FBS,fbs,fbs,home,-4.39,-5.39,3.5,16.0,Florida Atlantic,3.5,0.5866
4,4,Week 4,2026-09-27T00:00:00.000Z,401862782,Final,"Florida Atlantic 45, UL Monroe 17",UL Monroe,Florida Atlantic,0.2461,Florida Atlantic,UL Monroe,FBS vs FBS,fbs,fbs,away,-4.39,-17.88,10.99,16.0,Florida Atlantic,10.99,0.7539
5,5,Week 5,2026-10-03T22:00:00.000Z,401862790,Upcoming,,Florida Atlantic,Texas Southern,0.9559,Florida Atlantic,Texas Southern (FCS baseline),FCS involved,fbs,fcs,home,-4.39,-36.0,34.11,20.0,Florida Atlantic,34.11,0.9559
7,7,Week 7,2026-10-17T16:00:00.000Z,401862802,Upcoming,,Army,Florida Atlantic,0.5973,Florida Atlantic,Army,FBS vs FBS,fbs,fbs,away,-4.39,-2.95,-3.94,16.0,Army,3.94,0.4027
8,8,Week 8,2026-10-24T04:00:00.000Z,401862809,Upcoming,,Florida Atlantic,Rice,0.7214,Florida Atlantic,Rice,FBS vs FBS,fbs,fbs,home,-4.39,-11.28,9.39,16.0,Florida Atlantic,9.39,0.7214
9,9,Week 9,2026-10-29T23:30:00.000Z,401862812,Upcoming,,North Texas,Florida Atlantic,0.6584,Florida Atlantic,North Texas,FBS vs FBS,fbs,fbs,away,-4.39,-0.36,-6.53,16.0,North Texas,6.53,0.3416
10,10,Week 10,2026-11-06T01:00:00.000Z,401862817,Upcoming,,Florida Atlantic,UTSA,0.4207,Florida Atlantic,UTSA,FBS vs FBS,fbs,fbs,home,-4.39,1.31,-3.2,16.0,UTSA,3.2,0.4207
11,11,Week 11,2026-11-14T05:00:00.000Z,401862826,Upcoming,,Tulsa,Florida Atlantic,0.51,Florida Atlantic,Tulsa,FBS vs FBS,fbs,fbs,away,-4.39,-6.49,-0.4,16.0,Tulsa,0.4,0.49
12,12,Week 12,2026-11-21T05:00:00.000Z,401862833,Upcoming,,Florida Atlantic,South Florida,0.3986,Florida Atlantic,South Florida,FBS vs FBS,fbs,fbs,home,-4.39,2.22,-4.11,16.0,South Florida,4.11,0.3986
13,13,Week 13,2026-11-27T05:00:00.000Z,401862837,Upcoming,,East Carolina,Florida Atlantic,0.5423,Florida Atlantic,East Carolina,FBS vs FBS,fbs,fbs,away,-4.39,-5.19,-1.7,16.0,East Carolina,1.7,0.4577
1,1,Week 1,2026-09-05T23:00:00.000Z,401862699,Final,"Florida International 9, South Florida 19",South Florida,Florida International,0.7363,Florida International,South Florida,FBS vs FBS,fbs,fbs,away,-5.39,2.22,-10.11,16.0,South Florida,10.11,0.2637
2,2,Week 2,2026-09-12T22:00:00.000Z,401866414,Final,"Buffalo 20, Florida International 33",Florida International,Buffalo,0.7371,Florida International,Buffalo,FBS vs FBS,fbs,fbs,home,-5.39,-13.04,10.15,16.0,Florida International,10.15,0.7371
3,3,Week 3,2026-09-19T22:00:00.000Z,401862771,Final,"Florida International 10, Florida Atlantic 16",Florida Atlantic,Florida International,0.5866,Florida International,Florida Atlantic,FBS vs FBS,fbs,fbs,away,-5.39,-4.39,-3.5,16.0,Florida Atlantic,3.5,0.4134
4,4,Week 4,2026-09-26T22:00:00.000Z,401867909,Final,"Long Island University 3, Florida International 20",Florida International,Long Island University,0.9511,Florida International,Long Island University (FCS baseline),FCS involved,fbs,fcs,home,-5.39,-36.0,33.11,20.0,Florida International,33.11,0.9511
6,6,Week 6,2026-10-07T23:30:00.000Z,401871066,Upcoming,,Florida International,New Mexico State,0.7529,Florida International,New Mexico State,FBS vs FBS,fbs,fbs,home,-5.39,-13.83,10.94,16.0,Florida International,10.94,0.7529
7,7,Week 7,2026-10-14T00:00:00.000Z,401871053,Upcoming,,Jacksonville State,Florida International,0.5604,Florida International,Jacksonville State,FBS vs FBS,fbs,fbs,away,-5.39,-5.46,-2.43,16.0,Jacksonville State,2.43,0.4396
8,8,Week 8,2026-10-20T23:00:00.000Z,401871055,Upcoming,,Florida International,Middle Tennessee,0.6345,Florida International,Middle Tennessee,FBS vs FBS,fbs,fbs,home,-5.39,-8.39,5.5,16.0,Florida International,5.5,0.6345
9,9,Week 9,2026-10-31T19:30:00.000Z,401871059,Upcoming,,Liberty,Florida International,0.7812,Florida International,Liberty,FBS vs FBS,fbs,fbs,away,-5.39,4.53,-12.42,16.0,Liberty,12.42,0.2188
10,10,Week 10,2026-11-07T21:00:00.000Z,401871074,Upcoming,,Florida International,Missouri State,0.7178,Florida International,Missouri State,FBS vs FBS,fbs,fbs,home,-5.39,-12.11,9.22,16.0,Florida International,9.22,0.7178
11,11,Week 11,2026-11-14T20:00:00.000Z,401871060,Upcoming,,Delaware,Florida International,0.4671,Florida International,Delaware,FBS vs FBS,fbs,fbs,away,-5.39,-9.21,1.32,16.0,Florida International,1.32,0.5329
12,12,Week 12,2026-11-21T20:00:00.000Z,401871078,Upcoming,,Kennesaw State,Florida International,0.4086,Florida International,Kennesaw State,FBS vs FBS,fbs,fbs,away,-5.39,-11.59,3.7,16.0,Florida International,3.7,0.5914
13,13,Week 13,2026-11-28T19:00:00.000Z,401871082,Upcoming,,Florida International,Sam Houston,0.7615,Florida International,Sam Houston,FBS vs FBS,fbs,fbs,home,-5.39,-14.27,11.38,16.0,Florida International,11.38,0.7615
1,0,Week 0,2026-08-29T23:00:00.000Z,401864570,Final,"New Mexico State 17, Florida State 34",Florida State,New Mexico State,0.8981,Florida State,New Mexico State,FBS vs FBS,fbs,fbs,home,4.0,-13.83,20.33,16.0,Florida State,20.33,0.8981
1,1,Week 1,2026-09-07T23:30:00.000Z,401858212,Final,"SMU 27, Florida State 24",Florida State,SMU,0.4985,Florida State,SMU,FBS vs FBS,fbs,fbs,home,4.0,6.56,-0.06,16.0,SMU,0.06,0.4985
3,3,Week 3,2026-09-19T19:30:00.000Z,401856685,Final,"Florida State 36, Alabama 50",Alabama,Florida State,0.8875,Florida State,Alabama,FBS vs FBS,fbs,fbs,away,4.0,20.91,-19.41,16.0,Alabama,19.41,0.1125
4,4,Week 4,2026-09-26T19:00:00.000Z,401858237,Final,"Central Arkansas 7, Florida State 34",Florida State,Central Arkansas,0.9832,Florida State,Central Arkansas (FCS baseline),FCS involved,fbs,fcs,home,4.0,-36.0,42.5,20.0,Florida State,42.5,0.9832
5,5,Week 5,2026-10-03T19:30:00.000Z,401858253,Upcoming,,Florida State,Virginia,0.4763,Florida State,Virginia,FBS vs FBS,fbs,fbs,home,4.0,7.45,-0.95,16.0,Virginia,0.95,0.4763
6,6,Week 6,2026-10-09T23:00:00.000Z,401858254,Upcoming,,Louisville,Florida State,0.6448,Florida State,Louisville,FBS vs FBS,fbs,fbs,away,4.0,7.44,-5.94,16.0,Louisville,5.94,0.3552
7,7,Week 7,2026-10-17T04:00:00.000Z,401858263,Upcoming,,Miami,Florida State,0.883,Florida State,Miami,FBS vs FBS,fbs,fbs,away,4.0,20.54,-19.04,16.0,Miami,19.04,0.117
9,9,Week 9,2026-10-31T04:00:00.000Z,401858280,Upcoming,,Florida State,Clemson,0.5465,Florida State,Clemson,FBS vs FBS,fbs,fbs,home,4.0,4.63,1.87,16.0,Florida State,1.87,0.5465
10,10,Week 10,2026-11-07T05:00:00.000Z,401858289,Upcoming,,Boston College,Florida State,0.3352,Florida State,Boston College,FBS vs FBS,fbs,fbs,away,4.0,-5.31,6.81,16.0,Florida State,6.81,0.6648
11,11,Week 11,2026-11-14T00:00:00.000Z,401858293,Upcoming,,Pittsburgh,Florida State,0.6408,Florida State,Pittsburgh,FBS vs FBS,fbs,fbs,away,4.0,7.27,-5.77,16.0,Pittsburgh,5.77,0.3592
12,12,Week 12,2026-11-21T05:00:00.000Z,401858304,Upcoming,,Florida State,NC State,0.6392,Florida State,NC State,FBS vs FBS,fbs,fbs,home,4.0,0.8,5.7,16.0,Florida State,5.7,0.6392
13,13,Week 13,2026-11-27T20:30:00.000Z,401856759,Upcoming,,Florida State,Florida,0.2599,Florida State,Florida,FBS vs FBS,fbs,fbs,home,4.0,16.8,-10.3,16.0,Florida,10.3,0.2599
1,1,Week 1,2026-09-05T01:00:00.000Z,401858436,Final,"Fresno State 0, USC 39",USC,Fresno State,0.8475,Fresno State,USC,FBS vs FBS,fbs,fbs,away,0.0,13.91,-16.41,16.0,USC,16.41,0.1525
2,2,Week 2,2026-09-13T02:30:00.000Z,401860883,Final,"Sacramento State 3, Fresno State 49",Fresno State,Sacramento State,0.9141,Fresno State,Sacramento State,FBS vs FBS,fbs,fbs,home,0.0,-19.36,21.86,16.0,Fresno State,21.86,0.9141
3,3,Week 3,2026-09-20T03:00:00.000Z,401860888,Final,"Fresno State 26, San José State 10",San José State,Fresno State,0.3759,Fresno State,San José State,FBS vs FBS,fbs,fbs,away,0.0,-7.56,5.06,16.0,Fresno State,5.06,0.6241
4,4,Week 4,2026-09-27T02:00:00.000Z,401860891,Final,"Rice 24, Fresno State 38",Fresno State,Rice,0.8054,Fresno State,Rice,FBS vs FBS,fbs,fbs,home,0.0,-11.28,13.78,16.0,Fresno State,13.78,0.8054
5,5,Week 5,2026-10-04T01:30:00.000Z,401860921,Upcoming,,Washington State,Fresno State,0.4251,Fresno State,Washington State,FBS vs FBS,fbs,fbs,away,0.0,-5.52,3.02,16.0,Fresno State,3.02,0.5749
6,6,Week 6,2026-10-11T02:30:00.000Z,401860901,Upcoming,,Fresno State,Boise State,0.3441,Fresno State,Boise State,FBS vs FBS,fbs,fbs,home,0.0,8.92,-6.42,16.0,Boise State,6.42,0.3441
7,7,Week 7,2026-10-18T02:30:00.000Z,401860904,Upcoming,,San Diego State,Fresno State,0.4364,Fresno State,San Diego State,FBS vs FBS,fbs,fbs,away,0.0,-5.06,2.56,16.0,Fresno State,2.56,0.5636
9,9,Week 9,2026-10-31T04:00:00.000Z,401860924,Upcoming,,Fresno State,Oregon State,0.641,Fresno State,Oregon State,FBS vs FBS,fbs,fbs,home,0.0,-3.28,5.78,16.0,Fresno State,5.78,0.641
10,10,Week 10,2026-11-08T02:30:00.000Z,401860913,Upcoming,,Utah State,Fresno State,0.421,Fresno State,Utah State,FBS vs FBS,fbs,fbs,away,0.0,-5.69,3.19,16.0,Fresno State,3.19,0.579
11,11,Week 11,2026-11-14T21:00:00.000Z,401860916,Upcoming,,Texas State,Fresno State,0.5267,Fresno State,Texas State,FBS vs FBS,fbs,fbs,away,0.0,-1.43,-1.07,16.0,Texas State,1.07,0.4733
12,12,Week 12,2026-11-22T00:30:00.000Z,401860918,Upcoming,,Fresno State,Colorado State,0.7209,Fresno State,Colorado State,FBS vs FBS,fbs,fbs,home,0.0,-6.87,9.37,16.0,Fresno State,9.37,0.7209
1,1,Week 1,2026-09-05T19:00:00.000Z,401856658,Final,"Tennessee State 3, Georgia 63",Georgia,Tennessee State,0.999,Georgia,Tennessee State (FCS baseline),FCS involved,fbs,fcs,home,23.6,-36.0,62.1,20.0,Georgia,62.1,0.999
2,2,Week 2,2026-09-12T16:45:00.000Z,401856673,Final,"Western Kentucky 20, Georgia 70",Georgia,Western Kentucky,0.9923,Georgia,Western Kentucky,FBS vs FBS,fbs,fbs,home,23.6,-12.69,38.79,16.0,Georgia,38.79,0.9923
3,3,Week 3,2026-09-19T16:00:00.000Z,401856686,Final,"Georgia 45, Arkansas 17",Arkansas,Georgia,0.1009,Georgia,Arkansas,FBS vs FBS,fbs,fbs,away,23.6,0.68,20.42,16.0,Georgia,20.42,0.8991
4,4,Week 4,2026-09-26T19:30:00.000Z,401856700,Final,"Oklahoma 13, Georgia 41",Georgia,Oklahoma,0.831,Georgia,Oklahoma,FBS vs FBS,fbs,fbs,home,23.6,10.77,15.33,16.0,Georgia,15.33,0.831
5,5,Week 5,2026-10-03T16:45:00.000Z,401856705,Upcoming,,Georgia,Vanderbilt,0.9149,Georgia,Vanderbilt,FBS vs FBS,fbs,fbs,home,23.6,4.16,21.94,16.0,Georgia,21.94,0.9149
6,6,Week 6,2026-10-10T04:00:00.000Z,401856712,Upcoming,,Alabama,Georgia,0.4953,Georgia,Alabama,FBS vs FBS,fbs,fbs,away,23.6,20.91,0.19,16.0,Georgia,0.19,0.5047
7,7,Week 7,2026-10-17T04:00:00.000Z,401856719,Upcoming,,Georgia,Auburn,0.8591,Georgia,Auburn,FBS vs FBS,fbs,fbs,home,23.6,8.88,17.22,16.0,Georgia,17.22,0.8591
9,9,Week 9,2026-10-31T19:30:00.000Z,401856734,Upcoming,,Georgia,Florida,0.6646,Georgia,Florida,FBS vs FBS,fbs,fbs,neutral,23.6,16.8,6.8,16.0,Georgia,6.8,0.6646
10,10,Week 10,2026-11-07T05:00:00.000Z,401856741,Upcoming,,Ole Miss,Georgia,0.2912,Georgia,Ole Miss,FBS vs FBS,fbs,fbs,away,23.6,12.3,8.8,16.0,Georgia,8.8,0.7088
11,11,Week 11,2026-11-14T05:00:00.000Z,401856883,Upcoming,,Georgia,Missouri,0.8693,Georgia,Missouri,FBS vs FBS,fbs,fbs,home,23.6,8.13,17.97,16.0,Georgia,17.97,0.8693
12,12,Week 12,2026-11-21T05:00:00.000Z,401856753,Upcoming,,South Carolina,Georgia,0.1842,Georgia,South Carolina,FBS vs FBS,fbs,fbs,away,23.6,6.71,14.39,16.0,Georgia,14.39,0.8158
13,13,Week 13,2026-11-28T05:00:00.000Z,401856760,Upcoming,,Georgia,Georgia Tech,0.9652,Georgia,Georgia Tech,FBS vs FBS,fbs,fbs,home,23.6,-2.93,29.03,16.0,Georgia,29.03,0.9652
1,1,Week 1,2026-09-05T23:00:00.000Z,401868170,Final,"Charleston Southern 0, Georgia Southern 31",Georgia Southern,Charleston Southern,0.9425,Georgia Southern,Charleston Southern (FCS baseline),FCS involved,fbs,fcs,home,-6.97,-36.0,31.53,20.0,Georgia Southern,31.53,0.9425
2,2,Week 2,2026-09-12T23:30:00.000Z,401858219,Final,"Georgia Southern 7, Clemson 22",Clemson,Georgia Southern,0.8109,Georgia Southern,Clemson,FBS vs FBS,fbs,fbs,away,-6.97,4.63,-14.1,16.0,Clemson,14.1,0.1891
3,3,Week 3,2026-09-19T23:00:00.000Z,401869948,Final,"Georgia Southern 27, Jacksonville State 31",Jacksonville State,Georgia Southern,0.5989,Georgia Southern,Jacksonville State,FBS vs FBS,fbs,fbs,away,-6.97,-5.46,-4.01,16.0,Jacksonville State,4.01,0.4011
4,4,Week 4,2026-09-26T20:00:00.000Z,401856806,Final,"Houston 42, Georgia Southern 28",Georgia Southern,Houston,0.2261,Georgia Southern,Houston,FBS vs FBS,fbs,fbs,home,-6.97,7.56,-12.03,16.0,Houston,12.03,0.2261
5,5,Week 5,2026-10-03T23:00:00.000Z,401869942,Upcoming,,Coastal Carolina,Georgia Southern,0.4913,Georgia Southern,Coastal Carolina,FBS vs FBS,fbs,fbs,away,-6.97,-9.82,0.35,16.0,Georgia Southern,0.35,0.5087
6,6,Week 6,2026-10-10T04:00:00.000Z,401869949,Upcoming,,Georgia Southern,James Madison,0.2295,Georgia Southern,James Madison,FBS vs FBS,fbs,fbs,home,-6.97,7.38,-11.85,16.0,James Madison,11.85,0.2295
7,7,Week 7,2026-10-15T23:30:00.000Z,401869950,Upcoming,,Old Dominion,Georgia Southern,0.4855,Georgia Southern,Old Dominion,FBS vs FBS,fbs,fbs,away,-6.97,-10.05,0.58,16.0,Georgia Southern,0.58,0.5145
9,9,Week 9,2026-10-31T04:00:00.000Z,401869846,Upcoming,,Georgia Southern,App State,0.5433,Georgia Southern,App State,FBS vs FBS,fbs,fbs,home,-6.97,-6.21,1.74,16.0,Georgia Southern,1.74,0.5433
10,10,Week 10,2026-11-07T05:00:00.000Z,401869951,Upcoming,,Georgia Southern,Marshall,0.5455,Georgia Southern,Marshall,FBS vs FBS,fbs,fbs,home,-6.97,-6.3,1.83,16.0,Georgia Southern,1.83,0.5455
11,11,Week 11,2026-11-14T05:00:00.000Z,401869952,Upcoming,,Georgia State,Georgia Southern,0.589,Georgia Southern,Georgia State,FBS vs FBS,fbs,fbs,away,-6.97,-5.87,-3.6,16.0,Georgia State,3.6,0.411
12,12,Week 12,2026-11-21T05:00:00.000Z,401869953,Upcoming,,Troy,Georgia Southern,0.5695,Georgia Southern,Troy,FBS vs FBS,fbs,fbs,away,-6.97,-6.67,-2.8,16.0,Troy,2.8,0.4305
13,13,Week 13,2026-11-28T05:00:00.000Z,401869954,Upcoming,,Georgia Southern,Louisiana Tech,0.5827,Georgia Southern,Louisiana Tech,FBS vs FBS,fbs,fbs,home,-6.97,-7.81,3.34,16.0,Georgia Southern,3.34,0.5827
1,1,Week 1,2026-09-04T23:00:00.000Z,401866623,Final,"North Carolina A&T 10, Georgia State 59",Georgia State,North Carolina A&T,0.9486,Georgia State,North Carolina A&T (FCS baseline),FCS involved,fbs,fcs,home,-5.87,-36.0,32.63,20.0,Georgia State,32.63,0.9486
2,2,Week 2,2026-09-12T23:00:00.000Z,401869955,Final,"Georgia State 31, Kennesaw State 17",Kennesaw State,Georgia State,0.4203,Georgia State,Kennesaw State,FBS vs FBS,fbs,fbs,away,-5.87,-11.59,3.22,16.0,Georgia State,3.22,0.5797
3,3,Week 3,2026-09-19T23:00:00.000Z,401856800,Final,"Georgia State 30, UCF 44",UCF,Georgia State,0.7541,Georgia State,UCF,FBS vs FBS,fbs,fbs,away,-5.87,2.63,-11.0,16.0,UCF,11.0,0.2459
4,4,Week 4,2026-09-26T18:00:00.000Z,401864511,Final,"Northern Illinois 14, Georgia State 35",Georgia State,Northern Illinois,0.7775,Georgia State,Northern Illinois,FBS vs FBS,fbs,fbs,home,-5.87,-15.59,12.22,16.0,Georgia State,12.22,0.7775
5,5,Week 5,2026-10-03T19:30:00.000Z,401869956,Upcoming,,Georgia State,Old Dominion,0.6618,Georgia State,Old Dominion,FBS vs FBS,fbs,fbs,home,-5.87,-10.05,6.68,16.0,Georgia State,6.68,0.6618
7,7,Week 7,2026-10-17T04:00:00.000Z,401869957,Upcoming,,James Madison,Georgia State,0.8375,Georgia State,James Madison,FBS vs FBS,fbs,fbs,away,-5.87,7.38,-15.75,16.0,James Madison,15.75,0.1625
8,8,Week 8,2026-10-24T23:00:00.000Z,401869935,Upcoming,,Arkansas State,Georgia State,0.4711,Georgia State,Arkansas State,FBS vs FBS,fbs,fbs,away,-5.87,-9.53,1.16,16.0,Georgia State,1.16,0.5289
9,9,Week 9,2026-10-31T04:00:00.000Z,401869944,Upcoming,,Georgia State,Coastal Carolina,0.6566,Georgia State,Coastal Carolina,FBS vs FBS,fbs,fbs,home,-5.87,-9.82,6.45,16.0,Georgia State,6.45,0.6566
10,10,Week 10,2026-11-07T05:00:00.000Z,401869927,Upcoming,,App State,Georgia State,0.5537,Georgia State,App State,FBS vs FBS,fbs,fbs,away,-5.87,-6.21,-2.16,16.0,App State,2.16,0.4463
11,11,Week 11,2026-11-14T05:00:00.000Z,401869952,Upcoming,,Georgia State,Georgia Southern,0.589,Georgia State,Georgia Southern,FBS vs FBS,fbs,fbs,home,-5.87,-6.97,3.6,16.0,Georgia State,3.6,0.589
12,12,Week 12,2026-11-21T05:00:00.000Z,401869958,Upcoming,,Marshall,Georgia State,0.5515,Georgia State,Marshall,FBS vs FBS,fbs,fbs,away,-5.87,-6.3,-2.07,16.0,Marshall,2.07,0.4485
13,13,Week 13,2026-11-28T05:00:00.000Z,401869959,Upcoming,,Georgia State,Louisiana,0.4748,Georgia State,Louisiana,FBS vs FBS,fbs,fbs,home,-5.87,-2.36,-1.01,16.0,Louisiana,1.01,0.4748
1,1,Week 1,2026-09-04T00:00:00.000Z,401856776,Final,"Colorado 14, Georgia Tech 13",Georgia Tech,Colorado,0.5785,Georgia Tech,Colorado,FBS vs FBS,fbs,fbs,home,-2.93,-3.6,3.17,16.0,Georgia Tech,3.17,0.5785
2,2,Week 2,2026-09-12T23:00:00.000Z,401856681,Final,"Tennessee 45, Georgia Tech 24",Georgia Tech,Tennessee,0.1862,Georgia Tech,Tennessee,FBS vs FBS,fbs,fbs,home,-2.93,13.84,-14.27,16.0,Tennessee,14.27,0.1862
3,3,Week 3,2026-09-19T16:00:00.000Z,401858228,Final,"Mercer 11, Georgia Tech 44",Georgia Tech,Mercer,0.9623,Georgia Tech,Mercer (FCS baseline),FCS involved,fbs,fcs,home,-2.93,-36.0,35.57,20.0,Georgia Tech,35.57,0.9623
4,4,Week 4,2026-09-27T02:30:00.000Z,401858240,Final,"Georgia Tech 27, Stanford 34",Stanford,Georgia Tech,0.4646,Georgia Tech,Stanford,FBS vs FBS,fbs,fbs,away,-2.93,-6.85,1.42,16.0,Georgia Tech,1.42,0.5354
6,6,Week 6,2026-10-10T04:00:00.000Z,401858255,Upcoming,,Georgia Tech,Duke,0.3411,Georgia Tech,Duke,FBS vs FBS,fbs,fbs,home,-2.93,6.12,-6.55,16.0,Duke,6.55,0.3411
7,7,Week 7,2026-10-17T04:00:00.000Z,401858264,Upcoming,,Virginia Tech,Georgia Tech,0.7504,Georgia Tech,Virginia Tech,FBS vs FBS,fbs,fbs,away,-2.93,5.38,-10.81,16.0,Virginia Tech,10.81,0.2496
8,8,Week 8,2026-10-24T04:00:00.000Z,401858273,Upcoming,,Georgia Tech,Boston College,0.6198,Georgia Tech,Boston College,FBS vs FBS,fbs,fbs,home,-2.93,-5.31,4.88,16.0,Georgia Tech,4.88,0.6198
9,9,Week 9,2026-10-31T04:00:00.000Z,401858281,Upcoming,,Pittsburgh,Georgia Tech,0.7863,Georgia Tech,Pittsburgh,FBS vs FBS,fbs,fbs,away,-2.93,7.27,-12.7,16.0,Pittsburgh,12.7,0.2137
10,10,Week 10,2026-11-07T05:00:00.000Z,401858287,Upcoming,,Georgia Tech,Louisville,0.3114,Georgia Tech,Louisville,FBS vs FBS,fbs,fbs,home,-2.93,7.44,-7.87,16.0,Louisville,7.87,0.3114
11,11,Week 11,2026-11-14T05:00:00.000Z,401858297,Upcoming,,Clemson,Georgia Tech,0.7352,Georgia Tech,Clemson,FBS vs FBS,fbs,fbs,away,-2.93,4.63,-10.06,16.0,Clemson,10.06,0.2648
12,12,Week 12,2026-11-21T05:00:00.000Z,401858310,Upcoming,,Georgia Tech,Wake Forest,0.4335,Georgia Tech,Wake Forest,FBS vs FBS,fbs,fbs,home,-2.93,2.25,-2.68,16.0,Wake Forest,2.68,0.4335
13,13,Week 13,2026-11-28T05:00:00.000Z,401856760,Upcoming,,Georgia,Georgia Tech,0.9652,Georgia Tech,Georgia,FBS vs FBS,fbs,fbs,away,-2.93,23.6,-29.03,16.0,Georgia,29.03,0.0348
1,0,Week 0,2026-08-29T23:00:00.000Z,401858201,Final,"Hawai'i 27, Stanford 37",Stanford,Hawai'i,0.6399,Hawai'i,Stanford,FBS vs FBS,fbs,fbs,away,-10.08,-6.85,-5.73,16.0,Stanford,5.73,0.3601
1,1,Week 1,2026-09-06T02:00:00.000Z,401864497,Final,"UNLV 21, Hawai'i 6",Hawai'i,UNLV,0.3622,Hawai'i,UNLV,FBS vs FBS,fbs,fbs,home,-10.08,-1.94,-5.64,16.0,UNLV,5.64,0.3622
2,2,Week 2,2026-09-13T03:59:00.000Z,401864578,Final,"New Mexico State 19, Hawai'i 29",Hawai'i,New Mexico State,0.652,Hawai'i,New Mexico State,FBS vs FBS,fbs,fbs,home,-10.08,-13.83,6.25,16.0,Hawai'i,6.25,0.652
4,4,Week 4,2026-09-26T19:00:00.000Z,401864510,Final,"Hawai'i 10, Wyoming 27",Wyoming,Hawai'i,0.5567,Hawai'i,Wyoming,FBS vs FBS,fbs,fbs,away,-10.08,-10.3,-2.28,16.0,Wyoming,2.28,0.4433
5,5,Week 5,2026-10-04T03:59:00.000Z,401864513,Upcoming,,Hawai'i,San José State,0.4995,Hawai'i,San José State,FBS vs FBS,fbs,fbs,home,-10.08,-7.56,-0.02,16.0,San José State,0.02,0.4995
6,6,Week 6,2026-10-10T04:00:00.000Z,401856808,Upcoming,,Arizona State,Hawai'i,0.8089,Hawai'i,Arizona State,FBS vs FBS,fbs,fbs,away,-10.08,1.4,-13.98,16.0,Arizona State,13.98,0.1911
7,7,Week 7,2026-10-17T04:00:00.000Z,401864521,Upcoming,,Hawai'i,New Mexico,0.2424,Hawai'i,New Mexico,FBS vs FBS,fbs,fbs,home,-10.08,3.6,-11.18,16.0,New Mexico,11.18,0.2424
8,8,Week 8,2026-10-24T04:00:00.000Z,401864526,Upcoming,,Northern Illinois,Hawai'i,0.4254,Hawai'i,Northern Illinois,FBS vs FBS,fbs,fbs,away,-10.08,-15.59,3.01,16.0,Hawai'i,3.01,0.5746
10,10,Week 10,2026-11-07T05:00:00.000Z,401864532,Upcoming,,UTEP,Hawai'i,0.3384,Hawai'i,UTEP,FBS vs FBS,fbs,fbs,away,-10.08,-19.25,6.67,16.0,Hawai'i,6.67,0.6616
11,11,Week 11,2026-11-15T04:59:00.000Z,401864537,Upcoming,,Hawai'i,North Dakota State,0.2295,Hawai'i,North Dakota State,FBS vs FBS,fbs,fbs,home,-10.08,4.27,-11.85,16.0,North Dakota State,11.85,0.2295
12,12,Week 12,2026-11-21T05:00:00.000Z,401864541,Upcoming,,Nevada,Hawai'i,0.6906,Hawai'i,Nevada,FBS vs FBS,fbs,fbs,away,-10.08,-4.62,-7.96,16.0,Nevada,7.96,0.3094
13,13,Week 13,2026-11-29T04:00:00.000Z,401864547,Upcoming,,Hawai'i,Sacramento State,0.7692,Hawai'i,Sacramento State,FBS vs FBS,fbs,fbs,home,-10.08,-19.36,11.78,16.0,Hawai'i,11.78,0.7692
1,1,Week 1,2026-09-05T16:00:00.000Z,401856778,Final,"Oregon State 20, Houston 33",Houston,Oregon State,0.7978,Houston,Oregon State,FBS vs FBS,fbs,fbs,home,7.56,-3.28,13.34,16.0,Houston,13.34,0.7978
2,2,Week 2,2026-09-12T23:00:00.000Z,401856787,Final,"Southern 6, Houston 77",Houston,Southern,0.9894,Houston,Southern (FCS baseline),FCS involved,fbs,fcs,home,7.56,-36.0,46.06,20.0,Houston,46.06,0.9894
3,3,Week 3,2026-09-19T00:00:00.000Z,401856811,Final,"Houston 26, Texas Tech 28",Texas Tech,Houston,0.7013,Houston,Texas Tech,FBS vs FBS,fbs,fbs,away,7.56,13.51,-8.45,16.0,Texas Tech,8.45,0.2987
4,4,Week 4,2026-09-26T20:00:00.000Z,401856806,Final,"Houston 42, Georgia Southern 28",Georgia Southern,Houston,0.2261,Houston,Georgia Southern,FBS vs FBS,fbs,fbs,away,7.56,-6.97,12.03,16.0,Houston,12.03,0.7739
5,5,Week 5,2026-10-03T16:00:00.000Z,401856819,Upcoming,,Houston,UCF,0.6788,Houston,UCF,FBS vs FBS,fbs,fbs,home,7.56,2.63,7.43,16.0,Houston,7.43,0.6788
6,6,Week 6,2026-10-10T04:00:00.000Z,401856825,Upcoming,,Kansas State,Houston,0.5611,Houston,Kansas State,FBS vs FBS,fbs,fbs,away,7.56,7.52,-2.46,16.0,Kansas State,2.46,0.4389
7,7,Week 7,2026-10-17T04:00:00.000Z,401856831,Upcoming,,Houston,Oklahoma State,0.7106,Houston,Oklahoma State,FBS vs FBS,fbs,fbs,home,7.56,1.18,8.88,16.0,Houston,8.88,0.7106
8,8,Week 8,2026-10-24T04:00:00.000Z,401856837,Upcoming,,Utah,Houston,0.7658,Houston,Utah,FBS vs FBS,fbs,fbs,away,7.56,16.66,-11.6,16.0,Utah,11.6,0.2342
10,10,Week 10,2026-11-07T05:00:00.000Z,401856851,Upcoming,,Houston,Cincinnati,0.6989,Houston,Cincinnati,FBS vs FBS,fbs,fbs,home,7.56,1.72,8.34,16.0,Houston,8.34,0.6989
11,11,Week 11,2026-11-14T03:15:00.000Z,401856860,Upcoming,,Colorado,Houston,0.2942,Houston,Colorado,FBS vs FBS,fbs,fbs,away,7.56,-3.6,8.66,16.0,Houston,8.66,0.7058
12,12,Week 12,2026-11-21T05:00:00.000Z,401856868,Upcoming,,West Virginia,Houston,0.3566,Houston,West Virginia,FBS vs FBS,fbs,fbs,away,7.56,-0.82,5.88,16.0,Houston,5.88,0.6434
13,13,Week 13,2026-11-28T05:00:00.000Z,401856874,Upcoming,,Houston,Baylor,0.6352,Houston,Baylor,FBS vs FBS,fbs,fbs,home,7.56,4.53,5.53,16.0,Houston,5.53,0.6352
1,1,Week 1,2026-09-04T01:00:00.000Z,401858424,Final,"UAB 23, Illinois 42",Illinois,UAB,0.8289,Illinois,UAB,FBS vs FBS,fbs,fbs,home,4.17,-8.53,15.2,16.0,Illinois,15.2,0.8289
2,2,Week 2,2026-09-12T19:30:00.000Z,401858217,Final,"Duke 31, Illinois 27",Illinois,Duke,0.5137,Illinois,Duke,FBS vs FBS,fbs,fbs,home,4.17,6.12,0.55,16.0,Illinois,0.55,0.5137
3,3,Week 3,2026-09-19T18:00:00.000Z,401858448,Final,"Southern Illinois 10, Illinois 48",Illinois,Southern Illinois,0.9836,Illinois,Southern Illinois (FCS baseline),FCS involved,fbs,fcs,home,4.17,-36.0,42.67,20.0,Illinois,42.67,0.9836
4,4,Week 4,2026-09-26T16:00:00.000Z,401858465,Final,"Illinois 19, Ohio State 42",Ohio State,Illinois,0.8963,Illinois,Ohio State,FBS vs FBS,fbs,fbs,away,4.17,21.84,-20.17,16.0,Ohio State,20.17,0.1037
5,5,Week 5,2026-10-03T20:15:00.000Z,401858472,Upcoming,,Illinois,Purdue,0.7598,Illinois,Purdue,FBS vs FBS,fbs,fbs,home,4.17,-4.62,11.29,16.0,Illinois,11.29,0.7598
6,6,Week 6,2026-10-10T04:00:00.000Z,401858480,Upcoming,,Michigan State,Illinois,0.5197,Illinois,Michigan State,FBS vs FBS,fbs,fbs,away,4.17,2.46,-0.79,16.0,Michigan State,0.79,0.4803
8,8,Week 8,2026-10-24T04:00:00.000Z,401858495,Upcoming,,Illinois,Oregon,0.2441,Illinois,Oregon,FBS vs FBS,fbs,fbs,home,4.17,17.76,-11.09,16.0,Oregon,11.09,0.2441
9,9,Week 9,2026-10-31T04:00:00.000Z,401858503,Upcoming,,Maryland,Illinois,0.4064,Illinois,Maryland,FBS vs FBS,fbs,fbs,away,4.17,-2.12,3.79,16.0,Illinois,3.79,0.5936
10,10,Week 10,2026-11-07T01:00:00.000Z,401858510,Upcoming,,Illinois,Nebraska,0.3608,Illinois,Nebraska,FBS vs FBS,fbs,fbs,home,4.17,12.37,-5.7,16.0,Nebraska,5.7,0.3608
11,11,Week 11,2026-11-14T02:00:00.000Z,401858526,Upcoming,,UCLA,Illinois,0.6948,Illinois,UCLA,FBS vs FBS,fbs,fbs,away,4.17,9.82,-8.15,16.0,UCLA,8.15,0.3052
12,12,Week 12,2026-11-21T05:00:00.000Z,401858527,Upcoming,,Illinois,Iowa,0.3938,Illinois,Iowa,FBS vs FBS,fbs,fbs,home,4.17,10.98,-4.31,16.0,Iowa,4.31,0.3938
13,13,Week 13,2026-11-28T05:00:00.000Z,401858537,Upcoming,,Northwestern,Illinois,0.665,Illinois,Northwestern,FBS vs FBS,fbs,fbs,away,4.17,8.49,-6.82,16.0,Northwestern,6.82,0.335
1,1,Week 1,2026-09-05T16:00:00.000Z,401858425,Final,"North Texas 16, Indiana 52",Indiana,North Texas,0.9372,Indiana,North Texas,FBS vs FBS,fbs,fbs,home,21.65,-0.36,24.51,16.0,Indiana,24.51,0.9372
2,2,Week 2,2026-09-12T16:00:00.000Z,401858439,Final,"Howard 0, Indiana 55",Indiana,Howard,0.9987,Indiana,Howard (FCS baseline),FCS involved,fbs,fcs,home,21.65,-36.0,60.15,20.0,Indiana,60.15,0.9987
3,3,Week 3,2026-09-19T20:00:00.000Z,401858449,Final,"Western Kentucky 0, Indiana 38",Indiana,Western Kentucky,0.9893,Indiana,Western Kentucky,FBS vs FBS,fbs,fbs,home,21.65,-12.69,36.84,16.0,Indiana,36.84,0.9893
4,4,Week 4,2026-09-26T00:00:00.000Z,401858461,Final,"Northwestern 23, Indiana 29",Indiana,Northwestern,0.8361,Indiana,Northwestern,FBS vs FBS,fbs,fbs,home,21.65,8.49,15.66,16.0,Indiana,15.66,0.8361
5,5,Week 5,2026-10-04T00:00:00.000Z,401858477,Upcoming,,Rutgers,Indiana,0.0731,Indiana,Rutgers,FBS vs FBS,fbs,fbs,away,21.65,-4.1,23.25,16.0,Indiana,23.25,0.9269
6,6,Week 6,2026-10-10T04:00:00.000Z,401858481,Upcoming,,Nebraska,Indiana,0.3359,Indiana,Nebraska,FBS vs FBS,fbs,fbs,away,21.65,12.37,6.78,16.0,Indiana,6.78,0.6641
7,7,Week 7,2026-10-17T04:00:00.000Z,401858488,Upcoming,,Indiana,Ohio State,0.5574,Indiana,Ohio State,FBS vs FBS,fbs,fbs,home,21.65,21.84,2.31,16.0,Indiana,2.31,0.5574
8,8,Week 8,2026-10-24T04:00:00.000Z,401858496,Upcoming,,Michigan,Indiana,0.2826,Indiana,Michigan,FBS vs FBS,fbs,fbs,away,21.65,9.95,9.2,16.0,Indiana,9.2,0.7174
9,9,Week 9,2026-10-31T04:00:00.000Z,401858501,Upcoming,,Indiana,Minnesota,0.92,Indiana,Minnesota,FBS vs FBS,fbs,fbs,home,21.65,1.67,22.48,16.0,Indiana,22.48,0.92
11,11,Week 11,2026-11-14T05:00:00.000Z,401858518,Upcoming,,Indiana,USC,0.7389,Indiana,USC,FBS vs FBS,fbs,fbs,home,21.65,13.91,10.24,16.0,Indiana,10.24,0.7389
12,12,Week 12,2026-11-21T05:00:00.000Z,401858535,Upcoming,,Washington,Indiana,0.2131,Indiana,Washington,FBS vs FBS,fbs,fbs,away,21.65,6.42,12.73,16.0,Indiana,12.73,0.7869
13,13,Week 13,2026-11-28T05:00:00.000Z,401858538,Upcoming,,Indiana,Purdue,0.9639,Indiana,Purdue,FBS vs FBS,fbs,fbs,home,21.65,-4.62,28.77,16.0,Indiana,28.77,0.9639
1,1,Week 1,2026-09-05T20:15:00.000Z,401858426,Final,"Northern Illinois 0, Iowa 40",Iowa,Northern Illinois,0.9654,Iowa,Northern Illinois,FBS vs FBS,fbs,fbs,home,10.98,-15.59,29.07,16.0,Iowa,29.07,0.9654
2,2,Week 2,2026-09-12T23:30:00.000Z,401856788,Final,"Iowa State 13, Iowa 16",Iowa,Iowa State,0.6928,Iowa,Iowa State,FBS vs FBS,fbs,fbs,home,10.98,5.42,8.06,16.0,Iowa,8.06,0.6928
3,3,Week 3,2026-09-19T20:00:00.000Z,401858471,Final,"Northern Iowa 0, Iowa 55",Iowa,Northern Iowa,0.9933,Iowa,Northern Iowa (FCS baseline),FCS involved,fbs,fcs,home,10.98,-36.0,49.48,20.0,Iowa,49.48,0.9933
4,4,Week 4,2026-09-26T19:30:00.000Z,401858463,Final,"Iowa 20, Michigan 19",Michigan,Iowa,0.5366,Iowa,Michigan,FBS vs FBS,fbs,fbs,away,10.98,9.95,-1.47,16.0,Michigan,1.47,0.4634
5,5,Week 5,2026-10-03T19:30:00.000Z,401858473,Upcoming,,Iowa,Ohio State,0.3007,Iowa,Ohio State,FBS vs FBS,fbs,fbs,home,10.98,21.84,-8.36,16.0,Ohio State,8.36,0.3007
6,6,Week 6,2026-10-10T01:00:00.000Z,401858487,Upcoming,,Washington,Iowa,0.4488,Iowa,Washington,FBS vs FBS,fbs,fbs,away,10.98,6.42,2.06,16.0,Iowa,2.06,0.5512
8,8,Week 8,2026-10-24T04:00:00.000Z,401858497,Upcoming,,Minnesota,Iowa,0.3352,Iowa,Minnesota,FBS vs FBS,fbs,fbs,away,10.98,1.67,6.81,16.0,Iowa,6.81,0.6648
9,9,Week 9,2026-10-31T04:00:00.000Z,401858502,Upcoming,,Iowa,Wisconsin,0.6298,Iowa,Wisconsin,FBS vs FBS,fbs,fbs,home,10.98,8.18,5.3,16.0,Iowa,5.3,0.6298
10,10,Week 10,2026-11-07T05:00:00.000Z,401858513,Upcoming,,Northwestern,Iowa,0.5002,Iowa,Northwestern,FBS vs FBS,fbs,fbs,away,10.98,8.49,-0.01,16.0,Northwestern,0.01,0.4998
11,11,Week 11,2026-11-14T05:00:00.000Z,401858519,Upcoming,,Iowa,Purdue,0.871,Iowa,Purdue,FBS vs FBS,fbs,fbs,home,10.98,-4.62,18.1,16.0,Iowa,18.1,0.871
12,12,Week 12,2026-11-21T05:00:00.000Z,401858527,Upcoming,,Illinois,Iowa,0.3938,Iowa,Illinois,FBS vs FBS,fbs,fbs,away,10.98,4.17,4.31,16.0,Iowa,4.31,0.6062
13,13,Week 13,2026-11-27T17:00:00.000Z,401858536,Upcoming,,Iowa,Nebraska,0.5277,Iowa,Nebraska,FBS vs FBS,fbs,fbs,home,10.98,12.37,1.11,16.0,Iowa,1.11,0.5277
1,1,Week 1,2026-09-05T17:00:00.000Z,401856779,Final,"Southeast Missouri State 10, Iowa State 38",Iowa State,Southeast Missouri State,0.986,Iowa State,Southeast Missouri State (FCS baseline),FCS involved,fbs,fcs,home,5.42,-36.0,43.92,20.0,Iowa State,43.92,0.986
2,2,Week 2,2026-09-12T23:30:00.000Z,401856788,Final,"Iowa State 13, Iowa 16",Iowa,Iowa State,0.6928,Iowa State,Iowa,FBS vs FBS,fbs,fbs,away,5.42,10.98,-8.06,16.0,Iowa,8.06,0.3072
3,3,Week 3,2026-09-19T16:00:00.000Z,401856798,Final,"Bowling Green 7, Iowa State 55",Iowa State,Bowling Green,0.9228,Iowa State,Bowling Green,FBS vs FBS,fbs,fbs,home,5.42,-14.87,22.79,16.0,Iowa State,22.79,0.9228
4,4,Week 4,2026-09-26T19:30:00.000Z,401856816,Final,"Utah 31, Iowa State 17",Iowa State,Utah,0.2924,Iowa State,Utah,FBS vs FBS,fbs,fbs,home,5.42,16.66,-8.74,16.0,Utah,8.74,0.2924
5,5,Week 5,2026-10-03T16:00:00.000Z,401856822,Upcoming,,Iowa State,West Virginia,0.7076,Iowa State,West Virginia,FBS vs FBS,fbs,fbs,home,5.42,-0.82,8.74,16.0,Iowa State,8.74,0.7076
6,6,Week 6,2026-10-10T02:15:00.000Z,401856826,Upcoming,,BYU,Iowa State,0.6707,Iowa State,BYU,FBS vs FBS,fbs,fbs,away,5.42,9.99,-7.07,16.0,BYU,7.07,0.3293
8,8,Week 8,2026-10-24T04:00:00.000Z,401856838,Upcoming,,Arizona,Iowa State,0.5793,Iowa State,Arizona,FBS vs FBS,fbs,fbs,away,5.42,6.12,-3.2,16.0,Arizona,3.2,0.4207
9,9,Week 9,2026-10-31T04:00:00.000Z,401856847,Upcoming,,Iowa State,Oklahoma State,0.6632,Iowa State,Oklahoma State,FBS vs FBS,fbs,fbs,home,5.42,1.18,6.74,16.0,Iowa State,6.74,0.6632
10,10,Week 10,2026-11-07T05:00:00.000Z,401856853,Upcoming,,Baylor,Iowa State,0.5401,Iowa State,Baylor,FBS vs FBS,fbs,fbs,away,5.42,4.53,-1.61,16.0,Baylor,1.61,0.4599
11,11,Week 11,2026-11-14T05:00:00.000Z,401856859,Upcoming,,Iowa State,Cincinnati,0.6508,Iowa State,Cincinnati,FBS vs FBS,fbs,fbs,home,5.42,1.72,6.2,16.0,Iowa State,6.2,0.6508
12,12,Week 12,2026-11-20T23:00:00.000Z,401856869,Upcoming,,UCF,Iowa State,0.4928,Iowa State,UCF,FBS vs FBS,fbs,fbs,away,5.42,2.63,0.29,16.0,Iowa State,0.29,0.5072
13,13,Week 13,2026-11-28T05:00:00.000Z,401856878,Upcoming,,Iowa State,Kansas State,0.51,Iowa State,Kansas State,FBS vs FBS,fbs,fbs,home,5.42,7.52,0.4,16.0,Iowa State,0.4,0.51
1,0,Week 0,2026-08-29T21:30:00.000Z,401864577,Final,"Jacksonville State 7, North Dakota State 33",North Dakota State,Jacksonville State,0.7777,Jacksonville State,North Dakota State,FBS vs FBS,fbs,fbs,away,-5.46,4.27,-12.23,16.0,North Dakota State,12.23,0.2223
1,1,Week 1,2026-09-05T23:00:00.000Z,401868140,Final,"Eastern Kentucky 7, Jacksonville State 49",Jacksonville State,Eastern Kentucky,0.9507,Jacksonville State,Eastern Kentucky (FCS baseline),FCS involved,fbs,fcs,home,-5.46,-36.0,33.04,20.0,Jacksonville State,33.04,0.9507
2,2,Week 2,2026-09-12T22:00:00.000Z,401866418,Final,"Jacksonville State 27, Ohio 29",Ohio,Jacksonville State,0.4848,Jacksonville State,Ohio,FBS vs FBS,fbs,fbs,away,-5.46,-8.57,0.61,16.0,Jacksonville State,0.61,0.5152
3,3,Week 3,2026-09-19T23:00:00.000Z,401869948,Final,"Georgia Southern 27, Jacksonville State 31",Jacksonville State,Georgia Southern,0.5989,Jacksonville State,Georgia Southern,FBS vs FBS,fbs,fbs,home,-5.46,-6.97,4.01,16.0,Jacksonville State,4.01,0.5989
4,4,Week 4,2026-09-26T23:00:00.000Z,401871048,Final,"Middle Tennessee 13, Jacksonville State 23",Jacksonville State,Middle Tennessee,0.6328,Jacksonville State,Middle Tennessee,FBS vs FBS,fbs,fbs,home,-5.46,-8.39,5.43,16.0,Jacksonville State,5.43,0.6328
6,6,Week 6,2026-10-07T23:00:00.000Z,401871051,Upcoming,,Kennesaw State,Jacksonville State,0.4103,Jacksonville State,Kennesaw State,FBS vs FBS,fbs,fbs,away,-5.46,-11.59,3.63,16.0,Jacksonville State,3.63,0.5897
7,7,Week 7,2026-10-14T00:00:00.000Z,401871053,Upcoming,,Jacksonville State,Florida International,0.5604,Jacksonville State,Florida International,FBS vs FBS,fbs,fbs,home,-5.46,-5.39,2.43,16.0,Jacksonville State,2.43,0.5604
9,9,Week 9,2026-10-29T00:00:00.000Z,401871057,Upcoming,,New Mexico State,Jacksonville State,0.3569,Jacksonville State,New Mexico State,FBS vs FBS,fbs,fbs,away,-5.46,-13.83,5.87,16.0,Jacksonville State,5.87,0.6431
10,10,Week 10,2026-11-08T00:00:00.000Z,401871075,Upcoming,,Jacksonville State,Sam Houston,0.7602,Jacksonville State,Sam Houston,FBS vs FBS,fbs,fbs,home,-5.46,-14.27,11.31,16.0,Jacksonville State,11.31,0.7602
11,11,Week 11,2026-11-14T20:30:00.000Z,401870752,Upcoming,,Western Kentucky,Jacksonville State,0.3838,Jacksonville State,Western Kentucky,FBS vs FBS,fbs,fbs,away,-5.46,-12.69,4.73,16.0,Jacksonville State,4.73,0.6162
12,12,Week 12,2026-11-21T19:00:00.000Z,401871079,Upcoming,,Jacksonville State,Missouri State,0.7163,Jacksonville State,Missouri State,FBS vs FBS,fbs,fbs,home,-5.46,-12.11,9.15,16.0,Jacksonville State,9.15,0.7163
13,13,Week 13,2026-11-28T20:30:00.000Z,401871062,Upcoming,,Delaware,Jacksonville State,0.4689,Jacksonville State,Delaware,FBS vs FBS,fbs,fbs,away,-5.46,-9.21,1.25,16.0,Jacksonville State,1.25,0.5311
1,1,Week 1,2026-09-05T16:00:00.000Z,401869960,Final,"Liberty 13, James Madison 20",James Madison,Liberty,0.631,James Madison,Liberty,FBS vs FBS,fbs,fbs,home,7.38,4.53,5.35,16.0,James Madison,5.35,0.631
2,2,Week 2,2026-09-12T16:00:00.000Z,401867929,Final,"Wagner 3, James Madison 87",James Madison,Wagner,0.9891,James Madison,Wagner (FCS baseline),FCS involved,fbs,fcs,home,7.38,-36.0,45.88,20.0,James Madison,45.88,0.9891
3,3,Week 3,2026-09-20T02:00:00.000Z,401860887,Final,"James Madison 26, San Diego State 13",San Diego State,James Madison,0.2672,James Madison,San Diego State,FBS vs FBS,fbs,fbs,away,7.38,-5.06,9.94,16.0,James Madison,9.94,0.7328
4,4,Week 4,2026-09-26T22:00:00.000Z,401869961,Final,"James Madison 46, Old Dominion 20",Old Dominion,James Madison,0.1754,James Madison,Old Dominion,FBS vs FBS,fbs,fbs,away,7.38,-10.05,14.93,16.0,James Madison,14.93,0.8246
5,5,Week 5,2026-10-03T19:45:00.000Z,401869962,Upcoming,,James Madison,Marshall,0.8441,James Madison,Marshall,FBS vs FBS,fbs,fbs,home,7.38,-6.3,16.18,16.0,James Madison,16.18,0.8441
6,6,Week 6,2026-10-10T04:00:00.000Z,401869949,Upcoming,,Georgia Southern,James Madison,0.2295,James Madison,Georgia Southern,FBS vs FBS,fbs,fbs,away,7.38,-6.97,11.85,16.0,James Madison,11.85,0.7705
7,7,Week 7,2026-10-17T04:00:00.000Z,401869957,Upcoming,,James Madison,Georgia State,0.8375,James Madison,Georgia State,FBS vs FBS,fbs,fbs,home,7.38,-5.87,15.75,16.0,James Madison,15.75,0.8375
8,8,Week 8,2026-10-22T23:00:00.000Z,401869845,Upcoming,,App State,James Madison,0.2441,James Madison,App State,FBS vs FBS,fbs,fbs,away,7.38,-6.21,11.09,16.0,James Madison,11.09,0.7559
9,9,Week 9,2026-10-29T23:30:00.000Z,401869963,Upcoming,,James Madison,Troy,0.8495,James Madison,Troy,FBS vs FBS,fbs,fbs,home,7.38,-6.67,16.55,16.0,James Madison,16.55,0.8495
10,10,Week 10,2026-11-06T01:00:00.000Z,401869964,Upcoming,,Southern Miss,James Madison,0.1082,James Madison,Southern Miss,FBS vs FBS,fbs,fbs,away,7.38,-14.9,19.78,16.0,James Madison,19.78,0.8918
11,11,Week 11,2026-11-14T17:00:00.000Z,401861967,Upcoming,,UConn,James Madison,0.2485,James Madison,UConn,FBS vs FBS,fbs,fbs,away,7.38,-5.99,10.87,16.0,James Madison,10.87,0.7515
13,13,Week 13,2026-11-28T05:00:00.000Z,401869947,Upcoming,,James Madison,Coastal Carolina,0.8909,James Madison,Coastal Carolina,FBS vs FBS,fbs,fbs,home,7.38,-9.82,19.7,16.0,James Madison,19.7,0.8909
1,1,Week 1,2026-09-05T00:00:00.000Z,401856769,Final,"Long Island University 6, Kansas 51",Kansas,Long Island University,0.9627,Kansas,Long Island University (FCS baseline),FCS involved,fbs,fcs,home,-2.83,-36.0,35.67,20.0,Kansas,35.67,0.9627
2,2,Week 2,2026-09-12T00:00:00.000Z,401856678,Final,"Missouri 38, Kansas 21",Kansas,Missouri,0.2985,Kansas,Missouri,FBS vs FBS,fbs,fbs,home,-2.83,8.13,-8.46,16.0,Missouri,8.46,0.2985
3,3,Week 3,2026-09-19T16:00:00.000Z,401856812,Final,"Arizona State 24, Kansas 17",Kansas,Arizona State,0.3957,Kansas,Arizona State,FBS vs FBS,fbs,fbs,neutral,-2.83,1.4,-4.23,16.0,Arizona State,4.23,0.3957
5,5,Week 5,2026-10-03T16:00:00.000Z,401856807,Upcoming,,Kansas,Middle Tennessee,0.6928,Kansas,Middle Tennessee,FBS vs FBS,fbs,fbs,home,-2.83,-8.39,8.06,16.0,Kansas,8.06,0.6928
6,6,Week 6,2026-10-10T04:00:00.000Z,401856827,Upcoming,,Utah,Kansas,0.9153,Kansas,Utah,FBS vs FBS,fbs,fbs,away,-2.83,16.66,-21.99,16.0,Utah,21.99,0.0847
7,7,Week 7,2026-10-17T04:00:00.000Z,401856830,Upcoming,,Kansas State,Kansas,0.789,Kansas,Kansas State,FBS vs FBS,fbs,fbs,away,-2.83,7.52,-12.85,16.0,Kansas State,12.85,0.211
8,8,Week 8,2026-10-24T04:00:00.000Z,401856834,Upcoming,,Kansas,Baylor,0.3807,Kansas,Baylor,FBS vs FBS,fbs,fbs,home,-2.83,4.53,-4.86,16.0,Baylor,4.86,0.3807
9,9,Week 9,2026-10-31T04:00:00.000Z,401856845,Upcoming,,TCU,Kansas,0.7024,Kansas,TCU,FBS vs FBS,fbs,fbs,away,-2.83,3.17,-8.5,16.0,TCU,8.5,0.2976
10,10,Week 10,2026-11-07T05:00:00.000Z,401856850,Upcoming,,Kansas,UCF,0.4266,Kansas,UCF,FBS vs FBS,fbs,fbs,home,-2.83,2.63,-2.96,16.0,UCF,2.96,0.4266
11,11,Week 11,2026-11-14T05:00:00.000Z,401856861,Upcoming,,West Virginia,Kansas,0.611,Kansas,West Virginia,FBS vs FBS,fbs,fbs,away,-2.83,-0.82,-4.51,16.0,West Virginia,4.51,0.389
12,12,Week 12,2026-11-21T05:00:00.000Z,401856866,Upcoming,,Kansas,BYU,0.2595,Kansas,BYU,FBS vs FBS,fbs,fbs,home,-2.83,9.99,-10.32,16.0,BYU,10.32,0.2595
13,13,Week 13,2026-11-28T05:00:00.000Z,401856877,Upcoming,,Oklahoma State,Kansas,0.658,Kansas,Oklahoma State,FBS vs FBS,fbs,fbs,away,-2.83,1.18,-6.51,16.0,Oklahoma State,6.51,0.342
1,1,Week 1,2026-09-05T23:00:00.000Z,401856771,Final,"Nicholls 3, Kansas State 71",Kansas State,Nicholls,0.9893,Kansas State,Nicholls (FCS baseline),FCS involved,fbs,fcs,home,7.52,-36.0,46.02,20.0,Kansas State,46.02,0.9893
2,2,Week 2,2026-09-12T16:00:00.000Z,401856781,Final,"Washington State 7, Kansas State 34",Kansas State,Washington State,0.8343,Kansas State,Washington State,FBS vs FBS,fbs,fbs,home,7.52,-5.52,15.54,16.0,Kansas State,15.54,0.8343
3,3,Week 3,2026-09-19T16:00:00.000Z,401856792,Final,"Tulane 20, Kansas State 31",Kansas State,Tulane,0.7953,Kansas State,Tulane,FBS vs FBS,fbs,fbs,home,7.52,-3.18,13.2,16.0,Kansas State,13.2,0.7953
4,4,Week 4,2026-09-26T23:00:00.000Z,401856814,Final,"Kansas State 26, Cincinnati 31",Cincinnati,Kansas State,0.4183,Kansas State,Cincinnati,FBS vs FBS,fbs,fbs,away,7.52,1.72,3.3,16.0,Kansas State,3.3,0.5817
6,6,Week 6,2026-10-10T04:00:00.000Z,401856825,Upcoming,,Kansas State,Houston,0.5611,Kansas State,Houston,FBS vs FBS,fbs,fbs,home,7.52,7.56,2.46,16.0,Kansas State,2.46,0.5611
7,7,Week 7,2026-10-17T04:00:00.000Z,401856830,Upcoming,,Kansas State,Kansas,0.789,Kansas State,Kansas,FBS vs FBS,fbs,fbs,home,7.52,-2.83,12.85,16.0,Kansas State,12.85,0.789
8,8,Week 8,2026-10-24T04:00:00.000Z,401856839,Upcoming,,Arizona State,Kansas State,0.4105,Kansas State,Arizona State,FBS vs FBS,fbs,fbs,away,7.52,1.4,3.62,16.0,Kansas State,3.62,0.5895
9,9,Week 9,2026-10-31T04:00:00.000Z,401856846,Upcoming,,Colorado,Kansas State,0.295,Kansas State,Colorado,FBS vs FBS,fbs,fbs,away,7.52,-3.6,8.62,16.0,Kansas State,8.62,0.705
10,10,Week 10,2026-11-07T05:00:00.000Z,401856854,Upcoming,,Kansas State,Oklahoma State,0.7097,Kansas State,Oklahoma State,FBS vs FBS,fbs,fbs,home,7.52,1.18,8.84,16.0,Kansas State,8.84,0.7097
11,11,Week 11,2026-11-14T05:00:00.000Z,401856862,Upcoming,,TCU,Kansas State,0.454,Kansas State,TCU,FBS vs FBS,fbs,fbs,away,7.52,3.17,1.85,16.0,Kansas State,1.85,0.546
12,12,Week 12,2026-11-21T05:00:00.000Z,401856865,Upcoming,,Kansas State,Arizona,0.5963,Kansas State,Arizona,FBS vs FBS,fbs,fbs,home,7.52,6.12,3.9,16.0,Kansas State,3.9,0.5963
13,13,Week 13,2026-11-28T05:00:00.000Z,401856878,Upcoming,,Iowa State,Kansas State,0.51,Kansas State,Iowa State,FBS vs FBS,fbs,fbs,away,7.52,5.42,-0.4,16.0,Iowa State,0.4,0.49
1,1,Week 1,2026-09-03T23:00:00.000Z,401864425,Final,"West Georgia 0, Kennesaw State 47",Kennesaw State,West Georgia,0.9108,Kennesaw State,West Georgia (FCS baseline),FCS involved,fbs,fcs,home,-11.59,-36.0,26.91,20.0,Kennesaw State,26.91,0.9108
2,2,Week 2,2026-09-12T23:00:00.000Z,401869955,Final,"Georgia State 31, Kennesaw State 17",Kennesaw State,Georgia State,0.4203,Kennesaw State,Georgia State,FBS vs FBS,fbs,fbs,home,-11.59,-5.87,-3.22,16.0,Georgia State,3.22,0.4203
3,3,Week 3,2026-09-19T23:45:00.000Z,401856692,Final,"Kennesaw State 9, Tennessee 42",Tennessee,Kennesaw State,0.9596,Kennesaw State,Tennessee,FBS vs FBS,fbs,fbs,away,-11.59,13.84,-27.93,16.0,Tennessee,27.93,0.0404
4,4,Week 4,2026-09-26T23:00:00.000Z,401869931,Final,"Kennesaw State 14, Arkansas State 17",Arkansas State,Kennesaw State,0.6122,Kennesaw State,Arkansas State,FBS vs FBS,fbs,fbs,away,-11.59,-9.53,-4.56,16.0,Arkansas State,4.56,0.3878
6,6,Week 6,2026-10-07T23:00:00.000Z,401871051,Upcoming,,Kennesaw State,Jacksonville State,0.4103,Kennesaw State,Jacksonville State,FBS vs FBS,fbs,fbs,home,-11.59,-5.46,-3.63,16.0,Jacksonville State,3.63,0.4103
7,7,Week 7,2026-10-14T23:30:00.000Z,401871054,Upcoming,,Missouri State,Kennesaw State,0.5492,Kennesaw State,Missouri State,FBS vs FBS,fbs,fbs,away,-11.59,-12.11,-1.98,16.0,Missouri State,1.98,0.4508
8,8,Week 8,2026-10-22T23:00:00.000Z,401871056,Upcoming,,Kennesaw State,Liberty,0.1973,Kennesaw State,Liberty,FBS vs FBS,fbs,fbs,home,-11.59,4.53,-13.62,16.0,Liberty,13.62,0.1973
9,9,Week 9,2026-10-28T23:00:00.000Z,401871058,Upcoming,,Middle Tennessee,Kennesaw State,0.6392,Kennesaw State,Middle Tennessee,FBS vs FBS,fbs,fbs,away,-11.59,-8.39,-5.7,16.0,Middle Tennessee,5.7,0.3608
10,10,Week 10,2026-11-07T20:00:00.000Z,401871073,Upcoming,,Kennesaw State,Delaware,0.503,Kennesaw State,Delaware,FBS vs FBS,fbs,fbs,home,-11.59,-9.21,0.12,16.0,Kennesaw State,0.12,0.503
11,11,Week 11,2026-11-14T19:00:00.000Z,401870769,Upcoming,,Sam Houston,Kennesaw State,0.4955,Kennesaw State,Sam Houston,FBS vs FBS,fbs,fbs,away,-11.59,-14.27,0.18,16.0,Kennesaw State,0.18,0.5045
12,12,Week 12,2026-11-21T20:00:00.000Z,401871078,Upcoming,,Kennesaw State,Florida International,0.4086,Kennesaw State,Florida International,FBS vs FBS,fbs,fbs,home,-11.59,-5.39,-3.7,16.0,Florida International,3.7,0.4086
13,13,Week 13,2026-11-28T18:00:00.000Z,401870804,Upcoming,,Western Kentucky,Kennesaw State,0.5349,Kennesaw State,Western Kentucky,FBS vs FBS,fbs,fbs,away,-11.59,-12.69,-1.4,16.0,Western Kentucky,1.4,0.4651
1,1,Week 1,2026-09-05T16:45:00.000Z,401856665,Final,"Kent State 0, South Carolina 57",South Carolina,Kent State,0.9455,Kent State,South Carolina,FBS vs FBS,fbs,fbs,away,-16.43,6.71,-25.64,16.0,South Carolina,25.64,0.0545
2,2,Week 2,2026-09-12T16:00:00.000Z,401866416,Final,"Wofford 15, Kent State 36",Kent State,Wofford,0.8651,Kent State,Wofford (FCS baseline),FCS involved,fbs,fcs,home,-16.43,-36.0,22.07,20.0,Kent State,22.07,0.8651
3,3,Week 3,2026-09-19T16:00:00.000Z,401858454,Final,"Kent State 3, Ohio State 59",Ohio State,Kent State,0.9946,Kent State,Ohio State,FBS vs FBS,fbs,fbs,away,-16.43,21.84,-40.77,16.0,Ohio State,40.77,0.0054
4,4,Week 4,2026-09-26T16:00:00.000Z,401866425,Final,"Ball State 13, Kent State 26",Kent State,Ball State,0.5815,Kent State,Ball State,FBS vs FBS,fbs,fbs,home,-16.43,-17.22,3.29,16.0,Kent State,3.29,0.5815
5,5,Week 5,2026-10-03T19:30:00.000Z,401866434,Upcoming,,Kent State,Ohio,0.3688,Kent State,Ohio,FBS vs FBS,fbs,fbs,home,-16.43,-8.57,-5.36,16.0,Ohio,5.36,0.3688
6,6,Week 6,2026-10-10T04:00:00.000Z,401866439,Upcoming,,Western Michigan,Kent State,0.8403,Kent State,Western Michigan,FBS vs FBS,fbs,fbs,away,-16.43,-3.0,-15.93,16.0,Western Michigan,15.93,0.1597
7,7,Week 7,2026-10-17T04:00:00.000Z,401862806,Upcoming,,South Florida,Kent State,0.9069,Kent State,South Florida,FBS vs FBS,fbs,fbs,away,-16.43,2.22,-21.15,16.0,South Florida,21.15,0.0931
8,8,Week 8,2026-10-24T04:00:00.000Z,401866446,Upcoming,,Kent State,Akron,0.6623,Kent State,Akron,FBS vs FBS,fbs,fbs,home,-16.43,-20.63,6.7,16.0,Kent State,6.7,0.6623
9,9,Week 9,2026-10-31T02:30:00.000Z,401866451,Upcoming,,Sacramento State,Kent State,0.4893,Kent State,Sacramento State,FBS vs FBS,fbs,fbs,away,-16.43,-19.36,0.43,16.0,Kent State,0.43,0.5107
11,11,Week 11,2026-11-11T00:00:00.000Z,401866459,Upcoming,,Bowling Green,Kent State,0.6002,Kent State,Bowling Green,FBS vs FBS,fbs,fbs,away,-16.43,-14.87,-4.06,16.0,Bowling Green,4.06,0.3998
12,12,Week 12,2026-11-18T00:00:00.000Z,401866466,Upcoming,,Kent State,Miami (OH),0.3527,Kent State,Miami (OH),FBS vs FBS,fbs,fbs,home,-16.43,-7.88,-6.05,16.0,Miami (OH),6.05,0.3527
13,13,Week 13,2026-11-25T00:00:00.000Z,401866470,Upcoming,,Eastern Michigan,Kent State,0.6253,Kent State,Eastern Michigan,FBS vs FBS,fbs,fbs,away,-16.43,-13.82,-5.11,16.0,Eastern Michigan,5.11,0.3747
1,1,Week 1,2026-09-05T17:00:00.000Z,401856659,Final,"Youngstown State 13, Kentucky 45",Kentucky,Youngstown State,0.9874,Kentucky,Youngstown State (FCS baseline),FCS involved,fbs,fcs,home,6.26,-36.0,44.76,20.0,Kentucky,44.76,0.9874
2,2,Week 2,2026-09-12T19:30:00.000Z,401856674,Final,"Alabama 45, Kentucky 17",Kentucky,Alabama,0.2238,Kentucky,Alabama,FBS vs FBS,fbs,fbs,home,6.26,20.91,-12.15,16.0,Alabama,12.15,0.2238
3,3,Week 3,2026-09-19T19:30:00.000Z,401856694,Final,"Kentucky 31, Texas A&M 21",Texas A&M,Kentucky,0.6926,Kentucky,Texas A&M,FBS vs FBS,fbs,fbs,away,6.26,11.81,-8.05,16.0,Texas A&M,8.05,0.3074
4,4,Week 4,2026-09-26T16:45:00.000Z,401864576,Final,"South Alabama 21, Kentucky 45",Kentucky,South Alabama,0.8406,Kentucky,South Alabama,FBS vs FBS,fbs,fbs,home,6.26,-7.19,15.95,16.0,Kentucky,15.95,0.8406
5,5,Week 5,2026-10-03T20:15:00.000Z,401856709,Upcoming,,South Carolina,Kentucky,0.5731,Kentucky,South Carolina,FBS vs FBS,fbs,fbs,away,6.26,6.71,-2.95,16.0,South Carolina,2.95,0.4269
6,6,Week 6,2026-10-10T04:00:00.000Z,401856715,Upcoming,,Kentucky,LSU,0.2574,Kentucky,LSU,FBS vs FBS,fbs,fbs,home,6.26,19.18,-10.42,16.0,LSU,10.42,0.2574
7,7,Week 7,2026-10-17T04:00:00.000Z,401856722,Upcoming,,Oklahoma,Kentucky,0.6694,Kentucky,Oklahoma,FBS vs FBS,fbs,fbs,away,6.26,10.77,-7.01,16.0,Oklahoma,7.01,0.3306
8,8,Week 8,2026-10-24T04:00:00.000Z,401856729,Upcoming,,Kentucky,Vanderbilt,0.6131,Kentucky,Vanderbilt,FBS vs FBS,fbs,fbs,home,6.26,4.16,4.6,16.0,Kentucky,4.6,0.6131
10,10,Week 10,2026-11-07T05:00:00.000Z,401856745,Upcoming,,Tennessee,Kentucky,0.7357,Kentucky,Tennessee,FBS vs FBS,fbs,fbs,away,6.26,13.84,-10.08,16.0,Tennessee,10.08,0.2643
11,11,Week 11,2026-11-14T05:00:00.000Z,401856884,Upcoming,,Kentucky,Florida,0.3077,Kentucky,Florida,FBS vs FBS,fbs,fbs,home,6.26,16.8,-8.04,16.0,Florida,8.04,0.3077
12,12,Week 12,2026-11-21T05:00:00.000Z,401856751,Upcoming,,Missouri,Kentucky,0.6076,Kentucky,Missouri,FBS vs FBS,fbs,fbs,away,6.26,8.13,-4.37,16.0,Missouri,4.37,0.3924
13,13,Week 13,2026-11-28T05:00:00.000Z,401856761,Upcoming,,Kentucky,Louisville,0.5329,Kentucky,Louisville,FBS vs FBS,fbs,fbs,home,6.26,7.44,1.32,16.0,Kentucky,1.32,0.5329
1,1,Week 1,2026-09-05T23:30:00.000Z,401856660,Final,"Clemson 10, LSU 51",LSU,Clemson,0.8567,LSU,Clemson,FBS vs FBS,fbs,fbs,home,19.18,4.63,17.05,16.0,LSU,17.05,0.8567
2,2,Week 2,2026-09-12T23:30:00.000Z,401867796,Final,"Louisiana Tech 14, LSU 45",LSU,Louisiana Tech,0.9673,LSU,Louisiana Tech,FBS vs FBS,fbs,fbs,home,19.18,-7.81,29.49,16.0,LSU,29.49,0.9673
3,3,Week 3,2026-09-19T23:30:00.000Z,401856688,Final,"LSU 24, Ole Miss 32",Ole Miss,LSU,0.3921,LSU,Ole Miss,FBS vs FBS,fbs,fbs,away,19.18,12.3,4.38,16.0,LSU,4.38,0.6079
4,4,Week 4,2026-09-26T23:30:00.000Z,401856702,Final,"Texas A&M 6, LSU 35",LSU,Texas A&M,0.7313,LSU,Texas A&M,FBS vs FBS,fbs,fbs,home,19.18,11.81,9.87,16.0,LSU,9.87,0.7313
5,5,Week 5,2026-10-03T23:45:00.000Z,401856706,Upcoming,,LSU,McNeese,0.998,LSU,McNeese (FCS baseline),FCS involved,fbs,fcs,home,19.18,-36.0,57.68,20.0,LSU,57.68,0.998
6,6,Week 6,2026-10-10T04:00:00.000Z,401856715,Upcoming,,Kentucky,LSU,0.2574,LSU,Kentucky,FBS vs FBS,fbs,fbs,away,19.18,6.26,10.42,16.0,LSU,10.42,0.7426
7,7,Week 7,2026-10-17T04:00:00.000Z,401856720,Upcoming,,LSU,Mississippi State,0.7504,LSU,Mississippi State,FBS vs FBS,fbs,fbs,home,19.18,10.87,10.81,16.0,LSU,10.81,0.7504
8,8,Week 8,2026-10-24T16:00:00.000Z,401856728,Upcoming,,Auburn,LSU,0.313,LSU,Auburn,FBS vs FBS,fbs,fbs,away,19.18,8.88,7.8,16.0,LSU,7.8,0.687
10,10,Week 10,2026-11-07T05:00:00.000Z,401856740,Upcoming,,LSU,Alabama,0.5192,LSU,Alabama,FBS vs FBS,fbs,fbs,home,19.18,20.91,0.77,16.0,LSU,0.77,0.5192
11,11,Week 11,2026-11-14T05:00:00.000Z,401856885,Upcoming,,LSU,Texas,0.5152,LSU,Texas,FBS vs FBS,fbs,fbs,home,19.18,21.07,0.61,16.0,LSU,0.61,0.5152
12,12,Week 12,2026-11-21T05:00:00.000Z,401856754,Upcoming,,Tennessee,LSU,0.4296,LSU,Tennessee,FBS vs FBS,fbs,fbs,away,19.18,13.84,2.84,16.0,LSU,2.84,0.5704
13,13,Week 13,2026-11-28T05:00:00.000Z,401856758,Upcoming,,Arkansas,LSU,0.1587,LSU,Arkansas,FBS vs FBS,fbs,fbs,away,19.18,0.68,16.0,16.0,LSU,16.0,0.8413
1,1,Week 1,2026-09-05T16:00:00.000Z,401869960,Final,"Liberty 13, James Madison 20",James Madison,Liberty,0.631,Liberty,James Madison,FBS vs FBS,fbs,fbs,away,4.53,7.38,-5.35,16.0,James Madison,5.35,0.369
2,2,Week 2,2026-09-12T16:00:00.000Z,401868187,Final,"Gardner-Webb 23, Liberty 24",Liberty,Gardner-Webb,0.9843,Liberty,Gardner-Webb (FCS baseline),FCS involved,fbs,fcs,home,4.53,-36.0,43.03,20.0,Liberty,43.03,0.9843
3,3,Week 3,2026-09-19T20:00:00.000Z,401866422,Final,"Ball State 15, Liberty 51",Liberty,Ball State,0.9352,Liberty,Ball State,FBS vs FBS,fbs,fbs,home,4.53,-17.22,24.25,16.0,Liberty,24.25,0.9352
4,4,Week 4,2026-09-24T23:30:00.000Z,401869941,Final,"Liberty 34, Coastal Carolina 17",Coastal Carolina,Liberty,0.2295,Liberty,Coastal Carolina,FBS vs FBS,fbs,fbs,away,4.53,-9.82,11.85,16.0,Liberty,11.85,0.7705
5,5,Week 5,2026-10-02T23:00:00.000Z,401871050,Upcoming,,Delaware,Liberty,0.2412,Liberty,Delaware,FBS vs FBS,fbs,fbs,away,4.53,-9.21,11.24,16.0,Liberty,11.24,0.7588
6,6,Week 6,2026-10-08T23:00:00.000Z,401870766,Upcoming,,Liberty,Sam Houston,0.9084,Liberty,Sam Houston,FBS vs FBS,fbs,fbs,home,4.53,-14.27,21.3,16.0,Liberty,21.3,0.9084
8,8,Week 8,2026-10-22T23:00:00.000Z,401871056,Upcoming,,Kennesaw State,Liberty,0.1973,Liberty,Kennesaw State,FBS vs FBS,fbs,fbs,away,4.53,-11.59,13.62,16.0,Liberty,13.62,0.8027
9,9,Week 9,2026-10-31T19:30:00.000Z,401871059,Upcoming,,Liberty,Florida International,0.7812,Liberty,Florida International,FBS vs FBS,fbs,fbs,home,4.53,-5.39,12.42,16.0,Liberty,12.42,0.7812
10,10,Week 10,2026-11-07T22:00:00.000Z,401870795,Upcoming,,New Mexico State,Liberty,0.1608,Liberty,New Mexico State,FBS vs FBS,fbs,fbs,away,4.53,-13.83,15.86,16.0,Liberty,15.86,0.8392
11,11,Week 11,2026-11-14T20:30:00.000Z,401871061,Upcoming,,Liberty,Middle Tennessee,0.8324,Liberty,Middle Tennessee,FBS vs FBS,fbs,fbs,home,4.53,-8.39,15.42,16.0,Liberty,15.42,0.8324
12,12,Week 12,2026-11-21T18:00:00.000Z,401871080,Upcoming,,Liberty,Western Kentucky,0.8911,Liberty,Western Kentucky,FBS vs FBS,fbs,fbs,home,4.53,-12.69,19.72,16.0,Liberty,19.72,0.8911
13,13,Week 13,2026-11-28T19:00:00.000Z,401871063,Upcoming,,Missouri State,Liberty,0.1884,Liberty,Missouri State,FBS vs FBS,fbs,fbs,away,4.53,-12.11,14.14,16.0,Liberty,14.14,0.8116
1,1,Week 1,2026-09-06T00:00:00.000Z,401869142,Final,"Lamar 7, Louisiana 38",Louisiana,Lamar,0.9646,Louisiana,Lamar (FCS baseline),FCS involved,fbs,fcs,home,-2.36,-36.0,36.14,20.0,Louisiana,36.14,0.9646
2,2,Week 2,2026-09-13T03:00:00.000Z,401858445,Final,"Louisiana 30, USC 49",USC,Louisiana,0.8796,Louisiana,USC,FBS vs FBS,fbs,fbs,away,-2.36,13.91,-18.77,16.0,USC,18.77,0.1204
3,3,Week 3,2026-09-20T00:00:00.000Z,401862776,Final,"UAB 14, Louisiana 21",Louisiana,UAB,0.706,Louisiana,UAB,FBS vs FBS,fbs,fbs,home,-2.36,-8.53,8.67,16.0,Louisiana,8.67,0.706
4,4,Week 4,2026-09-26T22:30:00.000Z,401862780,Final,"Louisiana 34, Charlotte 7",Charlotte,Louisiana,0.2251,Louisiana,Charlotte,FBS vs FBS,fbs,fbs,away,-2.36,-16.94,12.08,16.0,Louisiana,12.08,0.7749
5,5,Week 5,2026-10-04T00:00:00.000Z,401869932,Upcoming,,Louisiana,Arkansas State,0.7272,Louisiana,Arkansas State,FBS vs FBS,fbs,fbs,home,-2.36,-9.53,9.67,16.0,Louisiana,9.67,0.7272
6,6,Week 6,2026-10-10T04:00:00.000Z,401869965,Upcoming,,Louisiana Tech,Louisiana,0.4269,Louisiana,Louisiana Tech,FBS vs FBS,fbs,fbs,away,-2.36,-7.81,2.95,16.0,Louisiana,2.95,0.5731
7,7,Week 7,2026-10-17T04:00:00.000Z,401869966,Upcoming,,Louisiana,Troy,0.6648,Louisiana,Troy,FBS vs FBS,fbs,fbs,home,-2.36,-6.67,6.81,16.0,Louisiana,6.81,0.6648
8,8,Week 8,2026-10-24T04:00:00.000Z,401869967,Upcoming,,Southern Miss,Louisiana,0.2652,Louisiana,Southern Miss,FBS vs FBS,fbs,fbs,away,-2.36,-14.9,10.04,16.0,Louisiana,10.04,0.7348
10,10,Week 10,2026-11-07T05:00:00.000Z,401869968,Upcoming,,Louisiana,South Alabama,0.6766,Louisiana,South Alabama,FBS vs FBS,fbs,fbs,home,-2.36,-7.19,7.33,16.0,Louisiana,7.33,0.6766
11,11,Week 11,2026-11-13T02:00:00.000Z,401869969,Upcoming,,UL Monroe,Louisiana,0.2079,Louisiana,UL Monroe,FBS vs FBS,fbs,fbs,away,-2.36,-17.88,13.02,16.0,Louisiana,13.02,0.7921
12,12,Week 12,2026-11-21T05:00:00.000Z,401869946,Upcoming,,Louisiana,Coastal Carolina,0.7332,Louisiana,Coastal Carolina,FBS vs FBS,fbs,fbs,home,-2.36,-9.82,9.96,16.0,Louisiana,9.96,0.7332
13,13,Week 13,2026-11-28T05:00:00.000Z,401869959,Upcoming,,Georgia State,Louisiana,0.4748,Louisiana,Georgia State,FBS vs FBS,fbs,fbs,away,-2.36,-5.87,1.01,16.0,Louisiana,1.01,0.5252
1,1,Week 1,2026-09-05T23:30:00.000Z,401869129,Final,"Northwestern State 6, Louisiana Tech 80",Louisiana Tech,Northwestern State,0.9375,Louisiana Tech,Northwestern State (FCS baseline),FCS involved,fbs,fcs,home,-7.81,-36.0,30.69,20.0,Louisiana Tech,30.69,0.9375
2,2,Week 2,2026-09-12T23:30:00.000Z,401867796,Final,"Louisiana Tech 14, LSU 45",LSU,Louisiana Tech,0.9673,Louisiana Tech,LSU,FBS vs FBS,fbs,fbs,away,-7.81,19.18,-29.49,16.0,LSU,29.49,0.0327
3,3,Week 3,2026-09-19T20:00:00.000Z,401867804,Final,"Louisiana Tech 19, Baylor 36",Baylor,Louisiana Tech,0.8232,Louisiana Tech,Baylor,FBS vs FBS,fbs,fbs,away,-7.81,4.53,-14.84,16.0,Baylor,14.84,0.1768
5,5,Week 5,2026-10-03T23:30:00.000Z,401869842,Upcoming,,Louisiana Tech,Army,0.4414,Louisiana Tech,Army,FBS vs FBS,fbs,fbs,home,-7.81,-2.95,-2.36,16.0,Army,2.36,0.4414
6,6,Week 6,2026-10-10T04:00:00.000Z,401869965,Upcoming,,Louisiana Tech,Louisiana,0.4269,Louisiana Tech,Louisiana,FBS vs FBS,fbs,fbs,home,-7.81,-2.36,-2.95,16.0,Louisiana,2.95,0.4269
7,7,Week 7,2026-10-17T04:00:00.000Z,401871091,Upcoming,,UL Monroe,Louisiana Tech,0.3181,Louisiana Tech,UL Monroe,FBS vs FBS,fbs,fbs,away,-7.81,-17.88,7.57,16.0,Louisiana Tech,7.57,0.6819
8,8,Week 8,2026-10-24T04:00:00.000Z,401871093,Upcoming,,Louisiana Tech,Old Dominion,0.6165,Louisiana Tech,Old Dominion,FBS vs FBS,fbs,fbs,home,-7.81,-10.05,4.74,16.0,Louisiana Tech,4.74,0.6165
9,9,Week 9,2026-10-31T04:00:00.000Z,401871097,Upcoming,,South Alabama,Louisiana Tech,0.5773,Louisiana Tech,South Alabama,FBS vs FBS,fbs,fbs,away,-7.81,-7.19,-3.12,16.0,South Alabama,3.12,0.4227
10,10,Week 10,2026-11-07T05:00:00.000Z,401871098,Upcoming,,Troy,Louisiana Tech,0.59,Louisiana Tech,Troy,FBS vs FBS,fbs,fbs,away,-7.81,-6.67,-3.64,16.0,Troy,3.64,0.41
11,11,Week 11,2026-11-14T05:00:00.000Z,401871099,Upcoming,,Louisiana Tech,Southern Miss,0.7255,Louisiana Tech,Southern Miss,FBS vs FBS,fbs,fbs,home,-7.81,-14.9,9.59,16.0,Louisiana Tech,9.59,0.7255
12,12,Week 12,2026-11-21T05:00:00.000Z,401869938,Upcoming,,Louisiana Tech,Arkansas State,0.604,Louisiana Tech,Arkansas State,FBS vs FBS,fbs,fbs,home,-7.81,-9.53,4.22,16.0,Louisiana Tech,4.22,0.604
13,13,Week 13,2026-11-28T05:00:00.000Z,401869954,Upcoming,,Georgia Southern,Louisiana Tech,0.5827,Louisiana Tech,Georgia Southern,FBS vs FBS,fbs,fbs,away,-7.81,-6.97,-3.34,16.0,Georgia Southern,3.34,0.4173
1,1,Week 1,2026-09-06T23:30:00.000Z,401856661,Final,"Louisville 38, Ole Miss 41",Ole Miss,Louisville,0.6193,Louisville,Ole Miss,FBS vs FBS,fbs,fbs,neutral,7.44,12.3,-4.86,16.0,Ole Miss,4.86,0.3807
2,2,Week 2,2026-09-11T23:00:00.000Z,401858215,Final,"Villanova 13, Louisville 59",Louisville,Villanova,0.9892,Louisville,Villanova (FCS baseline),FCS involved,fbs,fcs,home,7.44,-36.0,45.94,20.0,Louisville,45.94,0.9892
3,3,Week 3,2026-09-19T19:30:00.000Z,401858230,Final,"SMU 31, Louisville 41",Louisville,SMU,0.5837,Louisville,SMU,FBS vs FBS,fbs,fbs,home,7.44,6.56,3.38,16.0,Louisville,3.38,0.5837
4,4,Week 4,2026-09-26T16:00:00.000Z,401858243,Final,"Wake Forest 30, Louisville 27",Louisville,Wake Forest,0.6846,Louisville,Wake Forest,FBS vs FBS,fbs,fbs,home,7.44,2.25,7.69,16.0,Louisville,7.69,0.6846
5,5,Week 5,2026-10-03T19:30:00.000Z,401858248,Upcoming,,NC State,Louisville,0.3979,Louisville,NC State,FBS vs FBS,fbs,fbs,away,7.44,0.8,4.14,16.0,Louisville,4.14,0.6021
6,6,Week 6,2026-10-09T23:00:00.000Z,401858254,Upcoming,,Louisville,Florida State,0.6448,Louisville,Florida State,FBS vs FBS,fbs,fbs,home,7.44,4.0,5.94,16.0,Louisville,5.94,0.6448
7,7,Week 7,2026-10-17T04:00:00.000Z,401858265,Upcoming,,Syracuse,Louisville,0.292,Louisville,Syracuse,FBS vs FBS,fbs,fbs,away,7.44,-3.82,8.76,16.0,Louisville,8.76,0.708
9,9,Week 9,2026-10-31T04:00:00.000Z,401858283,Upcoming,,Louisville,Stanford,0.853,Louisville,Stanford,FBS vs FBS,fbs,fbs,home,7.44,-6.85,16.79,16.0,Louisville,16.79,0.853
10,10,Week 10,2026-11-07T05:00:00.000Z,401858287,Upcoming,,Georgia Tech,Louisville,0.3114,Louisville,Georgia Tech,FBS vs FBS,fbs,fbs,away,7.44,-2.93,7.87,16.0,Louisville,7.87,0.6886
11,11,Week 11,2026-11-14T05:00:00.000Z,401858298,Upcoming,,North Carolina,Louisville,0.4132,Louisville,North Carolina,FBS vs FBS,fbs,fbs,away,7.44,1.43,3.51,16.0,Louisville,3.51,0.5868
12,12,Week 12,2026-11-21T05:00:00.000Z,401858306,Upcoming,,Louisville,Pittsburgh,0.5663,Louisville,Pittsburgh,FBS vs FBS,fbs,fbs,home,7.44,7.27,2.67,16.0,Louisville,2.67,0.5663
13,13,Week 13,2026-11-28T05:00:00.000Z,401856761,Upcoming,,Kentucky,Louisville,0.5329,Louisville,Kentucky,FBS vs FBS,fbs,fbs,away,7.44,6.26,-1.32,16.0,Kentucky,1.32,0.4671
1,1,Week 1,2026-09-05T19:30:00.000Z,401858434,Final,"Marshall 0, Penn State 45",Penn State,Marshall,0.9273,Marshall,Penn State,FBS vs FBS,fbs,fbs,away,-6.3,14.5,-23.3,16.0,Penn State,23.3,0.0727
2,2,Week 2,2026-09-12T23:00:00.000Z,401871045,Final,"Middle Tennessee 26, Marshall 28",Marshall,Middle Tennessee,0.6129,Marshall,Middle Tennessee,FBS vs FBS,fbs,fbs,home,-6.3,-8.39,4.59,16.0,Marshall,4.59,0.6129
3,3,Week 3,2026-09-19T22:30:00.000Z,401871047,Final,"Marshall 30, Missouri State 24",Missouri State,Marshall,0.4181,Marshall,Missouri State,FBS vs FBS,fbs,fbs,away,-6.3,-12.11,3.31,16.0,Marshall,3.31,0.5819
4,4,Week 4,2026-09-26T19:30:00.000Z,401868188,Final,"Gardner-Webb 35, Marshall 36",Marshall,Gardner-Webb,0.9463,Marshall,Gardner-Webb (FCS baseline),FCS involved,fbs,fcs,home,-6.3,-36.0,32.2,20.0,Marshall,32.2,0.9463
5,5,Week 5,2026-10-03T19:45:00.000Z,401869962,Upcoming,,James Madison,Marshall,0.8441,Marshall,James Madison,FBS vs FBS,fbs,fbs,away,-6.3,7.38,-16.18,16.0,James Madison,16.18,0.1559
6,6,Week 6,2026-10-10T04:00:00.000Z,401869943,Upcoming,,Marshall,Coastal Carolina,0.6466,Marshall,Coastal Carolina,FBS vs FBS,fbs,fbs,home,-6.3,-9.82,6.02,16.0,Marshall,6.02,0.6466
8,8,Week 8,2026-10-20T23:30:00.000Z,401871092,Upcoming,,Marshall,South Alabama,0.5839,Marshall,South Alabama,FBS vs FBS,fbs,fbs,home,-6.3,-7.19,3.39,16.0,Marshall,3.39,0.5839
9,9,Week 9,2026-10-31T04:00:00.000Z,401871096,Upcoming,,Old Dominion,Marshall,0.4689,Marshall,Old Dominion,FBS vs FBS,fbs,fbs,away,-6.3,-10.05,1.25,16.0,Marshall,1.25,0.5311
10,10,Week 10,2026-11-07T05:00:00.000Z,401869951,Upcoming,,Georgia Southern,Marshall,0.5455,Marshall,Georgia Southern,FBS vs FBS,fbs,fbs,away,-6.3,-6.97,-1.83,16.0,Georgia Southern,1.83,0.4545
11,11,Week 11,2026-11-14T05:00:00.000Z,401869928,Upcoming,,Marshall,App State,0.5599,Marshall,App State,FBS vs FBS,fbs,fbs,home,-6.3,-6.21,2.41,16.0,Marshall,2.41,0.5599
12,12,Week 12,2026-11-21T05:00:00.000Z,401869958,Upcoming,,Marshall,Georgia State,0.5515,Marshall,Georgia State,FBS vs FBS,fbs,fbs,home,-6.3,-5.87,2.07,16.0,Marshall,2.07,0.5515
13,13,Week 13,2026-11-28T05:00:00.000Z,401871102,Upcoming,,UL Monroe,Marshall,0.2852,Marshall,UL Monroe,FBS vs FBS,fbs,fbs,away,-6.3,-17.88,9.08,16.0,Marshall,9.08,0.7148
1,1,Week 1,2026-09-06T00:00:00.000Z,401858427,Final,"Hampton 0, Maryland 62",Maryland,Hampton,0.9655,Maryland,Hampton (FCS baseline),FCS involved,fbs,fcs,home,-2.12,-36.0,36.38,20.0,Maryland,36.38,0.9655
2,2,Week 2,2026-09-12T19:30:00.000Z,401858444,Final,"Maryland 38, UConn 14",UConn,Maryland,0.4659,Maryland,UConn,FBS vs FBS,fbs,fbs,away,-2.12,-5.99,1.37,16.0,Maryland,1.37,0.5341
3,3,Week 3,2026-09-19T23:30:00.000Z,401858232,Final,"Virginia Tech 35, Maryland 26",Maryland,Virginia Tech,0.3773,Maryland,Virginia Tech,FBS vs FBS,fbs,fbs,home,-2.12,5.38,-5.0,16.0,Virginia Tech,5.0,0.3773
4,4,Week 4,2026-09-26T17:30:00.000Z,401858462,Final,"UCLA 54, Maryland 3",Maryland,UCLA,0.2776,Maryland,UCLA,FBS vs FBS,fbs,fbs,home,-2.12,9.82,-9.44,16.0,UCLA,9.44,0.2776
5,5,Week 5,2026-10-03T20:00:00.000Z,401858475,Upcoming,,Nebraska,Maryland,0.8559,Maryland,Nebraska,FBS vs FBS,fbs,fbs,away,-2.12,12.37,-16.99,16.0,Nebraska,16.99,0.1441
6,6,Week 6,2026-10-10T04:00:00.000Z,401858483,Upcoming,,Ohio State,Maryland,0.9509,Maryland,Ohio State,FBS vs FBS,fbs,fbs,away,-2.12,21.84,-26.46,16.0,Ohio State,26.46,0.0491
7,7,Week 7,2026-10-17T04:00:00.000Z,401858489,Upcoming,,Maryland,Rutgers,0.6103,Maryland,Rutgers,FBS vs FBS,fbs,fbs,home,-2.12,-4.1,4.48,16.0,Maryland,4.48,0.6103
9,9,Week 9,2026-10-31T04:00:00.000Z,401858503,Upcoming,,Maryland,Illinois,0.4064,Maryland,Illinois,FBS vs FBS,fbs,fbs,home,-2.12,4.17,-3.79,16.0,Illinois,3.79,0.4064
10,10,Week 10,2026-11-07T05:00:00.000Z,401858515,Upcoming,,Purdue,Maryland,0.5,Maryland,Purdue,FBS vs FBS,fbs,fbs,away,-2.12,-4.62,-0.0,16.0,Purdue,0.0,0.5
11,11,Week 11,2026-11-14T05:00:00.000Z,401858520,Upcoming,,Maryland,Wisconsin,0.313,Maryland,Wisconsin,FBS vs FBS,fbs,fbs,home,-2.12,8.18,-7.8,16.0,Wisconsin,7.8,0.313
12,12,Week 12,2026-11-21T05:00:00.000Z,401858534,Upcoming,,USC,Maryland,0.8766,Maryland,USC,FBS vs FBS,fbs,fbs,away,-2.12,13.91,-18.53,16.0,USC,18.53,0.1234
13,13,Week 13,2026-11-28T05:00:00.000Z,401858539,Upcoming,,Maryland,Penn State,0.1888,Maryland,Penn State,FBS vs FBS,fbs,fbs,home,-2.12,14.5,-14.12,16.0,Penn State,14.12,0.1888
1,1,Week 1,2026-09-03T22:00:00.000Z,401858423,Final,"Massachusetts 37, Rutgers 21",Rutgers,Massachusetts,0.6002,Massachusetts,Rutgers,FBS vs FBS,fbs,fbs,away,-5.66,-4.1,-4.06,16.0,Rutgers,4.06,0.3998
2,2,Week 2,2026-09-12T19:30:00.000Z,401866420,Final,"Sacred Heart 10, Massachusetts 37",Massachusetts,Sacred Heart,0.9497,Massachusetts,Sacred Heart (FCS baseline),FCS involved,fbs,fcs,home,-5.66,-36.0,32.84,20.0,Massachusetts,32.84,0.9497
3,3,Week 3,2026-09-19T19:30:00.000Z,401866424,Final,"Stonehill 14, Massachusetts 36",Massachusetts,Stonehill,0.9497,Massachusetts,Stonehill (FCS baseline),FCS involved,fbs,fcs,home,-5.66,-36.0,32.84,20.0,Massachusetts,32.84,0.9497
4,4,Week 4,2026-09-27T01:00:00.000Z,401866429,Final,"Massachusetts 35, Sacramento State 6",Sacramento State,Massachusetts,0.242,Massachusetts,Sacramento State,FBS vs FBS,fbs,fbs,away,-5.66,-19.36,11.2,16.0,Massachusetts,11.2,0.758
5,5,Week 5,2026-10-03T19:30:00.000Z,401866433,Upcoming,,Massachusetts,Eastern Michigan,0.7474,Massachusetts,Eastern Michigan,FBS vs FBS,fbs,fbs,home,-5.66,-13.82,10.66,16.0,Massachusetts,10.66,0.7474
6,6,Week 6,2026-10-10T04:00:00.000Z,401866440,Upcoming,,Massachusetts,Miami (OH),0.616,Massachusetts,Miami (OH),FBS vs FBS,fbs,fbs,home,-5.66,-7.88,4.72,16.0,Massachusetts,4.72,0.616
7,7,Week 7,2026-10-17T04:00:00.000Z,401866442,Upcoming,,Buffalo,Massachusetts,0.3802,Massachusetts,Buffalo,FBS vs FBS,fbs,fbs,away,-5.66,-13.04,4.88,16.0,Massachusetts,4.88,0.6198
8,8,Week 8,2026-10-23T23:00:00.000Z,401861965,Upcoming,,UConn,Massachusetts,0.5539,Massachusetts,UConn,FBS vs FBS,fbs,fbs,away,-5.66,-5.99,-2.17,16.0,UConn,2.17,0.4461
10,10,Week 10,2026-11-04T05:00:00.000Z,401866455,Upcoming,,Massachusetts,Ball State,0.8102,Massachusetts,Ball State,FBS vs FBS,fbs,fbs,home,-5.66,-17.22,14.06,16.0,Massachusetts,14.06,0.8102
11,11,Week 11,2026-11-11T05:00:00.000Z,401866463,Upcoming,,Toledo,Massachusetts,0.6993,Massachusetts,Toledo,FBS vs FBS,fbs,fbs,away,-5.66,0.2,-8.36,16.0,Toledo,8.36,0.3007
12,12,Week 12,2026-11-18T05:00:00.000Z,401866467,Upcoming,,Massachusetts,Akron,0.8626,Massachusetts,Akron,FBS vs FBS,fbs,fbs,home,-5.66,-20.63,17.47,16.0,Massachusetts,17.47,0.8626
13,13,Week 13,2026-11-28T17:00:00.000Z,401866475,Upcoming,,Bowling Green,Massachusetts,0.3375,Massachusetts,Bowling Green,FBS vs FBS,fbs,fbs,away,-5.66,-14.87,6.71,16.0,Massachusetts,6.71,0.6625
1,0,Week 0,2026-08-30T02:00:00.000Z,401862693,Final,"Memphis 27, UNLV 21",UNLV,Memphis,0.4863,Memphis,UNLV,FBS vs FBS,fbs,fbs,away,1.11,-1.94,0.55,16.0,Memphis,0.55,0.5137
1,1,Week 1,2026-09-05T23:00:00.000Z,401862695,Final,"Arkansas State 24, Memphis 42",Memphis,Arkansas State,0.7942,Memphis,Arkansas State,FBS vs FBS,fbs,fbs,home,1.11,-9.53,13.14,16.0,Memphis,13.14,0.7942
2,2,Week 2,2026-09-12T22:00:00.000Z,401860881,Final,"Memphis 20, Boise State 38",Boise State,Memphis,0.7403,Memphis,Boise State,FBS vs FBS,fbs,fbs,away,1.11,8.92,-10.31,16.0,Boise State,10.31,0.2597
3,3,Week 3,2026-09-19T23:00:00.000Z,401862772,Final,"UT Martin 21, Memphis 45",Memphis,UT Martin,0.9762,Memphis,UT Martin (FCS baseline),FCS involved,fbs,fcs,home,1.11,-36.0,39.61,20.0,Memphis,39.61,0.9762
5,5,Week 5,2026-10-03T19:30:00.000Z,401862787,Upcoming,,Charlotte,Memphis,0.1656,Memphis,Charlotte,FBS vs FBS,fbs,fbs,away,1.11,-16.94,15.55,16.0,Memphis,15.55,0.8344
6,6,Week 6,2026-10-10T04:00:00.000Z,401862798,Upcoming,,Memphis,UAB,0.776,Memphis,UAB,FBS vs FBS,fbs,fbs,home,1.11,-8.53,12.14,16.0,Memphis,12.14,0.776
7,7,Week 7,2026-10-16T23:30:00.000Z,401862801,Upcoming,,Tulane,Memphis,0.4555,Memphis,Tulane,FBS vs FBS,fbs,fbs,away,1.11,-3.18,1.79,16.0,Memphis,1.79,0.5445
8,8,Week 8,2026-10-22T23:30:00.000Z,401862807,Upcoming,,Memphis,East Carolina,0.7088,Memphis,East Carolina,FBS vs FBS,fbs,fbs,home,1.11,-5.19,8.8,16.0,Memphis,8.8,0.7088
9,9,Week 9,2026-10-31T04:00:00.000Z,401862814,Upcoming,,Memphis,Army,0.6591,Memphis,Army,FBS vs FBS,fbs,fbs,home,1.11,-2.95,6.56,16.0,Memphis,6.56,0.6591
11,11,Week 11,2026-11-13T01:00:00.000Z,401862824,Upcoming,,South Florida,Memphis,0.5893,Memphis,South Florida,FBS vs FBS,fbs,fbs,away,1.11,2.22,-3.61,16.0,South Florida,3.61,0.4107
12,12,Week 12,2026-11-21T17:00:00.000Z,401862834,Upcoming,,Navy,Memphis,0.4149,Memphis,Navy,FBS vs FBS,fbs,fbs,away,1.11,-4.83,3.44,16.0,Memphis,3.44,0.5851
13,13,Week 13,2026-11-27T05:00:00.000Z,401862838,Upcoming,,Memphis,Temple,0.7131,Memphis,Temple,FBS vs FBS,fbs,fbs,home,1.11,-5.39,9.0,16.0,Memphis,9.0,0.7131
1,1,Week 1,2026-09-05T01:00:00.000Z,401858206,Final,"Miami 45, Stanford 6",Stanford,Miami,0.0599,Miami,Stanford,FBS vs FBS,fbs,fbs,away,20.54,-6.85,24.89,16.0,Miami,24.89,0.9401
2,2,Week 2,2026-09-11T00:00:00.000Z,401858213,Final,"Florida A&M 7, Miami 77",Miami,Florida A&M,0.9984,Miami,Florida A&M (FCS baseline),FCS involved,fbs,fcs,home,20.54,-36.0,59.04,20.0,Miami,59.04,0.9984
3,3,Week 3,2026-09-18T23:30:00.000Z,401858226,Final,"Miami 33, Wake Forest 20",Wake Forest,Miami,0.1619,Miami,Wake Forest,FBS vs FBS,fbs,fbs,away,20.54,2.25,15.79,16.0,Miami,15.79,0.8381
4,4,Week 4,2026-09-26T22:30:00.000Z,401858238,Final,"Central Michigan 3, Miami 52",Miami,Central Michigan,0.9834,Miami,Central Michigan,FBS vs FBS,fbs,fbs,home,20.54,-11.04,34.08,16.0,Miami,34.08,0.9834
5,5,Week 5,2026-10-03T23:30:00.000Z,401858249,Upcoming,,Clemson,Miami,0.201,Miami,Clemson,FBS vs FBS,fbs,fbs,away,20.54,4.63,13.41,16.0,Miami,13.41,0.799
7,7,Week 7,2026-10-17T04:00:00.000Z,401858263,Upcoming,,Miami,Florida State,0.883,Miami,Florida State,FBS vs FBS,fbs,fbs,home,20.54,4.0,19.04,16.0,Miami,19.04,0.883
8,8,Week 8,2026-10-24T04:00:00.000Z,401858274,Upcoming,,Miami,Pittsburgh,0.8378,Miami,Pittsburgh,FBS vs FBS,fbs,fbs,home,20.54,7.27,15.77,16.0,Miami,15.77,0.8378
9,9,Week 9,2026-10-31T04:00:00.000Z,401858282,Upcoming,,North Carolina,Miami,0.1496,Miami,North Carolina,FBS vs FBS,fbs,fbs,away,20.54,1.43,16.61,16.0,Miami,16.61,0.8504
10,10,Week 10,2026-11-08T00:30:00.000Z,401858291,Upcoming,,Notre Dame,Miami,0.6483,Miami,Notre Dame,FBS vs FBS,fbs,fbs,away,20.54,24.13,-6.09,16.0,Notre Dame,6.09,0.3517
11,11,Week 11,2026-11-14T05:00:00.000Z,401858296,Upcoming,,Miami,Duke,0.8549,Miami,Duke,FBS vs FBS,fbs,fbs,home,20.54,6.12,16.92,16.0,Miami,16.92,0.8549
12,12,Week 12,2026-11-21T05:00:00.000Z,401858302,Upcoming,,Miami,Virginia Tech,0.8651,Miami,Virginia Tech,FBS vs FBS,fbs,fbs,home,20.54,5.38,17.66,16.0,Miami,17.66,0.8651
13,13,Week 13,2026-11-28T05:00:00.000Z,401858311,Upcoming,,Miami,Boston College,0.9618,Miami,Boston College,FBS vs FBS,fbs,fbs,home,20.54,-5.31,28.35,16.0,Miami,28.35,0.9618
1,1,Week 1,2026-09-05T16:30:00.000Z,401858207,Final,"Miami (OH) 14, Pittsburgh 59",Pittsburgh,Miami (OH),0.865,Miami (OH),Pittsburgh,FBS vs FBS,fbs,fbs,away,-7.88,7.27,-17.65,16.0,Pittsburgh,17.65,0.135
2,2,Week 2,2026-09-12T17:00:00.000Z,401866417,Final,"Holy Cross 7, Miami (OH) 45",Miami (OH),Holy Cross,0.9371,Miami (OH),Holy Cross (FCS baseline),FCS involved,fbs,fcs,home,-7.88,-36.0,30.62,20.0,Miami (OH),30.62,0.9371
3,3,Week 3,2026-09-19T19:30:00.000Z,401856797,Final,"Miami (OH) 31, Cincinnati 35",Cincinnati,Miami (OH),0.7753,Miami (OH),Cincinnati,FBS vs FBS,fbs,fbs,away,-7.88,1.72,-12.1,16.0,Cincinnati,12.1,0.2247
4,4,Week 4,2026-09-26T19:30:00.000Z,401861970,Final,"UConn 21, Miami (OH) 24",Miami (OH),UConn,0.5152,Miami (OH),UConn,FBS vs FBS,fbs,fbs,home,-7.88,-5.99,0.61,16.0,Miami (OH),0.61,0.5152
5,5,Week 5,2026-10-03T19:30:00.000Z,401866477,Upcoming,,Miami (OH),Bowling Green,0.7235,Miami (OH),Bowling Green,FBS vs FBS,fbs,fbs,home,-7.88,-14.87,9.49,16.0,Miami (OH),9.49,0.7235
6,6,Week 6,2026-10-10T04:00:00.000Z,401866440,Upcoming,,Massachusetts,Miami (OH),0.616,Miami (OH),Massachusetts,FBS vs FBS,fbs,fbs,away,-7.88,-5.66,-4.72,16.0,Massachusetts,4.72,0.384
7,7,Week 7,2026-10-17T04:00:00.000Z,401866478,Upcoming,,Miami (OH),Akron,0.8297,Miami (OH),Akron,FBS vs FBS,fbs,fbs,home,-7.88,-20.63,15.25,16.0,Miami (OH),15.25,0.8297
8,8,Week 8,2026-10-24T04:00:00.000Z,401866476,Upcoming,,Central Michigan,Miami (OH),0.4835,Miami (OH),Central Michigan,FBS vs FBS,fbs,fbs,away,-7.88,-11.04,0.66,16.0,Miami (OH),0.66,0.5165
10,10,Week 10,2026-11-04T00:00:00.000Z,401866454,Upcoming,,Miami (OH),Buffalo,0.6839,Miami (OH),Buffalo,FBS vs FBS,fbs,fbs,home,-7.88,-13.04,7.66,16.0,Miami (OH),7.66,0.6839
11,11,Week 11,2026-11-11T00:00:00.000Z,401866460,Upcoming,,Miami (OH),Ohio,0.579,Miami (OH),Ohio,FBS vs FBS,fbs,fbs,home,-7.88,-8.57,3.19,16.0,Miami (OH),3.19,0.579
12,12,Week 12,2026-11-18T00:00:00.000Z,401866466,Upcoming,,Kent State,Miami (OH),0.3527,Miami (OH),Kent State,FBS vs FBS,fbs,fbs,away,-7.88,-16.43,6.05,16.0,Miami (OH),6.05,0.6473
13,13,Week 13,2026-11-24T05:00:00.000Z,401866471,Upcoming,,Western Michigan,Miami (OH),0.6777,Miami (OH),Western Michigan,FBS vs FBS,fbs,fbs,away,-7.88,-3.0,-7.38,16.0,Western Michigan,7.38,0.3223
1,1,Week 1,2026-09-05T23:30:00.000Z,401858428,Final,"Western Michigan 12, Michigan 13",Michigan,Western Michigan,0.8329,Michigan,Western Michigan,FBS vs FBS,fbs,fbs,home,9.95,-3.0,15.45,16.0,Michigan,15.45,0.8329
2,2,Week 2,2026-09-12T16:00:00.000Z,401856679,Final,"Oklahoma 10, Michigan 17",Michigan,Oklahoma,0.5418,Michigan,Oklahoma,FBS vs FBS,fbs,fbs,home,9.95,10.77,1.68,16.0,Michigan,1.68,0.5418
3,3,Week 3,2026-09-19T19:30:00.000Z,401858450,Final,"UTEP 17, Michigan 52",Michigan,UTEP,0.9762,Michigan,UTEP,FBS vs FBS,fbs,fbs,home,9.95,-19.25,31.7,16.0,Michigan,31.7,0.9762
4,4,Week 4,2026-09-26T19:30:00.000Z,401858463,Final,"Iowa 20, Michigan 19",Michigan,Iowa,0.5366,Michigan,Iowa,FBS vs FBS,fbs,fbs,home,9.95,10.98,1.47,16.0,Michigan,1.47,0.5366
5,5,Week 5,2026-10-03T16:00:00.000Z,401858474,Upcoming,,Minnesota,Michigan,0.359,Michigan,Minnesota,FBS vs FBS,fbs,fbs,away,9.95,1.67,5.78,16.0,Michigan,5.78,0.641
7,7,Week 7,2026-10-17T04:00:00.000Z,401858490,Upcoming,,Michigan,Penn State,0.449,Michigan,Penn State,FBS vs FBS,fbs,fbs,home,9.95,14.5,-2.05,16.0,Penn State,2.05,0.449
8,8,Week 8,2026-10-24T04:00:00.000Z,401858496,Upcoming,,Michigan,Indiana,0.2826,Michigan,Indiana,FBS vs FBS,fbs,fbs,home,9.95,21.65,-9.2,16.0,Indiana,9.2,0.2826
9,9,Week 9,2026-10-31T04:00:00.000Z,401858507,Upcoming,,Rutgers,Michigan,0.2352,Michigan,Rutgers,FBS vs FBS,fbs,fbs,away,9.95,-4.1,11.55,16.0,Michigan,11.55,0.7648
10,10,Week 10,2026-11-07T05:00:00.000Z,401858511,Upcoming,,Michigan,Michigan State,0.7338,Michigan,Michigan State,FBS vs FBS,fbs,fbs,home,9.95,2.46,9.99,16.0,Michigan,9.99,0.7338
11,11,Week 11,2026-11-14T05:00:00.000Z,401858523,Upcoming,,Oregon,Michigan,0.7403,Michigan,Oregon,FBS vs FBS,fbs,fbs,away,9.95,17.76,-10.31,16.0,Oregon,10.31,0.2597
12,12,Week 12,2026-11-21T05:00:00.000Z,401858528,Upcoming,,Michigan,UCLA,0.5653,Michigan,UCLA,FBS vs FBS,fbs,fbs,home,9.95,9.82,2.63,16.0,Michigan,2.63,0.5653
13,13,Week 13,2026-11-28T17:00:00.000Z,401858540,Upcoming,,Ohio State,Michigan,0.8158,Michigan,Ohio State,FBS vs FBS,fbs,fbs,away,9.95,21.84,-14.39,16.0,Ohio State,14.39,0.1842
1,1,Week 1,2026-09-05T00:00:00.000Z,401858429,Final,"Toledo 20, Michigan State 30",Michigan State,Toledo,0.617,Michigan State,Toledo,FBS vs FBS,fbs,fbs,home,2.46,0.2,4.76,16.0,Michigan State,4.76,0.617
2,2,Week 2,2026-09-12T19:30:00.000Z,401858440,Final,"Eastern Michigan 7, Michigan State 35",Michigan State,Eastern Michigan,0.8798,Michigan State,Eastern Michigan,FBS vs FBS,fbs,fbs,home,2.46,-13.82,18.78,16.0,Michigan State,18.78,0.8798
3,3,Week 3,2026-09-19T23:30:00.000Z,401858453,Final,"Michigan State 10, Notre Dame 27",Notre Dame,Michigan State,0.9346,Michigan State,Notre Dame,FBS vs FBS,fbs,fbs,away,2.46,24.13,-24.17,16.0,Notre Dame,24.17,0.0654
4,4,Week 4,2026-09-26T21:00:00.000Z,401858464,Final,"Nebraska 31, Michigan State 13",Michigan State,Nebraska,0.3216,Michigan State,Nebraska,FBS vs FBS,fbs,fbs,home,2.46,12.37,-7.41,16.0,Nebraska,7.41,0.3216
5,5,Week 5,2026-10-03T16:30:00.000Z,401858479,Upcoming,,Wisconsin,Michigan State,0.6963,Michigan State,Wisconsin,FBS vs FBS,fbs,fbs,away,2.46,8.18,-8.22,16.0,Wisconsin,8.22,0.3037
6,6,Week 6,2026-10-10T04:00:00.000Z,401858480,Upcoming,,Michigan State,Illinois,0.5197,Michigan State,Illinois,FBS vs FBS,fbs,fbs,home,2.46,4.17,0.79,16.0,Michigan State,0.79,0.5197
7,7,Week 7,2026-10-17T04:00:00.000Z,401858491,Upcoming,,Michigan State,Northwestern,0.4127,Michigan State,Northwestern,FBS vs FBS,fbs,fbs,home,2.46,8.49,-3.53,16.0,Northwestern,3.53,0.4127
8,8,Week 8,2026-10-24T04:00:00.000Z,401858499,Upcoming,,UCLA,Michigan State,0.7311,Michigan State,UCLA,FBS vs FBS,fbs,fbs,away,2.46,9.82,-9.86,16.0,UCLA,9.86,0.2689
10,10,Week 10,2026-11-07T05:00:00.000Z,401858511,Upcoming,,Michigan,Michigan State,0.7338,Michigan State,Michigan,FBS vs FBS,fbs,fbs,away,2.46,9.95,-9.99,16.0,Michigan,9.99,0.2662
11,11,Week 11,2026-11-14T05:00:00.000Z,401858521,Upcoming,,Michigan State,Washington,0.4636,Michigan State,Washington,FBS vs FBS,fbs,fbs,home,2.46,6.42,-1.46,16.0,Washington,1.46,0.4636
12,12,Week 12,2026-11-21T01:00:00.000Z,401858529,Upcoming,,Michigan State,Oregon,0.2119,Michigan State,Oregon,FBS vs FBS,fbs,fbs,home,2.46,17.76,-12.8,16.0,Oregon,12.8,0.2119
13,13,Week 13,2026-11-28T05:00:00.000Z,401858542,Upcoming,,Rutgers,Michigan State,0.3998,Michigan State,Rutgers,FBS vs FBS,fbs,fbs,away,2.46,-4.1,4.06,16.0,Michigan State,4.06,0.6002
1,1,Week 1,2026-09-05T23:00:00.000Z,401867866,Final,"Murray State 14, Middle Tennessee 38",Middle Tennessee,Murray State,0.9339,Middle Tennessee,Murray State (FCS baseline),FCS involved,fbs,fcs,home,-8.39,-36.0,30.11,20.0,Middle Tennessee,30.11,0.9339
2,2,Week 2,2026-09-12T23:00:00.000Z,401871045,Final,"Middle Tennessee 26, Marshall 28",Marshall,Middle Tennessee,0.6129,Middle Tennessee,Marshall,FBS vs FBS,fbs,fbs,away,-8.39,-6.3,-4.59,16.0,Marshall,4.59,0.3871
3,3,Week 3,2026-09-19T23:00:00.000Z,401864443,Final,"Nevada 20, Middle Tennessee 27",Middle Tennessee,Nevada,0.4684,Middle Tennessee,Nevada,FBS vs FBS,fbs,fbs,home,-8.39,-4.62,-1.27,16.0,Nevada,1.27,0.4684
4,4,Week 4,2026-09-26T23:00:00.000Z,401871048,Final,"Middle Tennessee 13, Jacksonville State 23",Jacksonville State,Middle Tennessee,0.6328,Middle Tennessee,Jacksonville State,FBS vs FBS,fbs,fbs,away,-8.39,-5.46,-5.43,16.0,Jacksonville State,5.43,0.3672
5,5,Week 5,2026-10-03T16:00:00.000Z,401856807,Upcoming,,Kansas,Middle Tennessee,0.6928,Middle Tennessee,Kansas,FBS vs FBS,fbs,fbs,away,-8.39,-2.83,-8.06,16.0,Kansas,8.06,0.3072
7,7,Week 7,2026-10-13T23:00:00.000Z,401871067,Upcoming,,Middle Tennessee,Delaware,0.5822,Middle Tennessee,Delaware,FBS vs FBS,fbs,fbs,home,-8.39,-9.21,3.32,16.0,Middle Tennessee,3.32,0.5822
8,8,Week 8,2026-10-20T23:00:00.000Z,401871055,Upcoming,,Florida International,Middle Tennessee,0.6345,Middle Tennessee,Florida International,FBS vs FBS,fbs,fbs,away,-8.39,-5.39,-5.5,16.0,Florida International,5.5,0.3655
9,9,Week 9,2026-10-28T23:00:00.000Z,401871058,Upcoming,,Middle Tennessee,Kennesaw State,0.6392,Middle Tennessee,Kennesaw State,FBS vs FBS,fbs,fbs,home,-8.39,-11.59,5.7,16.0,Middle Tennessee,5.7,0.6392
10,10,Week 10,2026-11-07T20:30:00.000Z,401871076,Upcoming,,Middle Tennessee,Western Kentucky,0.6646,Middle Tennessee,Western Kentucky,FBS vs FBS,fbs,fbs,home,-8.39,-12.69,6.8,16.0,Middle Tennessee,6.8,0.6646
11,11,Week 11,2026-11-14T20:30:00.000Z,401871061,Upcoming,,Liberty,Middle Tennessee,0.8324,Middle Tennessee,Liberty,FBS vs FBS,fbs,fbs,away,-8.39,4.53,-15.42,16.0,Liberty,15.42,0.1676
12,12,Week 12,2026-11-21T19:00:00.000Z,401871081,Upcoming,,Sam Houston,Middle Tennessee,0.4163,Middle Tennessee,Sam Houston,FBS vs FBS,fbs,fbs,away,-8.39,-14.27,3.38,16.0,Middle Tennessee,3.38,0.5837
13,13,Week 13,2026-11-28T19:00:00.000Z,401871083,Upcoming,,Middle Tennessee,New Mexico State,0.6901,Middle Tennessee,New Mexico State,FBS vs FBS,fbs,fbs,home,-8.39,-13.83,7.94,16.0,Middle Tennessee,7.94,0.6901
1,1,Week 1,2026-09-04T00:00:00.000Z,401858422,Final,"Eastern Illinois 7, Minnesota 59",Minnesota,Eastern Illinois,0.9777,Minnesota,Eastern Illinois (FCS baseline),FCS involved,fbs,fcs,home,1.67,-36.0,40.17,20.0,Minnesota,40.17,0.9777
2,2,Week 2,2026-09-12T19:30:00.000Z,401856677,Final,"Mississippi State 38, Minnesota 13",Minnesota,Mississippi State,0.3377,Minnesota,Mississippi State,FBS vs FBS,fbs,fbs,home,1.67,10.87,-6.7,16.0,Mississippi State,6.7,0.3377
3,3,Week 3,2026-09-19T16:00:00.000Z,401858451,Final,"Akron 7, Minnesota 41",Minnesota,Akron,0.9394,Minnesota,Akron,FBS vs FBS,fbs,fbs,home,1.67,-20.63,24.8,16.0,Minnesota,24.8,0.9394
4,4,Week 4,2026-09-27T03:00:00.000Z,401858470,Final,"Minnesota 27, Washington 24",Washington,Minnesota,0.6748,Minnesota,Washington,FBS vs FBS,fbs,fbs,away,1.67,6.42,-7.25,16.0,Washington,7.25,0.3252
5,5,Week 5,2026-10-03T16:00:00.000Z,401858474,Upcoming,,Minnesota,Michigan,0.359,Minnesota,Michigan,FBS vs FBS,fbs,fbs,home,1.67,9.95,-5.78,16.0,Michigan,5.78,0.359
6,6,Week 6,2026-10-10T04:00:00.000Z,401858486,Upcoming,,Purdue,Minnesota,0.4064,Minnesota,Purdue,FBS vs FBS,fbs,fbs,away,1.67,-4.62,3.79,16.0,Minnesota,3.79,0.5936
8,8,Week 8,2026-10-24T04:00:00.000Z,401858497,Upcoming,,Minnesota,Iowa,0.3352,Minnesota,Iowa,FBS vs FBS,fbs,fbs,home,1.67,10.98,-6.81,16.0,Iowa,6.81,0.3352
9,9,Week 9,2026-10-31T04:00:00.000Z,401858501,Upcoming,,Indiana,Minnesota,0.92,Minnesota,Indiana,FBS vs FBS,fbs,fbs,away,1.67,21.65,-22.48,16.0,Indiana,22.48,0.08
10,10,Week 10,2026-11-07T05:00:00.000Z,401858512,Upcoming,,Minnesota,UCLA,0.362,Minnesota,UCLA,FBS vs FBS,fbs,fbs,home,1.67,9.82,-5.65,16.0,UCLA,5.65,0.362
11,11,Week 11,2026-11-14T05:00:00.000Z,401858524,Upcoming,,Penn State,Minnesota,0.831,Minnesota,Penn State,FBS vs FBS,fbs,fbs,away,1.67,14.5,-15.33,16.0,Penn State,15.33,0.169
12,12,Week 12,2026-11-21T05:00:00.000Z,401858530,Upcoming,,Minnesota,Northwestern,0.3936,Minnesota,Northwestern,FBS vs FBS,fbs,fbs,home,1.67,8.49,-4.32,16.0,Northwestern,4.32,0.3936
13,13,Week 13,2026-11-28T00:30:00.000Z,401858544,Upcoming,,Wisconsin,Minnesota,0.7133,Minnesota,Wisconsin,FBS vs FBS,fbs,fbs,away,1.67,8.18,-9.01,16.0,Wisconsin,9.01,0.2867
1,1,Week 1,2026-09-05T23:30:00.000Z,401856662,Final,"UL Monroe 13, Mississippi State 62",Mississippi State,UL Monroe,0.9746,Mississippi State,UL Monroe,FBS vs FBS,fbs,fbs,home,10.87,-17.88,31.25,16.0,Mississippi State,31.25,0.9746
2,2,Week 2,2026-09-12T19:30:00.000Z,401856677,Final,"Mississippi State 38, Minnesota 13",Minnesota,Mississippi State,0.3377,Mississippi State,Minnesota,FBS vs FBS,fbs,fbs,away,10.87,1.67,6.7,16.0,Mississippi State,6.7,0.6623
3,3,Week 3,2026-09-19T20:15:00.000Z,401856691,Final,"Mississippi State 41, South Carolina 34",South Carolina,Mississippi State,0.4587,Mississippi State,South Carolina,FBS vs FBS,fbs,fbs,away,10.87,6.71,1.66,16.0,Mississippi State,1.66,0.5413
4,4,Week 4,2026-09-26T23:45:00.000Z,401856703,Final,"Missouri 24, Mississippi State 31",Mississippi State,Missouri,0.6284,Mississippi State,Missouri,FBS vs FBS,fbs,fbs,home,10.87,8.13,5.24,16.0,Mississippi State,5.24,0.6284
5,5,Week 5,2026-10-03T16:00:00.000Z,401856707,Upcoming,,Mississippi State,Alabama,0.3187,Mississippi State,Alabama,FBS vs FBS,fbs,fbs,home,10.87,20.91,-7.54,16.0,Alabama,7.54,0.3187
7,7,Week 7,2026-10-17T04:00:00.000Z,401856720,Upcoming,,LSU,Mississippi State,0.7504,Mississippi State,LSU,FBS vs FBS,fbs,fbs,away,10.87,19.18,-10.81,16.0,LSU,10.81,0.2496
8,8,Week 8,2026-10-24T04:00:00.000Z,401856730,Upcoming,,Mississippi State,Oklahoma,0.5645,Mississippi State,Oklahoma,FBS vs FBS,fbs,fbs,home,10.87,10.77,2.6,16.0,Mississippi State,2.6,0.5645
9,9,Week 9,2026-10-31T04:00:00.000Z,401856737,Upcoming,,Texas,Mississippi State,0.7863,Mississippi State,Texas,FBS vs FBS,fbs,fbs,away,10.87,21.07,-12.7,16.0,Texas,12.7,0.2137
10,10,Week 10,2026-11-07T05:00:00.000Z,401856742,Upcoming,,Mississippi State,Vanderbilt,0.7176,Mississippi State,Vanderbilt,FBS vs FBS,fbs,fbs,home,10.87,4.16,9.21,16.0,Mississippi State,9.21,0.7176
11,11,Week 11,2026-11-14T05:00:00.000Z,401856886,Upcoming,,Mississippi State,Auburn,0.6105,Mississippi State,Auburn,FBS vs FBS,fbs,fbs,home,10.87,8.88,4.49,16.0,Mississippi State,4.49,0.6105
12,12,Week 12,2026-11-21T18:00:00.000Z,401856750,Upcoming,,Mississippi State,Tennessee Tech,0.9932,Mississippi State,Tennessee Tech (FCS baseline),FCS involved,fbs,fcs,home,10.87,-36.0,49.37,20.0,Mississippi State,49.37,0.9932
13,13,Week 13,2026-11-27T17:00:00.000Z,401856762,Upcoming,,Ole Miss,Mississippi State,0.597,Mississippi State,Ole Miss,FBS vs FBS,fbs,fbs,away,10.87,12.3,-3.93,16.0,Ole Miss,3.93,0.403
1,1,Week 1,2026-09-04T00:00:00.000Z,401856663,Final,"Arkansas-Pine Bluff 14, Missouri 54",Missouri,Arkansas-Pine Bluff,0.9901,Missouri,Arkansas-Pine Bluff (FCS baseline),FCS involved,fbs,fcs,home,8.13,-36.0,46.63,20.0,Missouri,46.63,0.9901
2,2,Week 2,2026-09-12T00:00:00.000Z,401856678,Final,"Missouri 38, Kansas 21",Kansas,Missouri,0.2985,Missouri,Kansas,FBS vs FBS,fbs,fbs,away,8.13,-2.83,8.46,16.0,Missouri,8.46,0.7015
3,3,Week 3,2026-09-19T23:00:00.000Z,401856689,Final,"Troy 17, Missouri 27",Missouri,Troy,0.8602,Missouri,Troy,FBS vs FBS,fbs,fbs,home,8.13,-6.67,17.3,16.0,Missouri,17.3,0.8602
4,4,Week 4,2026-09-26T23:45:00.000Z,401856703,Final,"Missouri 24, Mississippi State 31",Mississippi State,Missouri,0.6284,Missouri,Mississippi State,FBS vs FBS,fbs,fbs,away,8.13,10.87,-5.24,16.0,Mississippi State,5.24,0.3716
5,5,Week 5,2026-10-03T19:30:00.000Z,401856708,Upcoming,,Missouri,Florida,0.3499,Missouri,Florida,FBS vs FBS,fbs,fbs,home,8.13,16.8,-6.17,16.0,Florida,6.17,0.3499
6,6,Week 6,2026-10-10T04:00:00.000Z,401856716,Upcoming,,Missouri,Texas A&M,0.4706,Missouri,Texas A&M,FBS vs FBS,fbs,fbs,home,8.13,11.81,-1.18,16.0,Texas A&M,1.18,0.4706
7,7,Week 7,2026-10-17T04:00:00.000Z,401856721,Upcoming,,Ole Miss,Missouri,0.6616,Missouri,Ole Miss,FBS vs FBS,fbs,fbs,away,8.13,12.3,-6.67,16.0,Ole Miss,6.67,0.3384
9,9,Week 9,2026-10-31T04:00:00.000Z,401856733,Upcoming,,Arkansas,Missouri,0.3785,Missouri,Arkansas,FBS vs FBS,fbs,fbs,away,8.13,0.68,4.95,16.0,Missouri,4.95,0.6215
10,10,Week 10,2026-11-07T05:00:00.000Z,401856743,Upcoming,,Missouri,Texas,0.257,Missouri,Texas,FBS vs FBS,fbs,fbs,home,8.13,21.07,-10.44,16.0,Texas,10.44,0.257
11,11,Week 11,2026-11-14T05:00:00.000Z,401856883,Upcoming,,Georgia,Missouri,0.8693,Missouri,Georgia,FBS vs FBS,fbs,fbs,away,8.13,23.6,-17.97,16.0,Georgia,17.97,0.1307
12,12,Week 12,2026-11-21T05:00:00.000Z,401856751,Upcoming,,Missouri,Kentucky,0.6076,Missouri,Kentucky,FBS vs FBS,fbs,fbs,home,8.13,6.26,4.37,16.0,Missouri,4.37,0.6076
13,13,Week 13,2026-11-28T05:00:00.000Z,401856763,Upcoming,,Missouri,Oklahoma,0.4965,Missouri,Oklahoma,FBS vs FBS,fbs,fbs,home,8.13,10.77,-0.14,16.0,Oklahoma,0.14,0.4965
1,1,Week 1,2026-09-05T23:00:00.000Z,401856668,Final,"Missouri State 0, Texas A&M 50",Texas A&M,Missouri State,0.9507,Missouri State,Texas A&M,FBS vs FBS,fbs,fbs,away,-12.11,11.81,-26.42,16.0,Texas A&M,26.42,0.0493
2,2,Week 2,2026-09-12T23:00:00.000Z,401871046,Final,"Lindenwood 14, Missouri State 48",Missouri State,Lindenwood,0.9065,Missouri State,Lindenwood (FCS baseline),FCS involved,fbs,fcs,home,-12.11,-36.0,26.39,20.0,Missouri State,26.39,0.9065
3,3,Week 3,2026-09-19T22:30:00.000Z,401871047,Final,"Marshall 30, Missouri State 24",Missouri State,Marshall,0.4181,Missouri State,Marshall,FBS vs FBS,fbs,fbs,home,-12.11,-6.3,-3.31,16.0,Marshall,3.31,0.4181
4,4,Week 4,2026-09-27T01:00:00.000Z,401858241,Final,"Missouri State 24, SMU 34",SMU,Missouri State,0.9071,Missouri State,SMU,FBS vs FBS,fbs,fbs,away,-12.11,6.56,-21.17,16.0,SMU,21.17,0.0929
6,6,Week 6,2026-10-08T23:00:00.000Z,401871052,Upcoming,,Western Kentucky,Missouri State,0.5478,Missouri State,Western Kentucky,FBS vs FBS,fbs,fbs,away,-12.11,-12.69,-1.92,16.0,Western Kentucky,1.92,0.4522
7,7,Week 7,2026-10-14T23:30:00.000Z,401871054,Upcoming,,Missouri State,Kennesaw State,0.5492,Missouri State,Kennesaw State,FBS vs FBS,fbs,fbs,home,-12.11,-11.59,1.98,16.0,Missouri State,1.98,0.5492
8,8,Week 8,2026-10-20T23:00:00.000Z,401871069,Upcoming,,Delaware,Missouri State,0.6321,Missouri State,Delaware,FBS vs FBS,fbs,fbs,away,-12.11,-9.21,-5.4,16.0,Delaware,5.4,0.3679
9,9,Week 9,2026-10-28T00:00:00.000Z,401871072,Upcoming,,Missouri State,Sam Houston,0.6146,Missouri State,Sam Houston,FBS vs FBS,fbs,fbs,home,-12.11,-14.27,4.66,16.0,Missouri State,4.66,0.6146
10,10,Week 10,2026-11-07T21:00:00.000Z,401871074,Upcoming,,Florida International,Missouri State,0.7178,Missouri State,Florida International,FBS vs FBS,fbs,fbs,away,-12.11,-5.39,-9.22,16.0,Florida International,9.22,0.2822
11,11,Week 11,2026-11-14T20:00:00.000Z,401870796,Upcoming,,Missouri State,New Mexico State,0.604,Missouri State,New Mexico State,FBS vs FBS,fbs,fbs,home,-12.11,-13.83,4.22,16.0,Missouri State,4.22,0.604
12,12,Week 12,2026-11-21T19:00:00.000Z,401871079,Upcoming,,Jacksonville State,Missouri State,0.7163,Missouri State,Jacksonville State,FBS vs FBS,fbs,fbs,away,-12.11,-5.46,-9.15,16.0,Jacksonville State,9.15,0.2837
13,13,Week 13,2026-11-28T19:00:00.000Z,401871063,Upcoming,,Missouri State,Liberty,0.1884,Missouri State,Liberty,FBS vs FBS,fbs,fbs,home,-12.11,4.53,-14.14,16.0,Liberty,14.14,0.1884
1,0,Week 0,2026-08-29T19:30:00.000Z,401858202,Final,"NC State 8, Virginia 34",Virginia,NC State,0.7163,NC State,Virginia,FBS vs FBS,fbs,fbs,away,0.8,7.45,-9.15,16.0,Virginia,9.15,0.2837
2,2,Week 2,2026-09-11T23:00:00.000Z,401858222,Final,"Richmond 0, NC State 73",NC State,Richmond,0.9753,NC State,Richmond (FCS baseline),FCS involved,fbs,fcs,home,0.8,-36.0,39.3,20.0,NC State,39.3,0.9753
3,3,Week 3,2026-09-19T16:45:00.000Z,401856695,Final,"NC State 31, Vanderbilt 35",Vanderbilt,NC State,0.6429,NC State,Vanderbilt,FBS vs FBS,fbs,fbs,away,0.8,4.16,-5.86,16.0,Vanderbilt,5.86,0.3571
4,4,Week 4,2026-09-26T23:30:00.000Z,401864572,Final,"App State 31, NC State 41",NC State,App State,0.7239,NC State,App State,FBS vs FBS,fbs,fbs,home,0.8,-6.21,9.51,16.0,NC State,9.51,0.7239
5,5,Week 5,2026-10-03T19:30:00.000Z,401858248,Upcoming,,NC State,Louisville,0.3979,NC State,Louisville,FBS vs FBS,fbs,fbs,home,0.8,7.44,-4.14,16.0,Louisville,4.14,0.3979
6,6,Week 6,2026-10-10T04:00:00.000Z,401858260,Upcoming,,NC State,Wake Forest,0.5262,NC State,Wake Forest,FBS vs FBS,fbs,fbs,home,0.8,2.25,1.05,16.0,NC State,1.05,0.5262
8,8,Week 8,2026-10-24T02:30:00.000Z,401858272,Upcoming,,Stanford,NC State,0.3738,NC State,Stanford,FBS vs FBS,fbs,fbs,away,0.8,-6.85,5.15,16.0,NC State,5.15,0.6262
9,9,Week 9,2026-10-31T04:00:00.000Z,401858277,Upcoming,,NC State,California,0.6716,NC State,California,FBS vs FBS,fbs,fbs,home,0.8,-3.81,7.11,16.0,NC State,7.11,0.6716
10,10,Week 10,2026-11-07T05:00:00.000Z,401858286,Upcoming,,NC State,Duke,0.43,NC State,Duke,FBS vs FBS,fbs,fbs,home,0.8,6.12,-2.82,16.0,Duke,2.82,0.43
11,11,Week 11,2026-11-14T05:00:00.000Z,401858300,Upcoming,,NC State,Syracuse,0.6718,NC State,Syracuse,FBS vs FBS,fbs,fbs,home,0.8,-3.82,7.12,16.0,NC State,7.12,0.6718
12,12,Week 12,2026-11-21T05:00:00.000Z,401858304,Upcoming,,Florida State,NC State,0.6392,NC State,Florida State,FBS vs FBS,fbs,fbs,away,0.8,4.0,-5.7,16.0,Florida State,5.7,0.3608
13,13,Week 13,2026-11-28T05:00:00.000Z,401858313,Upcoming,,North Carolina,NC State,0.5775,NC State,North Carolina,FBS vs FBS,fbs,fbs,away,0.8,1.43,-3.13,16.0,North Carolina,3.13,0.4225
1,1,Week 1,2026-09-05T19:30:00.000Z,401862696,Final,"Towson 15, Navy 42",Navy,Towson,0.9539,Navy,Towson (FCS baseline),FCS involved,fbs,fcs,home,-4.83,-36.0,33.67,20.0,Navy,33.67,0.9539
2,2,Week 2,2026-09-12T23:30:00.000Z,401862703,Final,"Navy 30, Florida Atlantic 38",Florida Atlantic,Navy,0.5729,Navy,Florida Atlantic,FBS vs FBS,fbs,fbs,away,-4.83,-4.39,-2.94,16.0,Florida Atlantic,2.94,0.4271
4,4,Week 4,2026-09-25T23:00:00.000Z,401862778,Final,"Navy 20, UAB 24",UAB,Navy,0.4701,Navy,UAB,FBS vs FBS,fbs,fbs,away,-4.83,-8.53,1.2,16.0,Navy,1.2,0.5299
5,5,Week 5,2026-10-03T16:00:00.000Z,401862791,Upcoming,,Air Force,Navy,0.5919,Navy,Air Force,FBS vs FBS,fbs,fbs,away,-4.83,-3.61,-3.72,16.0,Air Force,3.72,0.4081
6,6,Week 6,2026-10-10T19:30:00.000Z,401862799,Upcoming,,Navy,Tulsa,0.6026,Navy,Tulsa,FBS vs FBS,fbs,fbs,home,-4.83,-6.49,4.16,16.0,Navy,4.16,0.6026
7,7,Week 7,2026-10-17T04:00:00.000Z,401862804,Upcoming,,UTSA,Navy,0.7054,Navy,UTSA,FBS vs FBS,fbs,fbs,away,-4.83,1.31,-8.64,16.0,UTSA,8.64,0.2946
8,8,Week 8,2026-10-24T19:30:00.000Z,401862810,Upcoming,,Navy,North Texas,0.451,Navy,North Texas,FBS vs FBS,fbs,fbs,home,-4.83,-0.36,-1.97,16.0,North Texas,1.97,0.451
9,9,Week 9,2026-10-31T16:00:00.000Z,401859185,Upcoming,,Navy,Notre Dame,0.0351,Navy,Notre Dame,FBS vs FBS,fbs,fbs,neutral,-4.83,24.13,-28.96,16.0,Notre Dame,28.96,0.0351
10,10,Week 10,2026-11-07T20:30:00.000Z,401862820,Upcoming,,Navy,Temple,0.5758,Navy,Temple,FBS vs FBS,fbs,fbs,home,-4.83,-5.39,3.06,16.0,Navy,3.06,0.5758
12,12,Week 12,2026-11-21T17:00:00.000Z,401862834,Upcoming,,Navy,Memphis,0.4149,Navy,Memphis,FBS vs FBS,fbs,fbs,home,-4.83,1.11,-3.44,16.0,Memphis,3.44,0.4149
13,13,Week 13,2026-11-28T05:00:00.000Z,401862842,Upcoming,,Charlotte,Navy,0.274,Navy,Charlotte,FBS vs FBS,fbs,fbs,away,-4.83,-16.94,9.61,16.0,Navy,9.61,0.726
15,15,Week 15,2026-12-12T20:00:00.000Z,401862844,Upcoming,,Army,Navy,0.5468,Navy,Army,FBS vs FBS,fbs,fbs,neutral,-4.83,-2.95,-1.88,16.0,Army,1.88,0.4532
1,1,Week 1,2026-09-05T16:00:00.000Z,401858430,Final,"Ohio 21, Nebraska 49",Nebraska,Ohio,0.9285,Nebraska,Ohio,FBS vs FBS,fbs,fbs,home,12.37,-8.57,23.44,16.0,Nebraska,23.44,0.9285
2,2,Week 2,2026-09-12T23:00:00.000Z,401858441,Final,"Bowling Green 7, Nebraska 56",Nebraska,Bowling Green,0.9685,Nebraska,Bowling Green,FBS vs FBS,fbs,fbs,home,12.37,-14.87,29.74,16.0,Nebraska,29.74,0.9685
3,3,Week 3,2026-09-19T23:15:00.000Z,401858452,Final,"North Dakota 7, Nebraska 34",Nebraska,North Dakota,0.9945,Nebraska,North Dakota (FCS baseline),FCS involved,fbs,fcs,home,12.37,-36.0,50.87,20.0,Nebraska,50.87,0.9945
4,4,Week 4,2026-09-26T21:00:00.000Z,401858464,Final,"Nebraska 31, Michigan State 13",Michigan State,Nebraska,0.3216,Nebraska,Michigan State,FBS vs FBS,fbs,fbs,away,12.37,2.46,7.41,16.0,Nebraska,7.41,0.6784
5,5,Week 5,2026-10-03T20:00:00.000Z,401858475,Upcoming,,Nebraska,Maryland,0.8559,Nebraska,Maryland,FBS vs FBS,fbs,fbs,home,12.37,-2.12,16.99,16.0,Nebraska,16.99,0.8559
6,6,Week 6,2026-10-10T04:00:00.000Z,401858481,Upcoming,,Nebraska,Indiana,0.3359,Nebraska,Indiana,FBS vs FBS,fbs,fbs,home,12.37,21.65,-6.78,16.0,Indiana,6.78,0.3359
7,7,Week 7,2026-10-17T04:00:00.000Z,401858492,Upcoming,,Oregon,Nebraska,0.689,Nebraska,Oregon,FBS vs FBS,fbs,fbs,away,12.37,17.76,-7.89,16.0,Oregon,7.89,0.311
9,9,Week 9,2026-10-31T04:00:00.000Z,401858504,Upcoming,,Nebraska,Washington,0.7013,Nebraska,Washington,FBS vs FBS,fbs,fbs,home,12.37,6.42,8.45,16.0,Nebraska,8.45,0.7013
10,10,Week 10,2026-11-07T01:00:00.000Z,401858510,Upcoming,,Illinois,Nebraska,0.3608,Nebraska,Illinois,FBS vs FBS,fbs,fbs,away,12.37,4.17,5.7,16.0,Nebraska,5.7,0.6392
11,11,Week 11,2026-11-14T05:00:00.000Z,401858525,Upcoming,,Rutgers,Nebraska,0.1913,Nebraska,Rutgers,FBS vs FBS,fbs,fbs,away,12.37,-4.1,13.97,16.0,Nebraska,13.97,0.8087
12,12,Week 12,2026-11-21T05:00:00.000Z,401858531,Upcoming,,Nebraska,Ohio State,0.3316,Nebraska,Ohio State,FBS vs FBS,fbs,fbs,home,12.37,21.84,-6.97,16.0,Ohio State,6.97,0.3316
13,13,Week 13,2026-11-27T17:00:00.000Z,401858536,Upcoming,,Iowa,Nebraska,0.5277,Nebraska,Iowa,FBS vs FBS,fbs,fbs,away,12.37,10.98,-1.11,16.0,Iowa,1.11,0.4723
1,1,Week 1,2026-09-06T02:30:00.000Z,401864432,Final,"Western Kentucky 14, Nevada 49",Nevada,Western Kentucky,0.7456,Nevada,Western Kentucky,FBS vs FBS,fbs,fbs,home,-4.62,-12.69,10.57,16.0,Nevada,10.57,0.7456
2,2,Week 2,2026-09-13T02:30:00.000Z,401864500,Final,"Montana State 20, Nevada 7",Nevada,Montana State,0.9549,Nevada,Montana State (FCS baseline),FCS involved,fbs,fcs,home,-4.62,-36.0,33.88,20.0,Nevada,33.88,0.9549
3,3,Week 3,2026-09-19T23:00:00.000Z,401864443,Final,"Nevada 20, Middle Tennessee 27",Middle Tennessee,Nevada,0.4684,Nevada,Middle Tennessee,FBS vs FBS,fbs,fbs,away,-4.62,-8.39,1.27,16.0,Nevada,1.27,0.5316
4,4,Week 4,2026-09-27T02:30:00.000Z,401864509,Final,"Air Force 36, Nevada 33",Nevada,Air Force,0.5371,Nevada,Air Force,FBS vs FBS,fbs,fbs,home,-4.62,-3.61,1.49,16.0,Nevada,1.49,0.5371
6,6,Week 6,2026-10-10T04:00:00.000Z,401864517,Upcoming,,UTEP,Nevada,0.2242,Nevada,UTEP,FBS vs FBS,fbs,fbs,away,-4.62,-19.25,12.13,16.0,Nevada,12.13,0.7758
7,7,Week 7,2026-10-17T23:00:00.000Z,401864520,Upcoming,,North Dakota State,Nevada,0.7617,Nevada,North Dakota State,FBS vs FBS,fbs,fbs,away,-4.62,4.27,-11.39,16.0,North Dakota State,11.39,0.2383
8,8,Week 8,2026-10-24T21:00:00.000Z,401864528,Upcoming,,Nevada,San José State,0.6331,Nevada,San José State,FBS vs FBS,fbs,fbs,home,-4.62,-7.56,5.44,16.0,Nevada,5.44,0.6331
9,9,Week 9,2026-10-31T04:00:00.000Z,401858508,Upcoming,,UCLA,Nevada,0.8551,Nevada,UCLA,FBS vs FBS,fbs,fbs,away,-4.62,9.82,-16.94,16.0,UCLA,16.94,0.1449
10,10,Week 10,2026-11-07T02:00:00.000Z,401864533,Upcoming,,Nevada,New Mexico,0.3604,Nevada,New Mexico,FBS vs FBS,fbs,fbs,home,-4.62,3.6,-5.72,16.0,New Mexico,5.72,0.3604
11,11,Week 11,2026-11-14T05:00:00.000Z,401864536,Upcoming,,Northern Illinois,Nevada,0.2983,Nevada,Northern Illinois,FBS vs FBS,fbs,fbs,away,-4.62,-15.59,8.47,16.0,Nevada,8.47,0.7017
12,12,Week 12,2026-11-21T05:00:00.000Z,401864541,Upcoming,,Nevada,Hawai'i,0.6906,Nevada,Hawai'i,FBS vs FBS,fbs,fbs,home,-4.62,-10.08,7.96,16.0,Nevada,7.96,0.6906
13,13,Week 13,2026-11-29T02:00:00.000Z,401864548,Upcoming,,UNLV,Nevada,0.6269,Nevada,UNLV,FBS vs FBS,fbs,fbs,away,-4.62,-1.94,-5.18,16.0,UNLV,5.18,0.3731
1,1,Week 1,2026-09-06T02:00:00.000Z,401864498,Final,"Central Michigan 7, New Mexico 38",New Mexico,Central Michigan,0.858,New Mexico,Central Michigan,FBS vs FBS,fbs,fbs,home,3.6,-11.04,17.14,16.0,New Mexico,17.14,0.858
2,2,Week 2,2026-09-12T20:00:00.000Z,401865252,Final,"Mercyhurst 7, New Mexico 70",New Mexico,Mercyhurst,0.9824,New Mexico,Mercyhurst (FCS baseline),FCS involved,fbs,fcs,home,3.6,-36.0,42.1,20.0,New Mexico,42.1,0.9824
3,3,Week 3,2026-09-19T23:30:00.000Z,401856690,Final,"New Mexico 6, Oklahoma 14",Oklahoma,New Mexico,0.7272,New Mexico,Oklahoma,FBS vs FBS,fbs,fbs,away,3.6,10.77,-9.67,16.0,Oklahoma,9.67,0.2728
4,4,Week 4,2026-09-26T19:30:00.000Z,401864579,Final,"New Mexico 42, New Mexico State 18",New Mexico State,New Mexico,0.1754,New Mexico,New Mexico State,FBS vs FBS,fbs,fbs,away,3.6,-13.83,14.93,16.0,New Mexico,14.93,0.8246
5,5,Week 5,2026-10-03T20:00:00.000Z,401864514,Upcoming,,New Mexico,UTEP,0.9434,New Mexico,UTEP,FBS vs FBS,fbs,fbs,home,3.6,-19.25,25.35,16.0,New Mexico,25.35,0.9434
7,7,Week 7,2026-10-17T04:00:00.000Z,401864521,Upcoming,,Hawai'i,New Mexico,0.2424,New Mexico,Hawai'i,FBS vs FBS,fbs,fbs,away,3.6,-10.08,11.18,16.0,New Mexico,11.18,0.7576
8,8,Week 8,2026-10-25T02:00:00.000Z,401864527,Upcoming,,New Mexico,North Dakota State,0.5455,New Mexico,North Dakota State,FBS vs FBS,fbs,fbs,home,3.6,4.27,1.83,16.0,New Mexico,1.83,0.5455
9,9,Week 9,2026-10-31T04:00:00.000Z,401864529,Upcoming,,San José State,New Mexico,0.2942,New Mexico,San José State,FBS vs FBS,fbs,fbs,away,3.6,-7.56,8.66,16.0,New Mexico,8.66,0.7058
10,10,Week 10,2026-11-07T02:00:00.000Z,401864533,Upcoming,,Nevada,New Mexico,0.3604,New Mexico,Nevada,FBS vs FBS,fbs,fbs,away,3.6,-4.62,5.72,16.0,New Mexico,5.72,0.6396
11,11,Week 11,2026-11-15T00:30:00.000Z,401864539,Upcoming,,New Mexico,UNLV,0.6923,New Mexico,UNLV,FBS vs FBS,fbs,fbs,home,3.6,-1.94,8.04,16.0,New Mexico,8.04,0.6923
12,12,Week 12,2026-11-22T02:00:00.000Z,401864542,Upcoming,,Wyoming,New Mexico,0.2381,New Mexico,Wyoming,FBS vs FBS,fbs,fbs,away,3.6,-10.3,11.4,16.0,New Mexico,11.4,0.7619
13,13,Week 13,2026-11-28T21:30:00.000Z,401864546,Upcoming,,New Mexico,Air Force,0.728,New Mexico,Air Force,FBS vs FBS,fbs,fbs,home,3.6,-3.61,9.71,16.0,New Mexico,9.71,0.728
1,0,Week 0,2026-08-29T23:00:00.000Z,401864570,Final,"New Mexico State 17, Florida State 34",Florida State,New Mexico State,0.8981,New Mexico State,Florida State,FBS vs FBS,fbs,fbs,away,-13.83,4.0,-20.33,16.0,Florida State,20.33,0.1019
1,1,Week 1,2026-09-06T01:00:00.000Z,401870790,Final,"Mercyhurst 14, New Mexico State 51",New Mexico State,Mercyhurst,0.8913,New Mexico State,Mercyhurst (FCS baseline),FCS involved,fbs,fcs,home,-13.83,-36.0,24.67,20.0,New Mexico State,24.67,0.8913
2,2,Week 2,2026-09-13T03:59:00.000Z,401864578,Final,"New Mexico State 19, Hawai'i 29",Hawai'i,New Mexico State,0.652,New Mexico State,Hawai'i,FBS vs FBS,fbs,fbs,away,-13.83,-10.08,-6.25,16.0,Hawai'i,6.25,0.348
4,4,Week 4,2026-09-26T19:30:00.000Z,401864579,Final,"New Mexico 42, New Mexico State 18",New Mexico State,New Mexico,0.1754,New Mexico State,New Mexico,FBS vs FBS,fbs,fbs,home,-13.83,3.6,-14.93,16.0,New Mexico,14.93,0.1754
5,5,Week 5,2026-10-02T00:00:00.000Z,401871049,Upcoming,,New Mexico State,Western Kentucky,0.5339,New Mexico State,Western Kentucky,FBS vs FBS,fbs,fbs,home,-13.83,-12.69,1.36,16.0,New Mexico State,1.36,0.5339
6,6,Week 6,2026-10-07T23:30:00.000Z,401871066,Upcoming,,Florida International,New Mexico State,0.7529,New Mexico State,Florida International,FBS vs FBS,fbs,fbs,away,-13.83,-5.39,-10.94,16.0,Florida International,10.94,0.2471
8,8,Week 8,2026-10-22T00:00:00.000Z,401871070,Upcoming,,Sam Houston,New Mexico State,0.5512,New Mexico State,Sam Houston,FBS vs FBS,fbs,fbs,away,-13.83,-14.27,-2.06,16.0,Sam Houston,2.06,0.4488
9,9,Week 9,2026-10-29T00:00:00.000Z,401871057,Upcoming,,New Mexico State,Jacksonville State,0.3569,New Mexico State,Jacksonville State,FBS vs FBS,fbs,fbs,home,-13.83,-5.46,-5.87,16.0,Jacksonville State,5.87,0.3569
10,10,Week 10,2026-11-07T22:00:00.000Z,401870795,Upcoming,,New Mexico State,Liberty,0.1608,New Mexico State,Liberty,FBS vs FBS,fbs,fbs,home,-13.83,4.53,-15.86,16.0,Liberty,15.86,0.1608
11,11,Week 11,2026-11-14T20:00:00.000Z,401870796,Upcoming,,Missouri State,New Mexico State,0.604,New Mexico State,Missouri State,FBS vs FBS,fbs,fbs,away,-13.83,-12.11,-4.22,16.0,Missouri State,4.22,0.396
12,12,Week 12,2026-11-21T20:00:00.000Z,401871077,Upcoming,,New Mexico State,Delaware,0.4473,New Mexico State,Delaware,FBS vs FBS,fbs,fbs,home,-13.83,-9.21,-2.12,16.0,Delaware,2.12,0.4473
13,13,Week 13,2026-11-28T19:00:00.000Z,401871083,Upcoming,,Middle Tennessee,New Mexico State,0.6901,New Mexico State,Middle Tennessee,FBS vs FBS,fbs,fbs,away,-13.83,-8.39,-7.94,16.0,Middle Tennessee,7.94,0.3099
1,0,Week 0,2026-08-29T16:00:00.000Z,401856766,Final,"North Carolina 15, TCU 10",TCU,North Carolina,0.5433,North Carolina,TCU,FBS vs FBS,fbs,fbs,neutral,1.43,3.17,-1.74,16.0,TCU,1.74,0.4567
2,2,Week 2,2026-09-12T16:00:00.000Z,401858218,Final,"East Tennessee State 3, North Carolina 35",North Carolina,East Tennessee State,0.9771,North Carolina,East Tennessee State (FCS baseline),FCS involved,fbs,fcs,home,1.43,-36.0,39.93,20.0,North Carolina,39.93,0.9771
3,3,Week 3,2026-09-19T16:00:00.000Z,401858229,Final,"North Carolina 20, Clemson 28",Clemson,North Carolina,0.6392,North Carolina,Clemson,FBS vs FBS,fbs,fbs,away,1.43,4.63,-5.7,16.0,Clemson,5.7,0.3608
5,5,Week 5,2026-10-03T16:00:00.000Z,401858250,Upcoming,,North Carolina,Notre Dame,0.1034,North Carolina,Notre Dame,FBS vs FBS,fbs,fbs,home,1.43,24.13,-20.2,16.0,Notre Dame,20.2,0.1034
6,6,Week 6,2026-10-10T04:00:00.000Z,401858256,Upcoming,,Pittsburgh,North Carolina,0.6989,North Carolina,Pittsburgh,FBS vs FBS,fbs,fbs,away,1.43,7.27,-8.34,16.0,Pittsburgh,8.34,0.3011
7,7,Week 7,2026-10-17T04:00:00.000Z,401858266,Upcoming,,Duke,North Carolina,0.6734,North Carolina,Duke,FBS vs FBS,fbs,fbs,away,1.43,6.12,-7.19,16.0,Duke,7.19,0.3266
8,8,Week 8,2026-10-24T04:00:00.000Z,401858275,Upcoming,,North Carolina,Syracuse,0.6859,North Carolina,Syracuse,FBS vs FBS,fbs,fbs,home,1.43,-3.82,7.75,16.0,North Carolina,7.75,0.6859
9,9,Week 9,2026-10-31T04:00:00.000Z,401858282,Upcoming,,North Carolina,Miami,0.1496,North Carolina,Miami,FBS vs FBS,fbs,fbs,home,1.43,20.54,-16.61,16.0,Miami,16.61,0.1496
10,10,Week 10,2026-11-07T17:00:00.000Z,401858292,Upcoming,,UConn,North Carolina,0.3792,North Carolina,UConn,FBS vs FBS,fbs,fbs,away,1.43,-5.99,4.92,16.0,North Carolina,4.92,0.6208
11,11,Week 11,2026-11-14T05:00:00.000Z,401858298,Upcoming,,North Carolina,Louisville,0.4132,North Carolina,Louisville,FBS vs FBS,fbs,fbs,home,1.43,7.44,-3.51,16.0,Louisville,3.51,0.4132
12,12,Week 12,2026-11-21T05:00:00.000Z,401858305,Upcoming,,Virginia,North Carolina,0.7028,North Carolina,Virginia,FBS vs FBS,fbs,fbs,away,1.43,7.45,-8.52,16.0,Virginia,8.52,0.2972
13,13,Week 13,2026-11-28T05:00:00.000Z,401858313,Upcoming,,North Carolina,NC State,0.5775,North Carolina,NC State,FBS vs FBS,fbs,fbs,home,1.43,0.8,3.13,16.0,North Carolina,3.13,0.5775
1,0,Week 0,2026-08-29T21:30:00.000Z,401864577,Final,"Jacksonville State 7, North Dakota State 33",North Dakota State,Jacksonville State,0.7777,North Dakota State,Jacksonville State,FBS vs FBS,fbs,fbs,home,4.27,-5.46,12.23,16.0,North Dakota State,12.23,0.7777
1,1,Week 1,2026-09-05T19:30:00.000Z,401864499,Final,"Fordham 0, North Dakota State 38",North Dakota State,Fordham,0.9838,North Dakota State,Fordham (FCS baseline),FCS involved,fbs,fcs,home,4.27,-36.0,42.77,20.0,North Dakota State,42.77,0.9838
2,2,Week 2,2026-09-13T02:00:00.000Z,401864502,Final,"North Dakota State 38, Air Force 32",Air Force,North Dakota State,0.3683,North Dakota State,Air Force,FBS vs FBS,fbs,fbs,away,4.27,-3.61,5.38,16.0,North Dakota State,5.38,0.6317
3,3,Week 3,2026-09-20T02:30:00.000Z,401864507,Final,"North Dakota State 31, Sacramento State 10",Sacramento State,North Dakota State,0.0933,North Dakota State,Sacramento State,FBS vs FBS,fbs,fbs,away,4.27,-19.36,21.13,16.0,North Dakota State,21.13,0.9067
5,5,Week 5,2026-10-03T19:30:00.000Z,401864515,Upcoming,,North Dakota State,Wyoming,0.857,North Dakota State,Wyoming,FBS vs FBS,fbs,fbs,home,4.27,-10.3,17.07,16.0,North Dakota State,17.07,0.857
6,6,Week 6,2026-10-10T23:00:00.000Z,401864518,Upcoming,,UNLV,North Dakota State,0.4083,North Dakota State,UNLV,FBS vs FBS,fbs,fbs,away,4.27,-1.94,3.71,16.0,North Dakota State,3.71,0.5917
7,7,Week 7,2026-10-17T23:00:00.000Z,401864520,Upcoming,,North Dakota State,Nevada,0.7617,North Dakota State,Nevada,FBS vs FBS,fbs,fbs,home,4.27,-4.62,11.39,16.0,North Dakota State,11.39,0.7617
8,8,Week 8,2026-10-25T02:00:00.000Z,401864527,Upcoming,,New Mexico,North Dakota State,0.5455,North Dakota State,New Mexico,FBS vs FBS,fbs,fbs,away,4.27,3.6,-1.83,16.0,New Mexico,1.83,0.4545
9,9,Week 9,2026-10-31T19:30:00.000Z,401864531,Upcoming,,North Dakota State,UTEP,0.9481,North Dakota State,UTEP,FBS vs FBS,fbs,fbs,home,4.27,-19.25,26.02,16.0,North Dakota State,26.02,0.9481
11,11,Week 11,2026-11-15T04:59:00.000Z,401864537,Upcoming,,Hawai'i,North Dakota State,0.2295,North Dakota State,Hawai'i,FBS vs FBS,fbs,fbs,away,4.27,-10.08,11.85,16.0,North Dakota State,11.85,0.7705
12,12,Week 12,2026-11-21T21:00:00.000Z,401864543,Upcoming,,North Dakota State,Northern Illinois,0.9189,North Dakota State,Northern Illinois,FBS vs FBS,fbs,fbs,home,4.27,-15.59,22.36,16.0,North Dakota State,22.36,0.9189
13,13,Week 13,2026-11-27T20:30:00.000Z,401864549,Upcoming,,San José State,North Dakota State,0.2799,North Dakota State,San José State,FBS vs FBS,fbs,fbs,away,4.27,-7.56,9.33,16.0,North Dakota State,9.33,0.7201
1,1,Week 1,2026-09-05T16:00:00.000Z,401858425,Final,"North Texas 16, Indiana 52",Indiana,North Texas,0.9372,North Texas,Indiana,FBS vs FBS,fbs,fbs,away,-0.36,21.65,-24.51,16.0,Indiana,24.51,0.0628
2,2,Week 2,2026-09-12T19:45:00.000Z,401862705,Final,"UNLV 6, North Texas 44",North Texas,UNLV,0.6006,North Texas,UNLV,FBS vs FBS,fbs,fbs,home,-0.36,-1.94,4.08,16.0,North Texas,4.08,0.6006
3,3,Week 3,2026-09-19T16:00:00.000Z,401860889,Final,"North Texas 35, Texas State 49",Texas State,North Texas,0.5356,North Texas,Texas State,FBS vs FBS,fbs,fbs,away,-0.36,-1.43,-1.43,16.0,Texas State,1.43,0.4644
4,4,Week 4,2026-09-26T23:30:00.000Z,401862783,Final,"Houston Christian 14, North Texas 63",North Texas,Houston Christian,0.9717,North Texas,Houston Christian (FCS baseline),FCS involved,fbs,fcs,home,-0.36,-36.0,38.14,20.0,North Texas,38.14,0.9717
5,5,Week 5,2026-10-02T01:00:00.000Z,401862786,Upcoming,,Tulsa,North Texas,0.4103,North Texas,Tulsa,FBS vs FBS,fbs,fbs,away,-0.36,-6.49,3.63,16.0,North Texas,3.63,0.5897
6,6,Week 6,2026-10-10T04:00:00.000Z,401862796,Upcoming,,North Texas,Charlotte,0.8835,North Texas,Charlotte,FBS vs FBS,fbs,fbs,home,-0.36,-16.94,19.08,16.0,North Texas,19.08,0.8835
8,8,Week 8,2026-10-24T19:30:00.000Z,401862810,Upcoming,,Navy,North Texas,0.451,North Texas,Navy,FBS vs FBS,fbs,fbs,away,-0.36,-4.83,1.97,16.0,North Texas,1.97,0.549
9,9,Week 9,2026-10-29T23:30:00.000Z,401862812,Upcoming,,North Texas,Florida Atlantic,0.6584,North Texas,Florida Atlantic,FBS vs FBS,fbs,fbs,home,-0.36,-4.39,6.53,16.0,North Texas,6.53,0.6584
10,10,Week 10,2026-11-07T05:00:00.000Z,401862821,Upcoming,,North Texas,Rice,0.7992,North Texas,Rice,FBS vs FBS,fbs,fbs,home,-0.36,-11.28,13.42,16.0,North Texas,13.42,0.7992
11,11,Week 11,2026-11-14T05:00:00.000Z,401862827,Upcoming,,UTSA,North Texas,0.6028,North Texas,UTSA,FBS vs FBS,fbs,fbs,away,-0.36,1.31,-4.17,16.0,UTSA,4.17,0.3972
12,12,Week 12,2026-11-21T05:00:00.000Z,401862835,Upcoming,,Tulane,North Texas,0.492,North Texas,Tulane,FBS vs FBS,fbs,fbs,away,-0.36,-3.18,0.32,16.0,North Texas,0.32,0.508
13,13,Week 13,2026-11-28T05:00:00.000Z,401862843,Upcoming,,North Texas,UAB,0.7476,North Texas,UAB,FBS vs FBS,fbs,fbs,home,-0.36,-8.53,10.67,16.0,North Texas,10.67,0.7476
1,1,Week 1,2026-09-05T20:15:00.000Z,401858426,Final,"Northern Illinois 0, Iowa 40",Iowa,Northern Illinois,0.9654,Northern Illinois,Iowa,FBS vs FBS,fbs,fbs,away,-15.59,10.98,-29.07,16.0,Iowa,29.07,0.0346
2,2,Week 2,2026-09-12T23:00:00.000Z,401864503,Final,"Illinois State 28, Northern Illinois 24",Northern Illinois,Illinois State,0.874,Northern Illinois,Illinois State (FCS baseline),FCS involved,fbs,fcs,home,-15.59,-36.0,22.91,20.0,Northern Illinois,22.91,0.874
3,3,Week 3,2026-09-20T02:30:00.000Z,401856793,Final,"Northern Illinois 17, Arizona 42",Arizona,Northern Illinois,0.9349,Northern Illinois,Arizona,FBS vs FBS,fbs,fbs,away,-15.59,6.12,-24.21,16.0,Arizona,24.21,0.0651
4,4,Week 4,2026-09-26T18:00:00.000Z,401864511,Final,"Northern Illinois 14, Georgia State 35",Georgia State,Northern Illinois,0.7775,Northern Illinois,Georgia State,FBS vs FBS,fbs,fbs,away,-15.59,-5.87,-12.22,16.0,Georgia State,12.22,0.2225
6,6,Week 6,2026-10-10T23:30:00.000Z,401864516,Upcoming,,Northern Illinois,Air Force,0.2768,Northern Illinois,Air Force,FBS vs FBS,fbs,fbs,home,-15.59,-3.61,-9.48,16.0,Air Force,9.48,0.2768
7,7,Week 7,2026-10-17T19:30:00.000Z,401864522,Upcoming,,Wyoming,Northern Illinois,0.6868,Northern Illinois,Wyoming,FBS vs FBS,fbs,fbs,away,-15.59,-10.3,-7.79,16.0,Wyoming,7.79,0.3132
8,8,Week 8,2026-10-24T04:00:00.000Z,401864526,Upcoming,,Northern Illinois,Hawai'i,0.4254,Northern Illinois,Hawai'i,FBS vs FBS,fbs,fbs,home,-15.59,-10.08,-3.01,16.0,Hawai'i,3.01,0.4254
9,9,Week 9,2026-11-01T02:30:00.000Z,401864530,Upcoming,,UNLV,Northern Illinois,0.8436,Northern Illinois,UNLV,FBS vs FBS,fbs,fbs,away,-15.59,-1.94,-16.15,16.0,UNLV,16.15,0.1564
10,10,Week 10,2026-11-07T05:00:00.000Z,401864534,Upcoming,,San José State,Northern Illinois,0.7448,Northern Illinois,San José State,FBS vs FBS,fbs,fbs,away,-15.59,-7.56,-10.53,16.0,San José State,10.53,0.2552
11,11,Week 11,2026-11-14T05:00:00.000Z,401864536,Upcoming,,Northern Illinois,Nevada,0.2983,Northern Illinois,Nevada,FBS vs FBS,fbs,fbs,home,-15.59,-4.62,-8.47,16.0,Nevada,8.47,0.2983
12,12,Week 12,2026-11-21T21:00:00.000Z,401864543,Upcoming,,North Dakota State,Northern Illinois,0.9189,Northern Illinois,North Dakota State,FBS vs FBS,fbs,fbs,away,-15.59,4.27,-22.36,16.0,North Dakota State,22.36,0.0811
13,13,Week 13,2026-11-28T05:00:00.000Z,401864550,Upcoming,,Northern Illinois,UTEP,0.6499,Northern Illinois,UTEP,FBS vs FBS,fbs,fbs,home,-15.59,-19.25,6.16,16.0,Northern Illinois,6.16,0.6499
1,1,Week 1,2026-09-06T00:00:00.000Z,401858431,Final,"South Dakota State 18, Northwestern 34",Northwestern,South Dakota State,0.9906,Northwestern,South Dakota State (FCS baseline),FCS involved,fbs,fcs,home,8.49,-36.0,46.99,20.0,Northwestern,46.99,0.9906
3,3,Week 3,2026-09-19T23:30:00.000Z,401856796,Final,"Colorado 7, Northwestern 41",Northwestern,Colorado,0.8191,Northwestern,Colorado,FBS vs FBS,fbs,fbs,home,8.49,-3.6,14.59,16.0,Northwestern,14.59,0.8191
4,4,Week 4,2026-09-26T00:00:00.000Z,401858461,Final,"Northwestern 23, Indiana 29",Indiana,Northwestern,0.8361,Northwestern,Indiana,FBS vs FBS,fbs,fbs,away,8.49,21.65,-15.66,16.0,Indiana,15.66,0.1639
5,5,Week 5,2026-10-03T00:00:00.000Z,401858476,Upcoming,,Northwestern,Penn State,0.4132,Northwestern,Penn State,FBS vs FBS,fbs,fbs,home,8.49,14.5,-3.51,16.0,Penn State,3.51,0.4132
6,6,Week 6,2026-10-10T04:00:00.000Z,401858482,Upcoming,,Northwestern,Ball State,0.9611,Northwestern,Ball State,FBS vs FBS,fbs,fbs,home,8.49,-17.22,28.21,16.0,Northwestern,28.21,0.9611
7,7,Week 7,2026-10-17T04:00:00.000Z,401858491,Upcoming,,Michigan State,Northwestern,0.4127,Northwestern,Michigan State,FBS vs FBS,fbs,fbs,away,8.49,2.46,3.53,16.0,Northwestern,3.53,0.5873
8,8,Week 8,2026-10-24T04:00:00.000Z,401858498,Upcoming,,Northwestern,Rutgers,0.8272,Northwestern,Rutgers,FBS vs FBS,fbs,fbs,home,8.49,-4.1,15.09,16.0,Northwestern,15.09,0.8272
9,9,Week 9,2026-10-31T04:00:00.000Z,401858505,Upcoming,,Oregon,Northwestern,0.769,Northwestern,Oregon,FBS vs FBS,fbs,fbs,away,8.49,17.76,-11.77,16.0,Oregon,11.77,0.231
10,10,Week 10,2026-11-07T05:00:00.000Z,401858513,Upcoming,,Northwestern,Iowa,0.5002,Northwestern,Iowa,FBS vs FBS,fbs,fbs,home,8.49,10.98,0.01,16.0,Northwestern,0.01,0.5002
11,11,Week 11,2026-11-14T05:00:00.000Z,401858522,Upcoming,,Ohio State,Northwestern,0.8391,Northwestern,Ohio State,FBS vs FBS,fbs,fbs,away,8.49,21.84,-15.85,16.0,Ohio State,15.85,0.1609
12,12,Week 12,2026-11-21T05:00:00.000Z,401858530,Upcoming,,Minnesota,Northwestern,0.3936,Northwestern,Minnesota,FBS vs FBS,fbs,fbs,away,8.49,1.67,4.32,16.0,Northwestern,4.32,0.6064
13,13,Week 13,2026-11-28T05:00:00.000Z,401858537,Upcoming,,Northwestern,Illinois,0.665,Northwestern,Illinois,FBS vs FBS,fbs,fbs,home,8.49,4.17,6.82,16.0,Northwestern,6.82,0.665
1,1,Week 1,2026-09-06T23:30:00.000Z,401858438,Final,"Wisconsin 13, Notre Dame 41",Notre Dame,Wisconsin,0.8406,Notre Dame,Wisconsin,FBS vs FBS,fbs,fbs,neutral,24.13,8.18,15.95,16.0,Notre Dame,15.95,0.8406
2,2,Week 2,2026-09-12T19:30:00.000Z,401859184,Final,"Rice 0, Notre Dame 52",Notre Dame,Rice,0.9911,Notre Dame,Rice,FBS vs FBS,fbs,fbs,home,24.13,-11.28,37.91,16.0,Notre Dame,37.91,0.9911
3,3,Week 3,2026-09-19T23:30:00.000Z,401858453,Final,"Michigan State 10, Notre Dame 27",Notre Dame,Michigan State,0.9346,Notre Dame,Michigan State,FBS vs FBS,fbs,fbs,home,24.13,2.46,24.17,16.0,Notre Dame,24.17,0.9346
4,4,Week 4,2026-09-26T18:00:00.000Z,401858467,Final,"Notre Dame 49, Purdue 10",Purdue,Notre Dame,0.0504,Notre Dame,Purdue,FBS vs FBS,fbs,fbs,away,24.13,-4.62,26.25,16.0,Notre Dame,26.25,0.9496
5,5,Week 5,2026-10-03T16:00:00.000Z,401858250,Upcoming,,North Carolina,Notre Dame,0.1034,Notre Dame,North Carolina,FBS vs FBS,fbs,fbs,away,24.13,1.43,20.2,16.0,Notre Dame,20.2,0.8966
6,6,Week 6,2026-10-10T19:30:00.000Z,401858257,Upcoming,,Notre Dame,Stanford,0.9818,Notre Dame,Stanford,FBS vs FBS,fbs,fbs,home,24.13,-6.85,33.48,16.0,Notre Dame,33.48,0.9818
7,7,Week 7,2026-10-17T04:00:00.000Z,401856809,Upcoming,,BYU,Notre Dame,0.2335,Notre Dame,BYU,FBS vs FBS,fbs,fbs,away,24.13,9.99,11.64,16.0,Notre Dame,11.64,0.7665
9,9,Week 9,2026-10-31T16:00:00.000Z,401859185,Upcoming,,Navy,Notre Dame,0.0351,Notre Dame,Navy,FBS vs FBS,fbs,fbs,neutral,24.13,-4.83,28.96,16.0,Notre Dame,28.96,0.9649
10,10,Week 10,2026-11-08T00:30:00.000Z,401858291,Upcoming,,Notre Dame,Miami,0.6483,Notre Dame,Miami,FBS vs FBS,fbs,fbs,home,24.13,20.54,6.09,16.0,Notre Dame,6.09,0.6483
11,11,Week 11,2026-11-14T20:30:00.000Z,401858294,Upcoming,,Notre Dame,Boston College,0.977,Notre Dame,Boston College,FBS vs FBS,fbs,fbs,home,24.13,-5.31,31.94,16.0,Notre Dame,31.94,0.977
12,12,Week 12,2026-11-22T00:30:00.000Z,401858307,Upcoming,,Notre Dame,SMU,0.8951,Notre Dame,SMU,FBS vs FBS,fbs,fbs,home,24.13,6.56,20.07,16.0,Notre Dame,20.07,0.8951
13,13,Week 13,2026-11-28T05:00:00.000Z,401858314,Upcoming,,Syracuse,Notre Dame,0.0558,Notre Dame,Syracuse,FBS vs FBS,fbs,fbs,away,24.13,-3.82,25.45,16.0,Notre Dame,25.45,0.9442
1,1,Week 1,2026-09-05T16:00:00.000Z,401858430,Final,"Ohio 21, Nebraska 49",Nebraska,Ohio,0.9285,Ohio,Nebraska,FBS vs FBS,fbs,fbs,away,-8.57,12.37,-23.44,16.0,Nebraska,23.44,0.0715
2,2,Week 2,2026-09-12T22:00:00.000Z,401866418,Final,"Jacksonville State 27, Ohio 29",Ohio,Jacksonville State,0.4848,Ohio,Jacksonville State,FBS vs FBS,fbs,fbs,home,-8.57,-5.46,-0.61,16.0,Jacksonville State,0.61,0.4848
3,3,Week 3,2026-09-19T23:00:00.000Z,401866423,Final,"Ohio 36, South Alabama 41",South Alabama,Ohio,0.5958,Ohio,South Alabama,FBS vs FBS,fbs,fbs,away,-8.57,-7.19,-3.88,16.0,South Alabama,3.88,0.4042
4,4,Week 4,2026-09-26T19:30:00.000Z,401866428,Final,"Stonehill 7, Ohio 35",Ohio,Stonehill,0.9327,Ohio,Stonehill (FCS baseline),FCS involved,fbs,fcs,home,-8.57,-36.0,29.93,20.0,Ohio,29.93,0.9327
5,5,Week 5,2026-10-03T19:30:00.000Z,401866434,Upcoming,,Kent State,Ohio,0.3688,Ohio,Kent State,FBS vs FBS,fbs,fbs,away,-8.57,-16.43,5.36,16.0,Ohio,5.36,0.6312
6,6,Week 6,2026-10-10T04:00:00.000Z,401866438,Upcoming,,Ohio,Central Michigan,0.622,Ohio,Central Michigan,FBS vs FBS,fbs,fbs,home,-8.57,-11.04,4.97,16.0,Ohio,4.97,0.622
7,7,Week 7,2026-10-17T04:00:00.000Z,401866445,Upcoming,,Sacramento State,Ohio,0.3022,Ohio,Sacramento State,FBS vs FBS,fbs,fbs,away,-8.57,-19.36,8.29,16.0,Ohio,8.29,0.6978
8,8,Week 8,2026-10-24T04:00:00.000Z,401866449,Upcoming,,Ohio,Eastern Michigan,0.6859,Ohio,Eastern Michigan,FBS vs FBS,fbs,fbs,home,-8.57,-13.82,7.75,16.0,Ohio,7.75,0.6859
10,10,Week 10,2026-11-04T00:00:00.000Z,401866453,Upcoming,,Akron,Ohio,0.2751,Ohio,Akron,FBS vs FBS,fbs,fbs,away,-8.57,-20.63,9.56,16.0,Ohio,9.56,0.7249
11,11,Week 11,2026-11-11T00:00:00.000Z,401866460,Upcoming,,Miami (OH),Ohio,0.579,Ohio,Miami (OH),FBS vs FBS,fbs,fbs,away,-8.57,-7.88,-3.19,16.0,Miami (OH),3.19,0.421
12,12,Week 12,2026-11-18T00:00:00.000Z,401866464,Upcoming,,Ohio,Ball State,0.7571,Ohio,Ball State,FBS vs FBS,fbs,fbs,home,-8.57,-17.22,11.15,16.0,Ohio,11.15,0.7571
13,13,Week 13,2026-11-27T17:00:00.000Z,401866473,Upcoming,,Ohio,Toledo,0.3476,Ohio,Toledo,FBS vs FBS,fbs,fbs,home,-8.57,0.2,-6.27,16.0,Toledo,6.27,0.3476
1,1,Week 1,2026-09-05T16:30:00.000Z,401858432,Final,"Ball State 3, Ohio State 56",Ohio State,Ball State,0.9953,Ohio State,Ball State,FBS vs FBS,fbs,fbs,home,21.84,-17.22,41.56,16.0,Ohio State,41.56,0.9953
2,2,Week 2,2026-09-12T23:30:00.000Z,401856682,Final,"Ohio State 23, Texas 24",Texas,Ohio State,0.5431,Ohio State,Texas,FBS vs FBS,fbs,fbs,away,21.84,21.07,-1.73,16.0,Texas,1.73,0.4569
3,3,Week 3,2026-09-19T16:00:00.000Z,401858454,Final,"Kent State 3, Ohio State 59",Ohio State,Kent State,0.9946,Ohio State,Kent State,FBS vs FBS,fbs,fbs,home,21.84,-16.43,40.77,16.0,Ohio State,40.77,0.9946
4,4,Week 4,2026-09-26T16:00:00.000Z,401858465,Final,"Illinois 19, Ohio State 42",Ohio State,Illinois,0.8963,Ohio State,Illinois,FBS vs FBS,fbs,fbs,home,21.84,4.17,20.17,16.0,Ohio State,20.17,0.8963
5,5,Week 5,2026-10-03T19:30:00.000Z,401858473,Upcoming,,Iowa,Ohio State,0.3007,Ohio State,Iowa,FBS vs FBS,fbs,fbs,away,21.84,10.98,8.36,16.0,Ohio State,8.36,0.6993
6,6,Week 6,2026-10-10T04:00:00.000Z,401858483,Upcoming,,Ohio State,Maryland,0.9509,Ohio State,Maryland,FBS vs FBS,fbs,fbs,home,21.84,-2.12,26.46,16.0,Ohio State,26.46,0.9509
7,7,Week 7,2026-10-17T04:00:00.000Z,401858488,Upcoming,,Indiana,Ohio State,0.5574,Ohio State,Indiana,FBS vs FBS,fbs,fbs,away,21.84,21.65,-2.31,16.0,Indiana,2.31,0.4426
9,9,Week 9,2026-10-31T04:00:00.000Z,401858509,Upcoming,,USC,Ohio State,0.3672,Ohio State,USC,FBS vs FBS,fbs,fbs,away,21.84,13.91,5.43,16.0,Ohio State,5.43,0.6328
10,10,Week 10,2026-11-07T05:00:00.000Z,401858514,Upcoming,,Ohio State,Oregon,0.6596,Ohio State,Oregon,FBS vs FBS,fbs,fbs,home,21.84,17.76,6.58,16.0,Ohio State,6.58,0.6596
11,11,Week 11,2026-11-14T05:00:00.000Z,401858522,Upcoming,,Ohio State,Northwestern,0.8391,Ohio State,Northwestern,FBS vs FBS,fbs,fbs,home,21.84,8.49,15.85,16.0,Ohio State,15.85,0.8391
12,12,Week 12,2026-11-21T05:00:00.000Z,401858531,Upcoming,,Nebraska,Ohio State,0.3316,Ohio State,Nebraska,FBS vs FBS,fbs,fbs,away,21.84,12.37,6.97,16.0,Ohio State,6.97,0.6684
13,13,Week 13,2026-11-28T17:00:00.000Z,401858540,Upcoming,,Ohio State,Michigan,0.8158,Ohio State,Michigan,FBS vs FBS,fbs,fbs,home,21.84,9.95,14.39,16.0,Ohio State,14.39,0.8158
1,1,Week 1,2026-09-05T00:00:00.000Z,401856664,Final,"UTEP 0, Oklahoma 51",Oklahoma,UTEP,0.9789,Oklahoma,UTEP,FBS vs FBS,fbs,fbs,home,10.77,-19.25,32.52,16.0,Oklahoma,32.52,0.9789
2,2,Week 2,2026-09-12T16:00:00.000Z,401856679,Final,"Oklahoma 10, Michigan 17",Michigan,Oklahoma,0.5418,Oklahoma,Michigan,FBS vs FBS,fbs,fbs,away,10.77,9.95,-1.68,16.0,Michigan,1.68,0.4582
3,3,Week 3,2026-09-19T23:30:00.000Z,401856690,Final,"New Mexico 6, Oklahoma 14",Oklahoma,New Mexico,0.7272,Oklahoma,New Mexico,FBS vs FBS,fbs,fbs,home,10.77,3.6,9.67,16.0,Oklahoma,9.67,0.7272
4,4,Week 4,2026-09-26T19:30:00.000Z,401856700,Final,"Oklahoma 13, Georgia 41",Georgia,Oklahoma,0.831,Oklahoma,Georgia,FBS vs FBS,fbs,fbs,away,10.77,23.6,-15.33,16.0,Georgia,15.33,0.169
6,6,Week 6,2026-10-10T19:30:00.000Z,401856717,Upcoming,,Oklahoma,Texas,0.2599,Oklahoma,Texas,FBS vs FBS,fbs,fbs,neutral,10.77,21.07,-10.3,16.0,Texas,10.3,0.2599
7,7,Week 7,2026-10-17T04:00:00.000Z,401856722,Upcoming,,Oklahoma,Kentucky,0.6694,Oklahoma,Kentucky,FBS vs FBS,fbs,fbs,home,10.77,6.26,7.01,16.0,Oklahoma,7.01,0.6694
8,8,Week 8,2026-10-24T04:00:00.000Z,401856730,Upcoming,,Mississippi State,Oklahoma,0.5645,Oklahoma,Mississippi State,FBS vs FBS,fbs,fbs,away,10.77,10.87,-2.6,16.0,Mississippi State,2.6,0.4355
9,9,Week 9,2026-10-31T04:00:00.000Z,401856736,Upcoming,,Oklahoma,South Carolina,0.6591,Oklahoma,South Carolina,FBS vs FBS,fbs,fbs,home,10.77,6.71,6.56,16.0,Oklahoma,6.56,0.6591
10,10,Week 10,2026-11-07T05:00:00.000Z,401856739,Upcoming,,Florida,Oklahoma,0.703,Oklahoma,Florida,FBS vs FBS,fbs,fbs,away,10.77,16.8,-8.53,16.0,Florida,8.53,0.297
11,11,Week 11,2026-11-14T05:00:00.000Z,401856887,Upcoming,,Oklahoma,Ole Miss,0.5242,Oklahoma,Ole Miss,FBS vs FBS,fbs,fbs,home,10.77,12.3,0.97,16.0,Oklahoma,0.97,0.5242
12,12,Week 12,2026-11-21T05:00:00.000Z,401856752,Upcoming,,Oklahoma,Texas A&M,0.5364,Oklahoma,Texas A&M,FBS vs FBS,fbs,fbs,home,10.77,11.81,1.46,16.0,Oklahoma,1.46,0.5364
13,13,Week 13,2026-11-28T05:00:00.000Z,401856763,Upcoming,,Missouri,Oklahoma,0.4965,Oklahoma,Missouri,FBS vs FBS,fbs,fbs,away,10.77,8.13,0.14,16.0,Oklahoma,0.14,0.5035
1,1,Week 1,2026-09-05T19:45:00.000Z,401856772,Final,"Oklahoma State 10, Tulsa 24",Tulsa,Oklahoma State,0.3733,Oklahoma State,Tulsa,FBS vs FBS,fbs,fbs,away,1.18,-6.49,5.17,16.0,Oklahoma State,5.17,0.6267
2,2,Week 2,2026-09-12T16:00:00.000Z,401856782,Final,"Oregon 31, Oklahoma State 39",Oklahoma State,Oregon,0.1894,Oklahoma State,Oregon,FBS vs FBS,fbs,fbs,home,1.18,17.76,-14.08,16.0,Oregon,14.08,0.1894
3,3,Week 3,2026-09-19T23:00:00.000Z,401856803,Final,"Murray State 0, Oklahoma State 59",Oklahoma State,Murray State,0.9764,Oklahoma State,Murray State (FCS baseline),FCS involved,fbs,fcs,home,1.18,-36.0,39.68,20.0,Oklahoma State,39.68,0.9764
4,4,Week 4,2026-09-26T23:00:00.000Z,401856881,Final,"Oklahoma State 41, West Virginia 24",West Virginia,Oklahoma State,0.5125,Oklahoma State,West Virginia,FBS vs FBS,fbs,fbs,away,1.18,-0.82,-0.5,16.0,West Virginia,0.5,0.4875
6,6,Week 6,2026-10-10T04:00:00.000Z,401856824,Upcoming,,Oklahoma State,UCF,0.5262,Oklahoma State,UCF,FBS vs FBS,fbs,fbs,home,1.18,2.63,1.05,16.0,Oklahoma State,1.05,0.5262
7,7,Week 7,2026-10-17T04:00:00.000Z,401856831,Upcoming,,Houston,Oklahoma State,0.7106,Oklahoma State,Houston,FBS vs FBS,fbs,fbs,away,1.18,7.56,-8.88,16.0,Houston,8.88,0.2894
8,8,Week 8,2026-10-24T04:00:00.000Z,401856836,Upcoming,,Oklahoma State,Colorado,0.6754,Oklahoma State,Colorado,FBS vs FBS,fbs,fbs,home,1.18,-3.6,7.28,16.0,Oklahoma State,7.28,0.6754
9,9,Week 9,2026-10-31T04:00:00.000Z,401856847,Upcoming,,Iowa State,Oklahoma State,0.6632,Oklahoma State,Iowa State,FBS vs FBS,fbs,fbs,away,1.18,5.42,-6.74,16.0,Iowa State,6.74,0.3368
10,10,Week 10,2026-11-07T05:00:00.000Z,401856854,Upcoming,,Kansas State,Oklahoma State,0.7097,Oklahoma State,Kansas State,FBS vs FBS,fbs,fbs,away,1.18,7.52,-8.84,16.0,Kansas State,8.84,0.2903
11,11,Week 11,2026-11-14T05:00:00.000Z,401856863,Upcoming,,Oklahoma State,Texas Tech,0.2695,Oklahoma State,Texas Tech,FBS vs FBS,fbs,fbs,home,1.18,13.51,-9.83,16.0,Texas Tech,9.83,0.2695
12,12,Week 12,2026-11-21T05:00:00.000Z,401856870,Upcoming,,Arizona State,Oklahoma State,0.5675,Oklahoma State,Arizona State,FBS vs FBS,fbs,fbs,away,1.18,1.4,-2.72,16.0,Arizona State,2.72,0.4325
13,13,Week 13,2026-11-28T05:00:00.000Z,401856877,Upcoming,,Oklahoma State,Kansas,0.658,Oklahoma State,Kansas,FBS vs FBS,fbs,fbs,home,1.18,-2.83,6.51,16.0,Oklahoma State,6.51,0.658
1,1,Week 1,2026-09-05T22:00:00.000Z,401867973,Final,"Norfolk State 10, Old Dominion 31",Old Dominion,Norfolk State,0.9226,Old Dominion,Norfolk State (FCS baseline),FCS involved,fbs,fcs,home,-10.05,-36.0,28.45,20.0,Old Dominion,28.45,0.9226
2,2,Week 2,2026-09-12T16:00:00.000Z,401858221,Final,"Old Dominion 21, Virginia Tech 44",Virginia Tech,Old Dominion,0.8688,Old Dominion,Virginia Tech,FBS vs FBS,fbs,fbs,away,-10.05,5.38,-17.93,16.0,Virginia Tech,17.93,0.1312
3,3,Week 3,2026-09-19T22:00:00.000Z,401862710,Final,"East Carolina 20, Old Dominion 17",Old Dominion,East Carolina,0.4414,Old Dominion,East Carolina,FBS vs FBS,fbs,fbs,home,-10.05,-5.19,-2.36,16.0,East Carolina,2.36,0.4414
4,4,Week 4,2026-09-26T22:00:00.000Z,401869961,Final,"James Madison 46, Old Dominion 20",Old Dominion,James Madison,0.1754,Old Dominion,James Madison,FBS vs FBS,fbs,fbs,home,-10.05,7.38,-14.93,16.0,James Madison,14.93,0.1754
5,5,Week 5,2026-10-03T19:30:00.000Z,401869956,Upcoming,,Georgia State,Old Dominion,0.6618,Old Dominion,Georgia State,FBS vs FBS,fbs,fbs,away,-10.05,-5.87,-6.68,16.0,Georgia State,6.68,0.3382
6,6,Week 6,2026-10-10T04:00:00.000Z,401869843,Upcoming,,App State,Old Dominion,0.654,Old Dominion,App State,FBS vs FBS,fbs,fbs,away,-10.05,-6.21,-6.34,16.0,App State,6.34,0.346
7,7,Week 7,2026-10-15T23:30:00.000Z,401869950,Upcoming,,Old Dominion,Georgia Southern,0.4855,Old Dominion,Georgia Southern,FBS vs FBS,fbs,fbs,home,-10.05,-6.97,-0.58,16.0,Georgia Southern,0.58,0.4855
8,8,Week 8,2026-10-24T04:00:00.000Z,401871093,Upcoming,,Louisiana Tech,Old Dominion,0.6165,Old Dominion,Louisiana Tech,FBS vs FBS,fbs,fbs,away,-10.05,-7.81,-4.74,16.0,Louisiana Tech,4.74,0.3835
9,9,Week 9,2026-10-31T04:00:00.000Z,401871096,Upcoming,,Old Dominion,Marshall,0.4689,Old Dominion,Marshall,FBS vs FBS,fbs,fbs,home,-10.05,-6.3,-1.25,16.0,Marshall,1.25,0.4689
10,10,Week 10,2026-11-07T05:00:00.000Z,401869945,Upcoming,,Coastal Carolina,Old Dominion,0.5677,Old Dominion,Coastal Carolina,FBS vs FBS,fbs,fbs,away,-10.05,-9.82,-2.73,16.0,Coastal Carolina,2.73,0.4323
12,12,Week 12,2026-11-21T20:30:00.000Z,401861968,Upcoming,,UConn,Old Dominion,0.6591,Old Dominion,UConn,FBS vs FBS,fbs,fbs,away,-10.05,-5.99,-6.56,16.0,UConn,6.56,0.3409
13,13,Week 13,2026-11-28T05:00:00.000Z,401871103,Upcoming,,Old Dominion,Southern Miss,0.677,Old Dominion,Southern Miss,FBS vs FBS,fbs,fbs,home,-10.05,-14.9,7.35,16.0,Old Dominion,7.35,0.677
1,1,Week 1,2026-09-06T23:30:00.000Z,401856661,Final,"Louisville 38, Ole Miss 41",Ole Miss,Louisville,0.6193,Ole Miss,Louisville,FBS vs FBS,fbs,fbs,neutral,12.3,7.44,4.86,16.0,Ole Miss,4.86,0.6193
2,2,Week 2,2026-09-12T23:45:00.000Z,401856676,Final,"Charlotte 9, Ole Miss 41",Ole Miss,Charlotte,0.9764,Ole Miss,Charlotte,FBS vs FBS,fbs,fbs,home,12.3,-16.94,31.74,16.0,Ole Miss,31.74,0.9764
3,3,Week 3,2026-09-19T23:30:00.000Z,401856688,Final,"LSU 24, Ole Miss 32",Ole Miss,LSU,0.3921,Ole Miss,LSU,FBS vs FBS,fbs,fbs,home,12.3,19.18,-4.38,16.0,LSU,4.38,0.3921
4,4,Week 4,2026-09-26T19:30:00.000Z,401856699,Final,"Ole Miss 28, Florida 52",Florida,Ole Miss,0.6691,Ole Miss,Florida,FBS vs FBS,fbs,fbs,away,12.3,16.8,-7.0,16.0,Florida,7.0,0.3309
6,6,Week 6,2026-10-10T04:00:00.000Z,401856718,Upcoming,,Vanderbilt,Ole Miss,0.3622,Ole Miss,Vanderbilt,FBS vs FBS,fbs,fbs,away,12.3,4.16,5.64,16.0,Ole Miss,5.64,0.6378
7,7,Week 7,2026-10-17T04:00:00.000Z,401856721,Upcoming,,Ole Miss,Missouri,0.6616,Ole Miss,Missouri,FBS vs FBS,fbs,fbs,home,12.3,8.13,6.67,16.0,Ole Miss,6.67,0.6616
8,8,Week 8,2026-10-24T04:00:00.000Z,401856732,Upcoming,,Texas,Ole Miss,0.7594,Ole Miss,Texas,FBS vs FBS,fbs,fbs,away,12.3,21.07,-11.27,16.0,Texas,11.27,0.2406
9,9,Week 9,2026-10-31T04:00:00.000Z,401856735,Upcoming,,Ole Miss,Auburn,0.6443,Ole Miss,Auburn,FBS vs FBS,fbs,fbs,home,12.3,8.88,5.92,16.0,Ole Miss,5.92,0.6443
10,10,Week 10,2026-11-07T05:00:00.000Z,401856741,Upcoming,,Ole Miss,Georgia,0.2912,Ole Miss,Georgia,FBS vs FBS,fbs,fbs,home,12.3,23.6,-8.8,16.0,Georgia,8.8,0.2912
11,11,Week 11,2026-11-14T05:00:00.000Z,401856887,Upcoming,,Oklahoma,Ole Miss,0.5242,Ole Miss,Oklahoma,FBS vs FBS,fbs,fbs,away,12.3,10.77,-0.97,16.0,Oklahoma,0.97,0.4758
12,12,Week 12,2026-11-21T17:00:00.000Z,401856749,Upcoming,,Ole Miss,Wofford,0.9945,Ole Miss,Wofford (FCS baseline),FCS involved,fbs,fcs,home,12.3,-36.0,50.8,20.0,Ole Miss,50.8,0.9945
13,13,Week 13,2026-11-27T17:00:00.000Z,401856762,Upcoming,,Ole Miss,Mississippi State,0.597,Ole Miss,Mississippi State,FBS vs FBS,fbs,fbs,home,12.3,10.87,3.93,16.0,Ole Miss,3.93,0.597
1,1,Week 1,2026-09-05T19:30:00.000Z,401858433,Final,"Boise State 27, Oregon 34",Oregon,Boise State,0.7608,Oregon,Boise State,FBS vs FBS,fbs,fbs,home,17.76,8.92,11.34,16.0,Oregon,11.34,0.7608
2,2,Week 2,2026-09-12T16:00:00.000Z,401856782,Final,"Oregon 31, Oklahoma State 39",Oklahoma State,Oregon,0.1894,Oregon,Oklahoma State,FBS vs FBS,fbs,fbs,away,17.76,1.18,14.08,16.0,Oregon,14.08,0.8106
3,3,Week 3,2026-09-19T02:30:00.000Z,401858455,Final,"Portland State 0, Oregon 84",Oregon,Portland State,0.9975,Oregon,Portland State (FCS baseline),FCS involved,fbs,fcs,home,17.76,-36.0,56.26,20.0,Oregon,56.26,0.9975
4,4,Week 4,2026-09-26T23:30:00.000Z,401858469,Final,"Oregon 41, USC 27",USC,Oregon,0.4664,Oregon,USC,FBS vs FBS,fbs,fbs,away,17.76,13.91,1.35,16.0,Oregon,1.35,0.5336
6,6,Week 6,2026-10-10T04:00:00.000Z,401858484,Upcoming,,Oregon,UCLA,0.743,Oregon,UCLA,FBS vs FBS,fbs,fbs,home,17.76,9.82,10.44,16.0,Oregon,10.44,0.743
7,7,Week 7,2026-10-17T04:00:00.000Z,401858492,Upcoming,,Oregon,Nebraska,0.689,Oregon,Nebraska,FBS vs FBS,fbs,fbs,home,17.76,12.37,7.89,16.0,Oregon,7.89,0.689
8,8,Week 8,2026-10-24T04:00:00.000Z,401858495,Upcoming,,Illinois,Oregon,0.2441,Oregon,Illinois,FBS vs FBS,fbs,fbs,away,17.76,4.17,11.09,16.0,Oregon,11.09,0.7559
9,9,Week 9,2026-10-31T04:00:00.000Z,401858505,Upcoming,,Oregon,Northwestern,0.769,Oregon,Northwestern,FBS vs FBS,fbs,fbs,home,17.76,8.49,11.77,16.0,Oregon,11.77,0.769
10,10,Week 10,2026-11-07T05:00:00.000Z,401858514,Upcoming,,Ohio State,Oregon,0.6596,Oregon,Ohio State,FBS vs FBS,fbs,fbs,away,17.76,21.84,-6.58,16.0,Ohio State,6.58,0.3404
11,11,Week 11,2026-11-14T05:00:00.000Z,401858523,Upcoming,,Oregon,Michigan,0.7403,Oregon,Michigan,FBS vs FBS,fbs,fbs,home,17.76,9.95,10.31,16.0,Oregon,10.31,0.7403
12,12,Week 12,2026-11-21T01:00:00.000Z,401858529,Upcoming,,Michigan State,Oregon,0.2119,Oregon,Michigan State,FBS vs FBS,fbs,fbs,away,17.76,2.46,12.8,16.0,Oregon,12.8,0.7881
13,13,Week 13,2026-11-28T05:00:00.000Z,401858541,Upcoming,,Oregon,Washington,0.8065,Oregon,Washington,FBS vs FBS,fbs,fbs,home,17.76,6.42,13.84,16.0,Oregon,13.84,0.8065
1,1,Week 1,2026-09-05T16:00:00.000Z,401856778,Final,"Oregon State 20, Houston 33",Houston,Oregon State,0.7978,Oregon State,Houston,FBS vs FBS,fbs,fbs,away,-3.28,7.56,-13.34,16.0,Houston,13.34,0.2022
2,2,Week 2,2026-09-12T23:30:00.000Z,401856783,Final,"Texas Tech 35, Oregon State 24",Oregon State,Texas Tech,0.1859,Oregon State,Texas Tech,FBS vs FBS,fbs,fbs,home,-3.28,13.51,-14.29,16.0,Texas Tech,14.29,0.1859
3,3,Week 3,2026-09-20T03:00:00.000Z,401860886,Final,"Montana 17, Oregon State 52",Oregon State,Montana,0.9609,Oregon State,Montana (FCS baseline),FCS involved,fbs,fcs,home,-3.28,-36.0,35.22,20.0,Oregon State,35.22,0.9609
4,4,Week 4,2026-09-27T01:00:00.000Z,401860895,Final,"Oregon State 33, UTEP 7",UTEP,Oregon State,0.1999,Oregon State,UTEP,FBS vs FBS,fbs,fbs,away,-3.28,-19.25,13.47,16.0,Oregon State,13.47,0.8001
5,5,Week 5,2026-10-03T22:00:00.000Z,401860899,Upcoming,,Colorado State,Oregon State,0.4728,Oregon State,Colorado State,FBS vs FBS,fbs,fbs,away,-3.28,-6.87,1.09,16.0,Oregon State,1.09,0.5272
6,6,Week 6,2026-10-10T22:00:00.000Z,401860902,Upcoming,,Oregon State,San Diego State,0.6055,Oregon State,San Diego State,FBS vs FBS,fbs,fbs,home,-3.28,-5.06,4.28,16.0,Oregon State,4.28,0.6055
7,7,Week 7,2026-10-17T22:00:00.000Z,401860903,Upcoming,,Oregon State,Washington State,0.6165,Oregon State,Washington State,FBS vs FBS,fbs,fbs,home,-3.28,-5.52,4.74,16.0,Oregon State,4.74,0.6165
9,9,Week 9,2026-10-31T04:00:00.000Z,401860924,Upcoming,,Fresno State,Oregon State,0.641,Oregon State,Fresno State,FBS vs FBS,fbs,fbs,away,-3.28,0.0,-5.78,16.0,Fresno State,5.78,0.359
10,10,Week 10,2026-11-08T03:30:00.000Z,401860912,Upcoming,,Oregon State,Texas State,0.5162,Oregon State,Texas State,FBS vs FBS,fbs,fbs,home,-3.28,-1.43,0.65,16.0,Oregon State,0.65,0.5162
11,11,Week 11,2026-11-14T23:00:00.000Z,401860914,Upcoming,,Boise State,Oregon State,0.8209,Oregon State,Boise State,FBS vs FBS,fbs,fbs,away,-3.28,8.92,-14.7,16.0,Boise State,14.7,0.1791
12,12,Week 12,2026-11-22T03:30:00.000Z,401860919,Upcoming,,Oregon State,Utah State,0.6205,Oregon State,Utah State,FBS vs FBS,fbs,fbs,home,-3.28,-5.69,4.91,16.0,Oregon State,4.91,0.6205
1,1,Week 1,2026-09-05T19:30:00.000Z,401858434,Final,"Marshall 0, Penn State 45",Penn State,Marshall,0.9273,Penn State,Marshall,FBS vs FBS,fbs,fbs,home,14.5,-6.3,23.3,16.0,Penn State,23.3,0.9273
2,2,Week 2,2026-09-12T16:00:00.000Z,401858442,Final,"Penn State 27, Temple 9",Temple,Penn State,0.1385,Penn State,Temple,FBS vs FBS,fbs,fbs,away,14.5,-5.39,17.39,16.0,Penn State,17.39,0.8615
3,3,Week 3,2026-09-19T16:00:00.000Z,401858456,Final,"Buffalo 13, Penn State 55",Penn State,Buffalo,0.9698,Penn State,Buffalo,FBS vs FBS,fbs,fbs,home,14.5,-13.04,30.04,16.0,Penn State,30.04,0.9698
4,4,Week 4,2026-09-26T21:00:00.000Z,401858466,Final,"Wisconsin 24, Penn State 20",Penn State,Wisconsin,0.7093,Penn State,Wisconsin,FBS vs FBS,fbs,fbs,home,14.5,8.18,8.82,16.0,Penn State,8.82,0.7093
5,5,Week 5,2026-10-03T00:00:00.000Z,401858476,Upcoming,,Northwestern,Penn State,0.4132,Penn State,Northwestern,FBS vs FBS,fbs,fbs,away,14.5,8.49,3.51,16.0,Penn State,3.51,0.5868
6,6,Week 6,2026-10-10T04:00:00.000Z,401858485,Upcoming,,Penn State,USC,0.5766,Penn State,USC,FBS vs FBS,fbs,fbs,home,14.5,13.91,3.09,16.0,Penn State,3.09,0.5766
7,7,Week 7,2026-10-17T04:00:00.000Z,401858490,Upcoming,,Michigan,Penn State,0.449,Penn State,Michigan,FBS vs FBS,fbs,fbs,away,14.5,9.95,2.05,16.0,Penn State,2.05,0.551
9,9,Week 9,2026-10-31T04:00:00.000Z,401858506,Upcoming,,Penn State,Purdue,0.9117,Penn State,Purdue,FBS vs FBS,fbs,fbs,home,14.5,-4.62,21.62,16.0,Penn State,21.62,0.9117
10,10,Week 10,2026-11-07T05:00:00.000Z,401858516,Upcoming,,Washington,Penn State,0.3636,Penn State,Washington,FBS vs FBS,fbs,fbs,away,14.5,6.42,5.58,16.0,Penn State,5.58,0.6364
11,11,Week 11,2026-11-14T05:00:00.000Z,401858524,Upcoming,,Penn State,Minnesota,0.831,Penn State,Minnesota,FBS vs FBS,fbs,fbs,home,14.5,1.67,15.33,16.0,Penn State,15.33,0.831
12,12,Week 12,2026-11-21T05:00:00.000Z,401858532,Upcoming,,Penn State,Rutgers,0.9064,Penn State,Rutgers,FBS vs FBS,fbs,fbs,home,14.5,-4.1,21.1,16.0,Penn State,21.1,0.9064
13,13,Week 13,2026-11-28T05:00:00.000Z,401858539,Upcoming,,Maryland,Penn State,0.1888,Penn State,Maryland,FBS vs FBS,fbs,fbs,away,14.5,-2.12,14.12,16.0,Penn State,14.12,0.8112
1,1,Week 1,2026-09-05T16:30:00.000Z,401858207,Final,"Miami (OH) 14, Pittsburgh 59",Pittsburgh,Miami (OH),0.865,Pittsburgh,Miami (OH),FBS vs FBS,fbs,fbs,home,7.27,-7.88,17.65,16.0,Pittsburgh,17.65,0.865
2,2,Week 2,2026-09-12T19:30:00.000Z,401856790,Final,"UCF 7, Pittsburgh 12",Pittsburgh,UCF,0.6723,Pittsburgh,UCF,FBS vs FBS,fbs,fbs,home,7.27,2.63,7.14,16.0,Pittsburgh,7.14,0.6723
3,3,Week 3,2026-09-17T23:30:00.000Z,401858225,Final,"Syracuse 13, Pittsburgh 27",Pittsburgh,Syracuse,0.8022,Pittsburgh,Syracuse,FBS vs FBS,fbs,fbs,home,7.27,-3.82,13.59,16.0,Pittsburgh,13.59,0.8022
4,4,Week 4,2026-09-26T16:00:00.000Z,401858236,Final,"Bucknell 0, Pittsburgh 59",Pittsburgh,Bucknell,0.9889,Pittsburgh,Bucknell (FCS baseline),FCS involved,fbs,fcs,home,7.27,-36.0,45.77,20.0,Pittsburgh,45.77,0.9889
5,5,Week 5,2026-10-02T23:00:00.000Z,401858245,Upcoming,,Virginia Tech,Pittsburgh,0.5152,Pittsburgh,Virginia Tech,FBS vs FBS,fbs,fbs,away,7.27,5.38,-0.61,16.0,Virginia Tech,0.61,0.4848
6,6,Week 6,2026-10-10T04:00:00.000Z,401858256,Upcoming,,Pittsburgh,North Carolina,0.6989,Pittsburgh,North Carolina,FBS vs FBS,fbs,fbs,home,7.27,1.43,8.34,16.0,Pittsburgh,8.34,0.6989
7,7,Week 7,2026-10-17T04:00:00.000Z,401858267,Upcoming,,Boston College,Pittsburgh,0.2643,Pittsburgh,Boston College,FBS vs FBS,fbs,fbs,away,7.27,-5.31,10.08,16.0,Pittsburgh,10.08,0.7357
8,8,Week 8,2026-10-24T04:00:00.000Z,401858274,Upcoming,,Miami,Pittsburgh,0.8378,Pittsburgh,Miami,FBS vs FBS,fbs,fbs,away,7.27,20.54,-15.77,16.0,Miami,15.77,0.1622
9,9,Week 9,2026-10-31T04:00:00.000Z,401858281,Upcoming,,Pittsburgh,Georgia Tech,0.7863,Pittsburgh,Georgia Tech,FBS vs FBS,fbs,fbs,home,7.27,-2.93,12.7,16.0,Pittsburgh,12.7,0.7863
11,11,Week 11,2026-11-14T00:00:00.000Z,401858293,Upcoming,,Pittsburgh,Florida State,0.6408,Pittsburgh,Florida State,FBS vs FBS,fbs,fbs,home,7.27,4.0,5.77,16.0,Pittsburgh,5.77,0.6408
12,12,Week 12,2026-11-21T05:00:00.000Z,401858306,Upcoming,,Louisville,Pittsburgh,0.5663,Pittsburgh,Louisville,FBS vs FBS,fbs,fbs,away,7.27,7.44,-2.67,16.0,Louisville,2.67,0.4337
13,13,Week 13,2026-11-28T05:00:00.000Z,401858315,Upcoming,,California,Pittsburgh,0.2959,Pittsburgh,California,FBS vs FBS,fbs,fbs,away,7.27,-3.81,8.58,16.0,Pittsburgh,8.58,0.7041
1,1,Week 1,2026-09-04T23:00:00.000Z,401858435,Final,"Indiana State 19, Purdue 44",Purdue,Indiana State,0.9549,Purdue,Indiana State (FCS baseline),FCS involved,fbs,fcs,home,-4.62,-36.0,33.88,20.0,Purdue,33.88,0.9549
2,2,Week 2,2026-09-12T16:00:00.000Z,401858224,Final,"Wake Forest 38, Purdue 36",Purdue,Wake Forest,0.3924,Purdue,Wake Forest,FBS vs FBS,fbs,fbs,home,-4.62,2.25,-4.37,16.0,Wake Forest,4.37,0.3924
3,3,Week 3,2026-09-20T03:00:00.000Z,401858458,Final,"Purdue 38, UCLA 52",UCLA,Purdue,0.8551,Purdue,UCLA,FBS vs FBS,fbs,fbs,away,-4.62,9.82,-16.94,16.0,UCLA,16.94,0.1449
4,4,Week 4,2026-09-26T18:00:00.000Z,401858467,Final,"Notre Dame 49, Purdue 10",Purdue,Notre Dame,0.0504,Purdue,Notre Dame,FBS vs FBS,fbs,fbs,home,-4.62,24.13,-26.25,16.0,Notre Dame,26.25,0.0504
5,5,Week 5,2026-10-03T20:15:00.000Z,401858472,Upcoming,,Illinois,Purdue,0.7598,Purdue,Illinois,FBS vs FBS,fbs,fbs,away,-4.62,4.17,-11.29,16.0,Illinois,11.29,0.2402
6,6,Week 6,2026-10-10T04:00:00.000Z,401858486,Upcoming,,Purdue,Minnesota,0.4064,Purdue,Minnesota,FBS vs FBS,fbs,fbs,home,-4.62,1.67,-3.79,16.0,Minnesota,3.79,0.4064
7,7,Week 7,2026-10-17T00:00:00.000Z,401858493,Upcoming,,Purdue,Washington,0.2968,Purdue,Washington,FBS vs FBS,fbs,fbs,home,-4.62,6.42,-8.54,16.0,Washington,8.54,0.2968
9,9,Week 9,2026-10-31T04:00:00.000Z,401858506,Upcoming,,Penn State,Purdue,0.9117,Purdue,Penn State,FBS vs FBS,fbs,fbs,away,-4.62,14.5,-21.62,16.0,Penn State,21.62,0.0883
10,10,Week 10,2026-11-07T05:00:00.000Z,401858515,Upcoming,,Purdue,Maryland,0.5,Purdue,Maryland,FBS vs FBS,fbs,fbs,home,-4.62,-2.12,0.0,16.0,Purdue,0.0,0.5
11,11,Week 11,2026-11-14T05:00:00.000Z,401858519,Upcoming,,Iowa,Purdue,0.871,Purdue,Iowa,FBS vs FBS,fbs,fbs,away,-4.62,10.98,-18.1,16.0,Iowa,18.1,0.129
12,12,Week 12,2026-11-21T05:00:00.000Z,401858533,Upcoming,,Purdue,Wisconsin,0.2599,Purdue,Wisconsin,FBS vs FBS,fbs,fbs,home,-4.62,8.18,-10.3,16.0,Wisconsin,10.3,0.2599
13,13,Week 13,2026-11-28T05:00:00.000Z,401858538,Upcoming,,Indiana,Purdue,0.9639,Purdue,Indiana,FBS vs FBS,fbs,fbs,away,-4.62,21.65,-28.77,16.0,Indiana,28.77,0.0361
1,1,Week 1,2026-09-05T23:00:00.000Z,401862697,Final,"Houston Christian 3, Rice 31",Rice,Houston Christian,0.9132,Rice,Houston Christian (FCS baseline),FCS involved,fbs,fcs,home,-11.28,-36.0,27.22,20.0,Rice,27.22,0.9132
2,2,Week 2,2026-09-12T19:30:00.000Z,401859184,Final,"Rice 0, Notre Dame 52",Notre Dame,Rice,0.9911,Rice,Notre Dame,FBS vs FBS,fbs,fbs,away,-11.28,24.13,-37.91,16.0,Notre Dame,37.91,0.0089
3,3,Week 3,2026-09-19T23:00:00.000Z,401862773,Final,"Western Michigan 28, Rice 21",Rice,Western Michigan,0.359,Rice,Western Michigan,FBS vs FBS,fbs,fbs,home,-11.28,-3.0,-5.78,16.0,Western Michigan,5.78,0.359
4,4,Week 4,2026-09-27T02:00:00.000Z,401860891,Final,"Rice 24, Fresno State 38",Fresno State,Rice,0.8054,Rice,Fresno State,FBS vs FBS,fbs,fbs,away,-11.28,0.0,-13.78,16.0,Fresno State,13.78,0.1946
5,5,Week 5,2026-10-03T23:00:00.000Z,401862788,Upcoming,,Rice,UTSA,0.2641,Rice,UTSA,FBS vs FBS,fbs,fbs,home,-11.28,1.31,-10.09,16.0,UTSA,10.09,0.2641
6,6,Week 6,2026-10-10T04:00:00.000Z,401862797,Upcoming,,East Carolina,Rice,0.7043,Rice,East Carolina,FBS vs FBS,fbs,fbs,away,-11.28,-5.19,-8.59,16.0,East Carolina,8.59,0.2957
7,7,Week 7,2026-10-17T04:00:00.000Z,401862805,Upcoming,,Rice,Tulsa,0.4431,Rice,Tulsa,FBS vs FBS,fbs,fbs,home,-11.28,-6.49,-2.29,16.0,Tulsa,2.29,0.4431
8,8,Week 8,2026-10-24T04:00:00.000Z,401862809,Upcoming,,Florida Atlantic,Rice,0.7214,Rice,Florida Atlantic,FBS vs FBS,fbs,fbs,away,-11.28,-4.39,-9.39,16.0,Florida Atlantic,9.39,0.2786
10,10,Week 10,2026-11-07T05:00:00.000Z,401862821,Upcoming,,North Texas,Rice,0.7992,Rice,North Texas,FBS vs FBS,fbs,fbs,away,-11.28,-0.36,-13.42,16.0,North Texas,13.42,0.2008
11,11,Week 11,2026-11-14T05:00:00.000Z,401862828,Upcoming,,Rice,Tulane,0.3632,Rice,Tulane,FBS vs FBS,fbs,fbs,home,-11.28,-3.18,-5.6,16.0,Tulane,5.6,0.3632
12,12,Week 12,2026-11-20T00:30:00.000Z,401862830,Upcoming,,Temple,Rice,0.7,Rice,Temple,FBS vs FBS,fbs,fbs,away,-11.28,-5.39,-8.39,16.0,Temple,8.39,0.3
13,13,Week 13,2026-11-28T05:00:00.000Z,401862841,Upcoming,,Rice,Army,0.3578,Rice,Army,FBS vs FBS,fbs,fbs,home,-11.28,-2.95,-5.83,16.0,Army,5.83,0.3578
1,1,Week 1,2026-09-03T22:00:00.000Z,401858423,Final,"Massachusetts 37, Rutgers 21",Rutgers,Massachusetts,0.6002,Rutgers,Massachusetts,FBS vs FBS,fbs,fbs,home,-4.1,-5.66,4.06,16.0,Rutgers,4.06,0.6002
2,2,Week 2,2026-09-11T23:30:00.000Z,401858214,Final,"Rutgers 21, Boston College 28",Boston College,Rutgers,0.5321,Rutgers,Boston College,FBS vs FBS,fbs,fbs,away,-4.1,-5.31,-1.29,16.0,Boston College,1.29,0.4679
3,3,Week 3,2026-09-19T19:30:00.000Z,401858457,Final,"USC 42, Rutgers 35",Rutgers,USC,0.1662,Rutgers,USC,FBS vs FBS,fbs,fbs,home,-4.1,13.91,-15.51,16.0,USC,15.51,0.1662
4,4,Week 4,2026-09-25T23:00:00.000Z,401858468,Final,"Howard 7, Rutgers 58",Rutgers,Howard,0.9573,Rutgers,Howard (FCS baseline),FCS involved,fbs,fcs,home,-4.1,-36.0,34.4,20.0,Rutgers,34.4,0.9573
5,5,Week 5,2026-10-04T00:00:00.000Z,401858477,Upcoming,,Rutgers,Indiana,0.0731,Rutgers,Indiana,FBS vs FBS,fbs,fbs,home,-4.1,21.65,-23.25,16.0,Indiana,23.25,0.0731
7,7,Week 7,2026-10-17T04:00:00.000Z,401858489,Upcoming,,Maryland,Rutgers,0.6103,Rutgers,Maryland,FBS vs FBS,fbs,fbs,away,-4.1,-2.12,-4.48,16.0,Maryland,4.48,0.3897
8,8,Week 8,2026-10-24T04:00:00.000Z,401858498,Upcoming,,Northwestern,Rutgers,0.8272,Rutgers,Northwestern,FBS vs FBS,fbs,fbs,away,-4.1,8.49,-15.09,16.0,Northwestern,15.09,0.1728
9,9,Week 9,2026-10-31T04:00:00.000Z,401858507,Upcoming,,Rutgers,Michigan,0.2352,Rutgers,Michigan,FBS vs FBS,fbs,fbs,home,-4.1,9.95,-11.55,16.0,Michigan,11.55,0.2352
10,10,Week 10,2026-11-07T05:00:00.000Z,401858517,Upcoming,,Wisconsin,Rutgers,0.8222,Rutgers,Wisconsin,FBS vs FBS,fbs,fbs,away,-4.1,8.18,-14.78,16.0,Wisconsin,14.78,0.1778
11,11,Week 11,2026-11-14T05:00:00.000Z,401858525,Upcoming,,Rutgers,Nebraska,0.1913,Rutgers,Nebraska,FBS vs FBS,fbs,fbs,home,-4.1,12.37,-13.97,16.0,Nebraska,13.97,0.1913
12,12,Week 12,2026-11-21T05:00:00.000Z,401858532,Upcoming,,Penn State,Rutgers,0.9064,Rutgers,Penn State,FBS vs FBS,fbs,fbs,away,-4.1,14.5,-21.1,16.0,Penn State,21.1,0.0936
13,13,Week 13,2026-11-28T05:00:00.000Z,401858542,Upcoming,,Rutgers,Michigan State,0.3998,Rutgers,Michigan State,FBS vs FBS,fbs,fbs,home,-4.1,2.46,-4.06,16.0,Michigan State,4.06,0.3998
1,1,Week 1,2026-09-07T23:30:00.000Z,401858212,Final,"SMU 27, Florida State 24",Florida State,SMU,0.4985,SMU,Florida State,FBS vs FBS,fbs,fbs,away,6.56,4.0,0.06,16.0,SMU,0.06,0.5015
2,2,Week 2,2026-09-12T20:00:00.000Z,401858223,Final,"UC Davis 10, SMU 56",SMU,UC Davis,0.9879,SMU,UC Davis (FCS baseline),FCS involved,fbs,fcs,home,6.56,-36.0,45.06,20.0,SMU,45.06,0.9879
3,3,Week 3,2026-09-19T19:30:00.000Z,401858230,Final,"SMU 31, Louisville 41",Louisville,SMU,0.5837,SMU,Louisville,FBS vs FBS,fbs,fbs,away,6.56,7.44,-3.38,16.0,Louisville,3.38,0.4163
4,4,Week 4,2026-09-27T01:00:00.000Z,401858241,Final,"Missouri State 24, SMU 34",SMU,Missouri State,0.9071,SMU,Missouri State,FBS vs FBS,fbs,fbs,home,6.56,-12.11,21.17,16.0,SMU,21.17,0.9071
5,5,Week 5,2026-10-03T16:00:00.000Z,401858246,Upcoming,,SMU,Boston College,0.8154,SMU,Boston College,FBS vs FBS,fbs,fbs,home,6.56,-5.31,14.37,16.0,SMU,14.37,0.8154
7,7,Week 7,2026-10-17T04:00:00.000Z,401858268,Upcoming,,SMU,Virginia,0.5401,SMU,Virginia,FBS vs FBS,fbs,fbs,home,6.56,7.45,1.61,16.0,SMU,1.61,0.5401
8,8,Week 8,2026-10-24T04:00:00.000Z,401858270,Upcoming,,SMU,California,0.7894,SMU,California,FBS vs FBS,fbs,fbs,home,6.56,-3.81,12.87,16.0,SMU,12.87,0.7894
9,9,Week 9,2026-10-31T04:00:00.000Z,401858278,Upcoming,,Syracuse,SMU,0.3112,SMU,Syracuse,FBS vs FBS,fbs,fbs,away,6.56,-3.82,7.88,16.0,SMU,7.88,0.6888
10,10,Week 10,2026-11-07T00:00:00.000Z,401858288,Upcoming,,SMU,Virginia Tech,0.591,SMU,Virginia Tech,FBS vs FBS,fbs,fbs,home,6.56,5.38,3.68,16.0,SMU,3.68,0.591
11,11,Week 11,2026-11-14T05:00:00.000Z,401858301,Upcoming,,SMU,Wake Forest,0.6648,SMU,Wake Forest,FBS vs FBS,fbs,fbs,home,6.56,2.25,6.81,16.0,SMU,6.81,0.6648
12,12,Week 12,2026-11-22T00:30:00.000Z,401858307,Upcoming,,Notre Dame,SMU,0.8951,SMU,Notre Dame,FBS vs FBS,fbs,fbs,away,6.56,24.13,-20.07,16.0,Notre Dame,20.07,0.1049
13,13,Week 13,2026-11-28T05:00:00.000Z,401858316,Upcoming,,Stanford,SMU,0.2477,SMU,Stanford,FBS vs FBS,fbs,fbs,away,6.56,-6.85,10.91,16.0,SMU,10.91,0.7523
1,0,Week 0,2026-08-29T22:30:00.000Z,401866408,Final,"Sacramento State 17, Eastern Michigan 28",Eastern Michigan,Sacramento State,0.6923,Sacramento State,Eastern Michigan,FBS vs FBS,fbs,fbs,away,-19.36,-13.82,-8.04,16.0,Eastern Michigan,8.04,0.3077
1,1,Week 1,2026-09-06T02:00:00.000Z,401866411,Final,"Mississippi Valley State 0, Sacramento State 52",Sacramento State,Mississippi Valley State,0.8307,Sacramento State,Mississippi Valley State (FCS baseline),FCS involved,fbs,fcs,home,-19.36,-36.0,19.14,20.0,Sacramento State,19.14,0.8307
2,2,Week 2,2026-09-13T02:30:00.000Z,401860883,Final,"Sacramento State 3, Fresno State 49",Fresno State,Sacramento State,0.9141,Sacramento State,Fresno State,FBS vs FBS,fbs,fbs,away,-19.36,0.0,-21.86,16.0,Fresno State,21.86,0.0859
3,3,Week 3,2026-09-20T02:30:00.000Z,401864507,Final,"North Dakota State 31, Sacramento State 10",Sacramento State,North Dakota State,0.0933,Sacramento State,North Dakota State,FBS vs FBS,fbs,fbs,home,-19.36,4.27,-21.13,16.0,North Dakota State,21.13,0.0933
4,4,Week 4,2026-09-27T01:00:00.000Z,401866429,Final,"Massachusetts 35, Sacramento State 6",Sacramento State,Massachusetts,0.242,Sacramento State,Massachusetts,FBS vs FBS,fbs,fbs,home,-19.36,-5.66,-11.2,16.0,Massachusetts,11.2,0.242
6,6,Week 6,2026-10-10T04:00:00.000Z,401866436,Upcoming,,Bowling Green,Sacramento State,0.6689,Sacramento State,Bowling Green,FBS vs FBS,fbs,fbs,away,-19.36,-14.87,-6.99,16.0,Bowling Green,6.99,0.3311
7,7,Week 7,2026-10-17T04:00:00.000Z,401866445,Upcoming,,Sacramento State,Ohio,0.3022,Sacramento State,Ohio,FBS vs FBS,fbs,fbs,home,-19.36,-8.57,-8.29,16.0,Ohio,8.29,0.3022
8,8,Week 8,2026-10-24T04:00:00.000Z,401866447,Upcoming,,Ball State,Sacramento State,0.6141,Sacramento State,Ball State,FBS vs FBS,fbs,fbs,away,-19.36,-17.22,-4.64,16.0,Ball State,4.64,0.3859
9,9,Week 9,2026-10-31T02:30:00.000Z,401866451,Upcoming,,Sacramento State,Kent State,0.4893,Sacramento State,Kent State,FBS vs FBS,fbs,fbs,home,-19.36,-16.43,-0.43,16.0,Kent State,0.43,0.4893
10,10,Week 10,2026-11-04T05:00:00.000Z,401866457,Upcoming,,Sacramento State,Toledo,0.1432,Sacramento State,Toledo,FBS vs FBS,fbs,fbs,home,-19.36,0.2,-17.06,16.0,Toledo,17.06,0.1432
11,11,Week 11,2026-11-11T05:00:00.000Z,401866462,Upcoming,,Central Michigan,Sacramento State,0.7506,Sacramento State,Central Michigan,FBS vs FBS,fbs,fbs,away,-19.36,-11.04,-10.82,16.0,Central Michigan,10.82,0.2494
13,13,Week 13,2026-11-29T04:00:00.000Z,401864547,Upcoming,,Hawai'i,Sacramento State,0.7692,Sacramento State,Hawai'i,FBS vs FBS,fbs,fbs,away,-19.36,-10.08,-11.78,16.0,Hawai'i,11.78,0.2308
1,1,Week 1,2026-09-05T23:00:00.000Z,401870763,Final,"Sam Houston 21, Troy 24",Troy,Sam Houston,0.7361,Sam Houston,Troy,FBS vs FBS,fbs,fbs,away,-14.27,-6.67,-10.1,16.0,Troy,10.1,0.2639
2,2,Week 2,2026-09-12T23:00:00.000Z,401862707,Final,"Tulsa 23, Sam Houston 17",Sam Houston,Tulsa,0.3707,Sam Houston,Tulsa,FBS vs FBS,fbs,fbs,home,-14.27,-6.49,-5.28,16.0,Tulsa,5.28,0.3707
3,3,Week 3,2026-09-19T23:00:00.000Z,401870764,Final,"Nicholls 0, Sam Houston 59",Sam Houston,Nicholls,0.8871,Sam Houston,Nicholls (FCS baseline),FCS involved,fbs,fcs,home,-14.27,-36.0,24.23,20.0,Sam Houston,24.23,0.8871
4,4,Week 4,2026-09-26T16:00:00.000Z,401856805,Final,"Sam Houston 14, Texas Tech 49",Texas Tech,Sam Houston,0.9708,Sam Houston,Texas Tech,FBS vs FBS,fbs,fbs,away,-14.27,13.51,-30.28,16.0,Texas Tech,30.28,0.0292
6,6,Week 6,2026-10-08T23:00:00.000Z,401870766,Upcoming,,Liberty,Sam Houston,0.9084,Sam Houston,Liberty,FBS vs FBS,fbs,fbs,away,-14.27,4.53,-21.3,16.0,Liberty,21.3,0.0916
7,7,Week 7,2026-10-15T00:00:00.000Z,401871068,Upcoming,,Sam Houston,Western Kentucky,0.5229,Sam Houston,Western Kentucky,FBS vs FBS,fbs,fbs,home,-14.27,-12.69,0.92,16.0,Sam Houston,0.92,0.5229
8,8,Week 8,2026-10-22T00:00:00.000Z,401871070,Upcoming,,Sam Houston,New Mexico State,0.5512,Sam Houston,New Mexico State,FBS vs FBS,fbs,fbs,home,-14.27,-13.83,2.06,16.0,Sam Houston,2.06,0.5512
9,9,Week 9,2026-10-28T00:00:00.000Z,401871072,Upcoming,,Missouri State,Sam Houston,0.6146,Sam Houston,Missouri State,FBS vs FBS,fbs,fbs,away,-14.27,-12.11,-4.66,16.0,Missouri State,4.66,0.3854
10,10,Week 10,2026-11-08T00:00:00.000Z,401871075,Upcoming,,Jacksonville State,Sam Houston,0.7602,Sam Houston,Jacksonville State,FBS vs FBS,fbs,fbs,away,-14.27,-5.46,-11.31,16.0,Jacksonville State,11.31,0.2398
11,11,Week 11,2026-11-14T19:00:00.000Z,401870769,Upcoming,,Sam Houston,Kennesaw State,0.4955,Sam Houston,Kennesaw State,FBS vs FBS,fbs,fbs,home,-14.27,-11.59,-0.18,16.0,Kennesaw State,0.18,0.4955
12,12,Week 12,2026-11-21T19:00:00.000Z,401871081,Upcoming,,Sam Houston,Middle Tennessee,0.4163,Sam Houston,Middle Tennessee,FBS vs FBS,fbs,fbs,home,-14.27,-8.39,-3.38,16.0,Middle Tennessee,3.38,0.4163
13,13,Week 13,2026-11-28T19:00:00.000Z,401871082,Upcoming,,Florida International,Sam Houston,0.7615,Sam Houston,Florida International,FBS vs FBS,fbs,fbs,away,-14.27,-5.39,-11.38,16.0,Florida International,11.38,0.2385
1,1,Week 1,2026-09-06T01:30:00.000Z,401860879,Final,"Portland State 20, San Diego State 53",San Diego State,Portland State,0.9527,San Diego State,Portland State (FCS baseline),FCS involved,fbs,fcs,home,-5.06,-36.0,33.44,20.0,San Diego State,33.44,0.9527
2,2,Week 2,2026-09-12T23:15:00.000Z,401858443,Final,"San Diego State 10, UCLA 28",UCLA,San Diego State,0.8613,San Diego State,UCLA,FBS vs FBS,fbs,fbs,away,-5.06,9.82,-17.38,16.0,UCLA,17.38,0.1387
3,3,Week 3,2026-09-20T02:00:00.000Z,401860887,Final,"James Madison 26, San Diego State 13",San Diego State,James Madison,0.2672,San Diego State,James Madison,FBS vs FBS,fbs,fbs,home,-5.06,7.38,-9.94,16.0,James Madison,9.94,0.2672
4,4,Week 4,2026-09-26T16:00:00.000Z,401860893,Final,"San Diego State 16, Toledo 41",Toledo,San Diego State,0.6862,San Diego State,Toledo,FBS vs FBS,fbs,fbs,away,-5.06,0.2,-7.76,16.0,Toledo,7.76,0.3138
5,5,Week 5,2026-10-04T02:30:00.000Z,401860900,Upcoming,,San Diego State,Texas State,0.4718,San Diego State,Texas State,FBS vs FBS,fbs,fbs,home,-5.06,-1.43,-1.13,16.0,Texas State,1.13,0.4718
6,6,Week 6,2026-10-10T22:00:00.000Z,401860902,Upcoming,,Oregon State,San Diego State,0.6055,San Diego State,Oregon State,FBS vs FBS,fbs,fbs,away,-5.06,-3.28,-4.28,16.0,Oregon State,4.28,0.3945
7,7,Week 7,2026-10-18T02:30:00.000Z,401860904,Upcoming,,San Diego State,Fresno State,0.4364,San Diego State,Fresno State,FBS vs FBS,fbs,fbs,home,-5.06,0.0,-2.56,16.0,Fresno State,2.56,0.4364
8,8,Week 8,2026-10-24T22:30:00.000Z,401860905,Upcoming,,Colorado State,San Diego State,0.5172,San Diego State,Colorado State,FBS vs FBS,fbs,fbs,away,-5.06,-6.87,-0.69,16.0,Colorado State,0.69,0.4828
9,9,Week 9,2026-10-31T23:00:00.000Z,401860909,Upcoming,,San Diego State,Washington State,0.5734,San Diego State,Washington State,FBS vs FBS,fbs,fbs,home,-5.06,-5.52,2.96,16.0,San Diego State,2.96,0.5734
11,11,Week 11,2026-11-15T02:30:00.000Z,401860915,Upcoming,,San Diego State,Utah State,0.5775,San Diego State,Utah State,FBS vs FBS,fbs,fbs,home,-5.06,-5.69,3.13,16.0,San Diego State,3.13,0.5775
12,12,Week 12,2026-11-22T02:30:00.000Z,401860925,Upcoming,,Boise State,San Diego State,0.8485,San Diego State,Boise State,FBS vs FBS,fbs,fbs,away,-5.06,8.92,-16.48,16.0,Boise State,16.48,0.1515
1,0,Week 0,2026-08-29T19:00:00.000Z,401864494,Final,"San José State 26, USC 42",USC,San José State,0.9329,San José State,USC,FBS vs FBS,fbs,fbs,away,-7.56,13.91,-23.97,16.0,USC,23.97,0.0671
1,1,Week 1,2026-09-04T22:30:00.000Z,401864495,Final,"San José State 27, Eastern Michigan 21",Eastern Michigan,San José State,0.4071,San José State,Eastern Michigan,FBS vs FBS,fbs,fbs,away,-7.56,-13.82,3.76,16.0,San José State,3.76,0.5929
2,2,Week 2,2026-09-13T01:00:00.000Z,401864504,Final,"Cal Poly 20, San José State 30",San José State,Cal Poly,0.9391,San José State,Cal Poly (FCS baseline),FCS involved,fbs,fcs,home,-7.56,-36.0,30.94,20.0,San José State,30.94,0.9391
3,3,Week 3,2026-09-20T03:00:00.000Z,401860888,Final,"Fresno State 26, San José State 10",San José State,Fresno State,0.3759,San José State,Fresno State,FBS vs FBS,fbs,fbs,home,-7.56,0.0,-5.06,16.0,Fresno State,5.06,0.3759
5,5,Week 5,2026-10-04T03:59:00.000Z,401864513,Upcoming,,Hawai'i,San José State,0.4995,San José State,Hawai'i,FBS vs FBS,fbs,fbs,away,-7.56,-10.08,0.02,16.0,San José State,0.02,0.5005
6,6,Week 6,2026-10-10T01:00:00.000Z,401864519,Upcoming,,San José State,Wyoming,0.6284,San José State,Wyoming,FBS vs FBS,fbs,fbs,home,-7.56,-10.3,5.24,16.0,San José State,5.24,0.6284
7,7,Week 7,2026-10-18T01:00:00.000Z,401864523,Upcoming,,UTEP,San José State,0.2829,San José State,UTEP,FBS vs FBS,fbs,fbs,away,-7.56,-19.25,9.19,16.0,San José State,9.19,0.7171
8,8,Week 8,2026-10-24T21:00:00.000Z,401864528,Upcoming,,Nevada,San José State,0.6331,San José State,Nevada,FBS vs FBS,fbs,fbs,away,-7.56,-4.62,-5.44,16.0,Nevada,5.44,0.3669
9,9,Week 9,2026-10-31T04:00:00.000Z,401864529,Upcoming,,San José State,New Mexico,0.2942,San José State,New Mexico,FBS vs FBS,fbs,fbs,home,-7.56,3.6,-8.66,16.0,New Mexico,8.66,0.2942
10,10,Week 10,2026-11-07T05:00:00.000Z,401864534,Upcoming,,San José State,Northern Illinois,0.7448,San José State,Northern Illinois,FBS vs FBS,fbs,fbs,home,-7.56,-15.59,10.53,16.0,San José State,10.53,0.7448
11,11,Week 11,2026-11-15T00:00:00.000Z,401864538,Upcoming,,Air Force,San José State,0.6566,San José State,Air Force,FBS vs FBS,fbs,fbs,away,-7.56,-3.61,-6.45,16.0,Air Force,6.45,0.3434
12,12,Week 12,2026-11-22T00:00:00.000Z,401864544,Upcoming,,San José State,UNLV,0.4227,San José State,UNLV,FBS vs FBS,fbs,fbs,home,-7.56,-1.94,-3.12,16.0,UNLV,3.12,0.4227
13,13,Week 13,2026-11-27T20:30:00.000Z,401864549,Upcoming,,San José State,North Dakota State,0.2799,San José State,North Dakota State,FBS vs FBS,fbs,fbs,home,-7.56,4.27,-9.33,16.0,North Dakota State,9.33,0.2799
1,1,Week 1,2026-09-05T23:00:00.000Z,401868316,Final,"SE Louisiana 14, South Alabama 39",South Alabama,SE Louisiana,0.9413,South Alabama,SE Louisiana (FCS baseline),FCS involved,fbs,fcs,home,-7.19,-36.0,31.31,20.0,South Alabama,31.31,0.9413
2,2,Week 2,2026-09-12T23:00:00.000Z,401864575,Final,"South Alabama 24, Tulane 28",Tulane,South Alabama,0.658,South Alabama,Tulane,FBS vs FBS,fbs,fbs,away,-7.19,-3.18,-6.51,16.0,Tulane,6.51,0.342
3,3,Week 3,2026-09-19T23:00:00.000Z,401866423,Final,"Ohio 36, South Alabama 41",South Alabama,Ohio,0.5958,South Alabama,Ohio,FBS vs FBS,fbs,fbs,home,-7.19,-8.57,3.88,16.0,South Alabama,3.88,0.5958
4,4,Week 4,2026-09-26T16:45:00.000Z,401864576,Final,"South Alabama 21, Kentucky 45",Kentucky,South Alabama,0.8406,South Alabama,Kentucky,FBS vs FBS,fbs,fbs,away,-7.19,6.26,-15.95,16.0,Kentucky,15.95,0.1594
5,5,Week 5,2026-10-03T23:00:00.000Z,401871089,Upcoming,,South Alabama,UL Monroe,0.7951,South Alabama,UL Monroe,FBS vs FBS,fbs,fbs,home,-7.19,-17.88,13.19,16.0,South Alabama,13.19,0.7951
6,6,Week 6,2026-10-08T23:30:00.000Z,401869933,Upcoming,,Arkansas State,South Alabama,0.504,South Alabama,Arkansas State,FBS vs FBS,fbs,fbs,away,-7.19,-9.53,-0.16,16.0,Arkansas State,0.16,0.496
8,8,Week 8,2026-10-20T23:30:00.000Z,401871092,Upcoming,,Marshall,South Alabama,0.5839,South Alabama,Marshall,FBS vs FBS,fbs,fbs,away,-7.19,-6.3,-3.39,16.0,Marshall,3.39,0.4161
9,9,Week 9,2026-10-31T04:00:00.000Z,401871097,Upcoming,,South Alabama,Louisiana Tech,0.5773,South Alabama,Louisiana Tech,FBS vs FBS,fbs,fbs,home,-7.19,-7.81,3.12,16.0,South Alabama,3.12,0.5773
10,10,Week 10,2026-11-07T05:00:00.000Z,401869968,Upcoming,,Louisiana,South Alabama,0.6766,South Alabama,Louisiana,FBS vs FBS,fbs,fbs,away,-7.19,-2.36,-7.33,16.0,Louisiana,7.33,0.3234
11,11,Week 11,2026-11-14T05:00:00.000Z,401871100,Upcoming,,South Alabama,Troy,0.5492,South Alabama,Troy,FBS vs FBS,fbs,fbs,home,-7.19,-6.67,1.98,16.0,South Alabama,1.98,0.5492
12,12,Week 12,2026-11-21T05:00:00.000Z,401871101,Upcoming,,Southern Miss,South Alabama,0.3724,South Alabama,Southern Miss,FBS vs FBS,fbs,fbs,away,-7.19,-14.9,5.21,16.0,South Alabama,5.21,0.6276
13,13,Week 13,2026-11-27T20:00:00.000Z,401869930,Upcoming,,South Alabama,App State,0.5378,South Alabama,App State,FBS vs FBS,fbs,fbs,home,-7.19,-6.21,1.52,16.0,South Alabama,1.52,0.5378
1,1,Week 1,2026-09-05T16:45:00.000Z,401856665,Final,"Kent State 0, South Carolina 57",South Carolina,Kent State,0.9455,South Carolina,Kent State,FBS vs FBS,fbs,fbs,home,6.71,-16.43,25.64,16.0,South Carolina,25.64,0.9455
2,2,Week 2,2026-09-12T23:00:00.000Z,401856680,Final,"Towson 9, South Carolina 45",South Carolina,Towson,0.9881,South Carolina,Towson (FCS baseline),FCS involved,fbs,fcs,home,6.71,-36.0,45.21,20.0,South Carolina,45.21,0.9881
3,3,Week 3,2026-09-19T20:15:00.000Z,401856691,Final,"Mississippi State 41, South Carolina 34",South Carolina,Mississippi State,0.4587,South Carolina,Mississippi State,FBS vs FBS,fbs,fbs,home,6.71,10.87,-1.66,16.0,Mississippi State,1.66,0.4587
4,4,Week 4,2026-09-26T23:00:00.000Z,401856696,Final,"South Carolina 18, Alabama 49",Alabama,South Carolina,0.8517,South Carolina,Alabama,FBS vs FBS,fbs,fbs,away,6.71,20.91,-16.7,16.0,Alabama,16.7,0.1483
5,5,Week 5,2026-10-03T20:15:00.000Z,401856709,Upcoming,,South Carolina,Kentucky,0.5731,South Carolina,Kentucky,FBS vs FBS,fbs,fbs,home,6.71,6.26,2.95,16.0,South Carolina,2.95,0.5731
6,6,Week 6,2026-10-10T04:00:00.000Z,401856714,Upcoming,,Florida,South Carolina,0.7843,South Carolina,Florida,FBS vs FBS,fbs,fbs,away,6.71,16.8,-12.59,16.0,Florida,12.59,0.2157
8,8,Week 8,2026-10-24T04:00:00.000Z,401856731,Upcoming,,South Carolina,Tennessee,0.3861,South Carolina,Tennessee,FBS vs FBS,fbs,fbs,home,6.71,13.84,-4.63,16.0,Tennessee,4.63,0.3861
9,9,Week 9,2026-10-31T04:00:00.000Z,401856736,Upcoming,,Oklahoma,South Carolina,0.6591,South Carolina,Oklahoma,FBS vs FBS,fbs,fbs,away,6.71,10.77,-6.56,16.0,Oklahoma,6.56,0.3409
10,10,Week 10,2026-11-07T05:00:00.000Z,401856744,Upcoming,,South Carolina,Texas A&M,0.4355,South Carolina,Texas A&M,FBS vs FBS,fbs,fbs,home,6.71,11.81,-2.6,16.0,Texas A&M,2.6,0.4355
11,11,Week 11,2026-11-14T05:00:00.000Z,401856882,Upcoming,,Arkansas,South Carolina,0.4127,South Carolina,Arkansas,FBS vs FBS,fbs,fbs,away,6.71,0.68,3.53,16.0,South Carolina,3.53,0.5873
12,12,Week 12,2026-11-21T05:00:00.000Z,401856753,Upcoming,,South Carolina,Georgia,0.1842,South Carolina,Georgia,FBS vs FBS,fbs,fbs,home,6.71,23.6,-14.39,16.0,Georgia,14.39,0.1842
13,13,Week 13,2026-11-28T05:00:00.000Z,401856764,Upcoming,,Clemson,South Carolina,0.5105,South Carolina,Clemson,FBS vs FBS,fbs,fbs,away,6.71,4.63,-0.42,16.0,Clemson,0.42,0.4895
1,1,Week 1,2026-09-05T23:00:00.000Z,401862699,Final,"Florida International 9, South Florida 19",South Florida,Florida International,0.7363,South Florida,Florida International,FBS vs FBS,fbs,fbs,home,2.22,-5.39,10.11,16.0,South Florida,10.11,0.7363
2,2,Week 2,2026-09-12T16:00:00.000Z,401862702,Final,"South Florida 28, Army 24",Army,South Florida,0.4337,South Florida,Army,FBS vs FBS,fbs,fbs,away,2.22,-2.95,2.67,16.0,South Florida,2.67,0.5663
3,3,Week 3,2026-09-19T23:00:00.000Z,401862777,Final,"Delaware State 17, South Florida 59",South Florida,Delaware State,0.9791,South Florida,Delaware State (FCS baseline),FCS involved,fbs,fcs,home,2.22,-36.0,40.72,20.0,South Florida,40.72,0.9791
4,4,Week 4,2026-09-26T21:00:00.000Z,401862785,Final,"South Florida 14, Bowling Green 6",Bowling Green,South Florida,0.1809,South Florida,Bowling Green,FBS vs FBS,fbs,fbs,away,2.22,-14.87,14.59,16.0,South Florida,14.59,0.8191
5,5,Week 5,2026-10-03T23:30:00.000Z,401862792,Upcoming,,South Florida,Temple,0.7363,South Florida,Temple,FBS vs FBS,fbs,fbs,home,2.22,-5.39,10.11,16.0,South Florida,10.11,0.7363
6,6,Week 6,2026-10-08T23:30:00.000Z,401862794,Upcoming,,UTSA,South Florida,0.5396,South Florida,UTSA,FBS vs FBS,fbs,fbs,away,2.22,1.31,-1.59,16.0,UTSA,1.59,0.4604
7,7,Week 7,2026-10-17T04:00:00.000Z,401862806,Upcoming,,South Florida,Kent State,0.9069,South Florida,Kent State,FBS vs FBS,fbs,fbs,home,2.22,-16.43,21.15,16.0,South Florida,21.15,0.9069
9,9,Week 9,2026-10-31T04:00:00.000Z,401862816,Upcoming,,South Florida,UAB,0.7962,South Florida,UAB,FBS vs FBS,fbs,fbs,home,2.22,-8.53,13.25,16.0,South Florida,13.25,0.7962
10,10,Week 10,2026-11-07T00:30:00.000Z,401862818,Upcoming,,East Carolina,South Florida,0.3795,South Florida,East Carolina,FBS vs FBS,fbs,fbs,away,2.22,-5.19,4.91,16.0,South Florida,4.91,0.6205
11,11,Week 11,2026-11-13T01:00:00.000Z,401862824,Upcoming,,South Florida,Memphis,0.5893,South Florida,Memphis,FBS vs FBS,fbs,fbs,home,2.22,1.11,3.61,16.0,South Florida,3.61,0.5893
12,12,Week 12,2026-11-21T05:00:00.000Z,401862833,Upcoming,,Florida Atlantic,South Florida,0.3986,South Florida,Florida Atlantic,FBS vs FBS,fbs,fbs,away,2.22,-4.39,4.11,16.0,South Florida,4.11,0.6014
13,13,Week 13,2026-11-27T05:00:00.000Z,401862839,Upcoming,,South Florida,Tulane,0.6893,South Florida,Tulane,FBS vs FBS,fbs,fbs,home,2.22,-3.18,7.9,16.0,South Florida,7.9,0.6893
1,1,Week 1,2026-09-05T21:00:00.000Z,401868356,Final,"Alcorn State 3, Southern Miss 49",Southern Miss,Alcorn State,0.881,Southern Miss,Alcorn State (FCS baseline),FCS involved,fbs,fcs,home,-14.9,-36.0,23.6,20.0,Southern Miss,23.6,0.881
2,2,Week 2,2026-09-12T23:45:00.000Z,401856671,Final,"Southern Miss 8, Auburn 43",Auburn,Southern Miss,0.9498,Southern Miss,Auburn,FBS vs FBS,fbs,fbs,away,-14.9,8.88,-26.28,16.0,Auburn,26.28,0.0502
3,3,Week 3,2026-09-19T23:00:00.000Z,401861963,Final,"UConn 48, Southern Miss 20",Southern Miss,UConn,0.3443,Southern Miss,UConn,FBS vs FBS,fbs,fbs,home,-14.9,-5.99,-6.41,16.0,UConn,6.41,0.3443
4,4,Week 4,2026-09-26T23:00:00.000Z,401862784,Final,"Southern Miss 21, Tulane 24",Tulane,Southern Miss,0.8129,Southern Miss,Tulane,FBS vs FBS,fbs,fbs,away,-14.9,-3.18,-14.22,16.0,Tulane,14.22,0.1871
6,6,Week 6,2026-10-07T00:00:00.000Z,401871090,Upcoming,,Troy,Southern Miss,0.7488,Southern Miss,Troy,FBS vs FBS,fbs,fbs,away,-14.9,-6.67,-10.73,16.0,Troy,10.73,0.2512
7,7,Week 7,2026-10-17T04:00:00.000Z,401869934,Upcoming,,Southern Miss,Arkansas State,0.4288,Southern Miss,Arkansas State,FBS vs FBS,fbs,fbs,home,-14.9,-9.53,-2.87,16.0,Arkansas State,2.87,0.4288
8,8,Week 8,2026-10-24T04:00:00.000Z,401869967,Upcoming,,Southern Miss,Louisiana,0.2652,Southern Miss,Louisiana,FBS vs FBS,fbs,fbs,home,-14.9,-2.36,-10.04,16.0,Louisiana,10.04,0.2652
9,9,Week 9,2026-10-31T04:00:00.000Z,401871095,Upcoming,,UL Monroe,Southern Miss,0.488,Southern Miss,UL Monroe,FBS vs FBS,fbs,fbs,away,-14.9,-17.88,0.48,16.0,Southern Miss,0.48,0.512
10,10,Week 10,2026-11-06T01:00:00.000Z,401869964,Upcoming,,Southern Miss,James Madison,0.1082,Southern Miss,James Madison,FBS vs FBS,fbs,fbs,home,-14.9,7.38,-19.78,16.0,James Madison,19.78,0.1082
11,11,Week 11,2026-11-14T05:00:00.000Z,401871099,Upcoming,,Louisiana Tech,Southern Miss,0.7255,Southern Miss,Louisiana Tech,FBS vs FBS,fbs,fbs,away,-14.9,-7.81,-9.59,16.0,Louisiana Tech,9.59,0.2745
12,12,Week 12,2026-11-21T05:00:00.000Z,401871101,Upcoming,,Southern Miss,South Alabama,0.3724,Southern Miss,South Alabama,FBS vs FBS,fbs,fbs,home,-14.9,-7.19,-5.21,16.0,South Alabama,5.21,0.3724
13,13,Week 13,2026-11-28T05:00:00.000Z,401871103,Upcoming,,Old Dominion,Southern Miss,0.677,Southern Miss,Old Dominion,FBS vs FBS,fbs,fbs,away,-14.9,-10.05,-7.35,16.0,Old Dominion,7.35,0.323
1,0,Week 0,2026-08-29T23:00:00.000Z,401858201,Final,"Hawai'i 27, Stanford 37",Stanford,Hawai'i,0.6399,Stanford,Hawai'i,FBS vs FBS,fbs,fbs,home,-6.85,-10.08,5.73,16.0,Stanford,5.73,0.6399
1,1,Week 1,2026-09-05T01:00:00.000Z,401858206,Final,"Miami 45, Stanford 6",Stanford,Miami,0.0599,Stanford,Miami,FBS vs FBS,fbs,fbs,home,-6.85,20.54,-24.89,16.0,Miami,24.89,0.0599
3,3,Week 3,2026-09-19T20:00:00.000Z,401858231,Final,"Stanford 7, Duke 35",Duke,Stanford,0.8332,Stanford,Duke,FBS vs FBS,fbs,fbs,away,-6.85,6.12,-15.47,16.0,Duke,15.47,0.1668
4,4,Week 4,2026-09-27T02:30:00.000Z,401858240,Final,"Georgia Tech 27, Stanford 34",Stanford,Georgia Tech,0.4646,Stanford,Georgia Tech,FBS vs FBS,fbs,fbs,home,-6.85,-2.93,-1.42,16.0,Georgia Tech,1.42,0.4646
5,5,Week 5,2026-10-03T16:00:00.000Z,401858251,Upcoming,,Wake Forest,Stanford,0.7658,Stanford,Wake Forest,FBS vs FBS,fbs,fbs,away,-6.85,2.25,-11.6,16.0,Wake Forest,11.6,0.2342
6,6,Week 6,2026-10-10T19:30:00.000Z,401858257,Upcoming,,Notre Dame,Stanford,0.9818,Stanford,Notre Dame,FBS vs FBS,fbs,fbs,away,-6.85,24.13,-33.48,16.0,Notre Dame,33.48,0.0182
7,7,Week 7,2026-10-17T23:30:00.000Z,401858262,Upcoming,,Stanford,Elon,0.9432,Stanford,Elon (FCS baseline),FCS involved,fbs,fcs,home,-6.85,-36.0,31.65,20.0,Stanford,31.65,0.9432
8,8,Week 8,2026-10-24T02:30:00.000Z,401858272,Upcoming,,Stanford,NC State,0.3738,Stanford,NC State,FBS vs FBS,fbs,fbs,home,-6.85,0.8,-5.15,16.0,NC State,5.15,0.3738
9,9,Week 9,2026-10-31T04:00:00.000Z,401858283,Upcoming,,Louisville,Stanford,0.853,Stanford,Louisville,FBS vs FBS,fbs,fbs,away,-6.85,7.44,-16.79,16.0,Louisville,16.79,0.147
11,11,Week 11,2026-11-14T05:00:00.000Z,401858299,Upcoming,,Virginia Tech,Stanford,0.8214,Stanford,Virginia Tech,FBS vs FBS,fbs,fbs,away,-6.85,5.38,-14.73,16.0,Virginia Tech,14.73,0.1786
12,12,Week 12,2026-11-21T05:00:00.000Z,401858308,Upcoming,,California,Stanford,0.6354,Stanford,California,FBS vs FBS,fbs,fbs,away,-6.85,-3.81,-5.54,16.0,California,5.54,0.3646
13,13,Week 13,2026-11-28T05:00:00.000Z,401858316,Upcoming,,Stanford,SMU,0.2477,Stanford,SMU,FBS vs FBS,fbs,fbs,home,-6.85,6.56,-10.91,16.0,SMU,10.91,0.2477
1,1,Week 1,2026-09-05T16:00:00.000Z,401858208,Final,"New Hampshire 3, Syracuse 66",Syracuse,New Hampshire,0.9585,Syracuse,New Hampshire (FCS baseline),FCS involved,fbs,fcs,home,-3.82,-36.0,34.68,20.0,Syracuse,34.68,0.9585
2,2,Week 2,2026-09-12T19:30:00.000Z,401858216,Final,"California 21, Syracuse 18",Syracuse,California,0.5618,Syracuse,California,FBS vs FBS,fbs,fbs,home,-3.82,-3.81,2.49,16.0,Syracuse,2.49,0.5618
3,3,Week 3,2026-09-17T23:30:00.000Z,401858225,Final,"Syracuse 13, Pittsburgh 27",Pittsburgh,Syracuse,0.8022,Syracuse,Pittsburgh,FBS vs FBS,fbs,fbs,away,-3.82,7.27,-13.59,16.0,Pittsburgh,13.59,0.1978
5,5,Week 5,2026-10-03T16:00:00.000Z,401858252,Upcoming,,UConn,Syracuse,0.5082,Syracuse,UConn,FBS vs FBS,fbs,fbs,away,-3.82,-5.99,-0.33,16.0,UConn,0.33,0.4918
6,6,Week 6,2026-10-10T04:00:00.000Z,401858258,Upcoming,,Virginia,Syracuse,0.8053,Syracuse,Virginia,FBS vs FBS,fbs,fbs,away,-3.82,7.45,-13.77,16.0,Virginia,13.77,0.1947
7,7,Week 7,2026-10-17T04:00:00.000Z,401858265,Upcoming,,Syracuse,Louisville,0.292,Syracuse,Louisville,FBS vs FBS,fbs,fbs,home,-3.82,7.44,-8.76,16.0,Louisville,8.76,0.292
8,8,Week 8,2026-10-24T04:00:00.000Z,401858275,Upcoming,,North Carolina,Syracuse,0.6859,Syracuse,North Carolina,FBS vs FBS,fbs,fbs,away,-3.82,1.43,-7.75,16.0,North Carolina,7.75,0.3141
9,9,Week 9,2026-10-31T04:00:00.000Z,401858278,Upcoming,,Syracuse,SMU,0.3112,Syracuse,SMU,FBS vs FBS,fbs,fbs,home,-3.82,6.56,-7.88,16.0,SMU,7.88,0.3112
10,10,Week 10,2026-11-07T05:00:00.000Z,401858285,Upcoming,,Syracuse,Clemson,0.355,Syracuse,Clemson,FBS vs FBS,fbs,fbs,home,-3.82,4.63,-5.95,16.0,Clemson,5.95,0.355
11,11,Week 11,2026-11-14T05:00:00.000Z,401858300,Upcoming,,NC State,Syracuse,0.6718,Syracuse,NC State,FBS vs FBS,fbs,fbs,away,-3.82,0.8,-7.12,16.0,NC State,7.12,0.3282
12,12,Week 12,2026-11-21T05:00:00.000Z,401858309,Upcoming,,Boston College,Syracuse,0.5252,Syracuse,Boston College,FBS vs FBS,fbs,fbs,away,-3.82,-5.31,-1.01,16.0,Boston College,1.01,0.4748
13,13,Week 13,2026-11-28T05:00:00.000Z,401858314,Upcoming,,Syracuse,Notre Dame,0.0558,Syracuse,Notre Dame,FBS vs FBS,fbs,fbs,home,-3.82,24.13,-25.45,16.0,Notre Dame,25.45,0.0558
1,0,Week 0,2026-08-29T16:00:00.000Z,401856766,Final,"North Carolina 15, TCU 10",TCU,North Carolina,0.5433,TCU,North Carolina,FBS vs FBS,fbs,fbs,neutral,3.17,1.43,1.74,16.0,TCU,1.74,0.5433
2,2,Week 2,2026-09-13T00:00:00.000Z,401856789,Final,"Grambling 7, TCU 63",TCU,Grambling,0.9814,TCU,Grambling (FCS baseline),FCS involved,fbs,fcs,home,3.17,-36.0,41.67,20.0,TCU,41.67,0.9814
3,3,Week 3,2026-09-20T00:00:00.000Z,401856799,Final,"Arkansas State 7, TCU 31",TCU,Arkansas State,0.8289,TCU,Arkansas State,FBS vs FBS,fbs,fbs,home,3.17,-9.53,15.2,16.0,TCU,15.2,0.8289
4,4,Week 4,2026-09-26T19:30:00.000Z,401856815,Final,"TCU 13, UCF 21",UCF,TCU,0.5487,TCU,UCF,FBS vs FBS,fbs,fbs,away,3.17,2.63,-1.96,16.0,UCF,1.96,0.4513
5,5,Week 5,2026-10-03T23:00:00.000Z,401856818,Upcoming,,TCU,BYU,0.3936,TCU,BYU,FBS vs FBS,fbs,fbs,home,3.17,9.99,-4.32,16.0,BYU,4.32,0.3936
7,7,Week 7,2026-10-17T04:00:00.000Z,401856832,Upcoming,,Baylor,TCU,0.5953,TCU,Baylor,FBS vs FBS,fbs,fbs,away,3.17,4.53,-3.86,16.0,Baylor,3.86,0.4047
8,8,Week 8,2026-10-24T04:00:00.000Z,401856841,Upcoming,,TCU,West Virginia,0.6575,TCU,West Virginia,FBS vs FBS,fbs,fbs,home,3.17,-0.82,6.49,16.0,TCU,6.49,0.6575
9,9,Week 9,2026-10-31T04:00:00.000Z,401856845,Upcoming,,TCU,Kansas,0.7024,TCU,Kansas,FBS vs FBS,fbs,fbs,home,3.17,-2.83,8.5,16.0,TCU,8.5,0.7024
10,10,Week 10,2026-11-07T03:15:00.000Z,401856855,Upcoming,,Arizona,TCU,0.6333,TCU,Arizona,FBS vs FBS,fbs,fbs,away,3.17,6.12,-5.45,16.0,Arizona,5.45,0.3667
11,11,Week 11,2026-11-14T05:00:00.000Z,401856862,Upcoming,,TCU,Kansas State,0.454,TCU,Kansas State,FBS vs FBS,fbs,fbs,home,3.17,7.52,-1.85,16.0,Kansas State,1.85,0.454
12,12,Week 12,2026-11-21T05:00:00.000Z,401856872,Upcoming,,TCU,Utah,0.2461,TCU,Utah,FBS vs FBS,fbs,fbs,home,3.17,16.66,-10.99,16.0,Utah,10.99,0.2461
13,13,Week 13,2026-11-27T01:00:00.000Z,401856879,Upcoming,,Texas Tech,TCU,0.7889,TCU,Texas Tech,FBS vs FBS,fbs,fbs,away,3.17,13.51,-12.84,16.0,Texas Tech,12.84,0.2111
1,1,Week 1,2026-09-05T18:00:00.000Z,401862698,Final,"Rhode Island 14, Temple 38",Temple,Rhode Island,0.9511,Temple,Rhode Island (FCS baseline),FCS involved,fbs,fcs,home,-5.39,-36.0,33.11,20.0,Temple,33.11,0.9511
2,2,Week 2,2026-09-12T16:00:00.000Z,401858442,Final,"Penn State 27, Temple 9",Temple,Penn State,0.1385,Temple,Penn State,FBS vs FBS,fbs,fbs,home,-5.39,14.5,-17.39,16.0,Penn State,17.39,0.1385
3,3,Week 3,2026-09-19T19:00:00.000Z,401862774,Final,"Temple 48, Toledo 49",Toledo,Temple,0.6934,Temple,Toledo,FBS vs FBS,fbs,fbs,away,-5.39,0.2,-8.09,16.0,Toledo,8.09,0.3066
4,4,Week 4,2026-09-25T20:00:00.000Z,401862779,Final,"Army 21, Temple 17",Temple,Army,0.5015,Temple,Army,FBS vs FBS,fbs,fbs,home,-5.39,-2.95,0.06,16.0,Temple,0.06,0.5015
5,5,Week 5,2026-10-03T23:30:00.000Z,401862792,Upcoming,,South Florida,Temple,0.7363,Temple,South Florida,FBS vs FBS,fbs,fbs,away,-5.39,2.22,-10.11,16.0,South Florida,10.11,0.2637
6,6,Week 6,2026-10-10T04:00:00.000Z,401861964,Upcoming,,Temple,UConn,0.5768,Temple,UConn,FBS vs FBS,fbs,fbs,home,-5.39,-5.99,3.1,16.0,Temple,3.1,0.5768
7,7,Week 7,2026-10-17T04:00:00.000Z,401862803,Upcoming,,Temple,Charlotte,0.8101,Temple,Charlotte,FBS vs FBS,fbs,fbs,home,-5.39,-16.94,14.05,16.0,Temple,14.05,0.8101
9,9,Week 9,2026-10-31T04:00:00.000Z,401862815,Upcoming,,East Carolina,Temple,0.567,Temple,East Carolina,FBS vs FBS,fbs,fbs,away,-5.39,-5.19,-2.7,16.0,East Carolina,2.7,0.433
10,10,Week 10,2026-11-07T20:30:00.000Z,401862820,Upcoming,,Navy,Temple,0.5758,Temple,Navy,FBS vs FBS,fbs,fbs,away,-5.39,-4.83,-3.06,16.0,Navy,3.06,0.4242
11,11,Week 11,2026-11-14T05:00:00.000Z,401862829,Upcoming,,Temple,UAB,0.6378,Temple,UAB,FBS vs FBS,fbs,fbs,home,-5.39,-8.53,5.64,16.0,Temple,5.64,0.6378
12,12,Week 12,2026-11-20T00:30:00.000Z,401862830,Upcoming,,Temple,Rice,0.7,Temple,Rice,FBS vs FBS,fbs,fbs,home,-5.39,-11.28,8.39,16.0,Temple,8.39,0.7
13,13,Week 13,2026-11-27T05:00:00.000Z,401862838,Upcoming,,Memphis,Temple,0.7131,Temple,Memphis,FBS vs FBS,fbs,fbs,away,-5.39,1.11,-9.0,16.0,Memphis,9.0,0.2869
1,1,Week 1,2026-09-05T19:30:00.000Z,401856666,Final,"Furman 9, Tennessee 56",Tennessee,Furman,0.9956,Tennessee,Furman (FCS baseline),FCS involved,fbs,fcs,home,13.84,-36.0,52.34,20.0,Tennessee,52.34,0.9956
2,2,Week 2,2026-09-12T23:00:00.000Z,401856681,Final,"Tennessee 45, Georgia Tech 24",Georgia Tech,Tennessee,0.1862,Tennessee,Georgia Tech,FBS vs FBS,fbs,fbs,away,13.84,-2.93,14.27,16.0,Tennessee,14.27,0.8138
3,3,Week 3,2026-09-19T23:45:00.000Z,401856692,Final,"Kennesaw State 9, Tennessee 42",Tennessee,Kennesaw State,0.9596,Tennessee,Kennesaw State,FBS vs FBS,fbs,fbs,home,13.84,-11.59,27.93,16.0,Tennessee,27.93,0.9596
4,4,Week 4,2026-09-26T16:00:00.000Z,401856704,Final,"Texas 20, Tennessee 17",Tennessee,Texas,0.3838,Tennessee,Texas,FBS vs FBS,fbs,fbs,home,13.84,21.07,-4.73,16.0,Texas,4.73,0.3838
5,5,Week 5,2026-10-03T19:30:00.000Z,401856710,Upcoming,,Tennessee,Auburn,0.6795,Tennessee,Auburn,FBS vs FBS,fbs,fbs,home,13.84,8.88,7.46,16.0,Tennessee,7.46,0.6795
6,6,Week 6,2026-10-10T04:00:00.000Z,401856713,Upcoming,,Arkansas,Tennessee,0.2526,Tennessee,Arkansas,FBS vs FBS,fbs,fbs,away,13.84,0.68,10.66,16.0,Tennessee,10.66,0.7474
7,7,Week 7,2026-10-17T04:00:00.000Z,401856723,Upcoming,,Tennessee,Alabama,0.3876,Tennessee,Alabama,FBS vs FBS,fbs,fbs,home,13.84,20.91,-4.57,16.0,Alabama,4.57,0.3876
8,8,Week 8,2026-10-24T04:00:00.000Z,401856731,Upcoming,,South Carolina,Tennessee,0.3861,Tennessee,South Carolina,FBS vs FBS,fbs,fbs,away,13.84,6.71,4.63,16.0,Tennessee,4.63,0.6139
10,10,Week 10,2026-11-07T05:00:00.000Z,401856745,Upcoming,,Tennessee,Kentucky,0.7357,Tennessee,Kentucky,FBS vs FBS,fbs,fbs,home,13.84,6.26,10.08,16.0,Tennessee,10.08,0.7357
11,11,Week 11,2026-11-14T05:00:00.000Z,401856888,Upcoming,,Texas A&M,Tennessee,0.5117,Tennessee,Texas A&M,FBS vs FBS,fbs,fbs,away,13.84,11.81,-0.47,16.0,Texas A&M,0.47,0.4883
12,12,Week 12,2026-11-21T05:00:00.000Z,401856754,Upcoming,,Tennessee,LSU,0.4296,Tennessee,LSU,FBS vs FBS,fbs,fbs,home,13.84,19.18,-2.84,16.0,LSU,2.84,0.4296
13,13,Week 13,2026-11-28T05:00:00.000Z,401856765,Upcoming,,Vanderbilt,Tennessee,0.3268,Tennessee,Vanderbilt,FBS vs FBS,fbs,fbs,away,13.84,4.16,7.18,16.0,Tennessee,7.18,0.6732
1,1,Week 1,2026-09-05T19:30:00.000Z,401856667,Final,"Texas State 7, Texas 59",Texas,Texas State,0.9409,Texas,Texas State,FBS vs FBS,fbs,fbs,home,21.07,-1.43,25.0,16.0,Texas,25.0,0.9409
2,2,Week 2,2026-09-12T23:30:00.000Z,401856682,Final,"Ohio State 23, Texas 24",Texas,Ohio State,0.5431,Texas,Ohio State,FBS vs FBS,fbs,fbs,home,21.07,21.84,1.73,16.0,Texas,1.73,0.5431
3,3,Week 3,2026-09-20T00:00:00.000Z,401856693,Final,"UTSA 6, Texas 30",Texas,UTSA,0.9179,Texas,UTSA,FBS vs FBS,fbs,fbs,home,21.07,1.31,22.26,16.0,Texas,22.26,0.9179
4,4,Week 4,2026-09-26T16:00:00.000Z,401856704,Final,"Texas 20, Tennessee 17",Tennessee,Texas,0.3838,Texas,Tennessee,FBS vs FBS,fbs,fbs,away,21.07,13.84,4.73,16.0,Texas,4.73,0.6162
6,6,Week 6,2026-10-10T19:30:00.000Z,401856717,Upcoming,,Oklahoma,Texas,0.2599,Texas,Oklahoma,FBS vs FBS,fbs,fbs,neutral,21.07,10.77,10.3,16.0,Texas,10.3,0.7401
7,7,Week 7,2026-10-17T04:00:00.000Z,401856724,Upcoming,,Texas,Florida,0.6639,Texas,Florida,FBS vs FBS,fbs,fbs,home,21.07,16.8,6.77,16.0,Texas,6.77,0.6639
8,8,Week 8,2026-10-24T04:00:00.000Z,401856732,Upcoming,,Texas,Ole Miss,0.7594,Texas,Ole Miss,FBS vs FBS,fbs,fbs,home,21.07,12.3,11.27,16.0,Texas,11.27,0.7594
9,9,Week 9,2026-10-31T04:00:00.000Z,401856737,Upcoming,,Texas,Mississippi State,0.7863,Texas,Mississippi State,FBS vs FBS,fbs,fbs,home,21.07,10.87,12.7,16.0,Texas,12.7,0.7863
10,10,Week 10,2026-11-07T05:00:00.000Z,401856743,Upcoming,,Missouri,Texas,0.257,Texas,Missouri,FBS vs FBS,fbs,fbs,away,21.07,8.13,10.44,16.0,Texas,10.44,0.743
11,11,Week 11,2026-11-14T05:00:00.000Z,401856885,Upcoming,,LSU,Texas,0.5152,Texas,LSU,FBS vs FBS,fbs,fbs,away,21.07,19.18,-0.61,16.0,LSU,0.61,0.4848
12,12,Week 12,2026-11-21T05:00:00.000Z,401856755,Upcoming,,Texas,Arkansas,0.9237,Texas,Arkansas,FBS vs FBS,fbs,fbs,home,21.07,0.68,22.89,16.0,Texas,22.89,0.9237
13,13,Week 13,2026-11-28T00:30:00.000Z,401856756,Upcoming,,Texas A&M,Texas,0.3363,Texas,Texas A&M,FBS vs FBS,fbs,fbs,away,21.07,11.81,6.76,16.0,Texas,6.76,0.6637
1,1,Week 1,2026-09-05T23:00:00.000Z,401856668,Final,"Missouri State 0, Texas A&M 50",Texas A&M,Missouri State,0.9507,Texas A&M,Missouri State,FBS vs FBS,fbs,fbs,home,11.81,-12.11,26.42,16.0,Texas A&M,26.42,0.9507
2,2,Week 2,2026-09-12T16:00:00.000Z,401856683,Final,"Arizona State 20, Texas A&M 48",Texas A&M,Arizona State,0.7901,Texas A&M,Arizona State,FBS vs FBS,fbs,fbs,home,11.81,1.4,12.91,16.0,Texas A&M,12.91,0.7901
3,3,Week 3,2026-09-19T19:30:00.000Z,401856694,Final,"Kentucky 31, Texas A&M 21",Texas A&M,Kentucky,0.6926,Texas A&M,Kentucky,FBS vs FBS,fbs,fbs,home,11.81,6.26,8.05,16.0,Texas A&M,8.05,0.6926
4,4,Week 4,2026-09-26T23:30:00.000Z,401856702,Final,"Texas A&M 6, LSU 35",LSU,Texas A&M,0.7313,Texas A&M,LSU,FBS vs FBS,fbs,fbs,away,11.81,19.18,-9.87,16.0,LSU,9.87,0.2687
5,5,Week 5,2026-10-03T23:00:00.000Z,401856711,Upcoming,,Texas A&M,Arkansas,0.8029,Texas A&M,Arkansas,FBS vs FBS,fbs,fbs,home,11.81,0.68,13.63,16.0,Texas A&M,13.63,0.8029
6,6,Week 6,2026-10-10T04:00:00.000Z,401856716,Upcoming,,Missouri,Texas A&M,0.4706,Texas A&M,Missouri,FBS vs FBS,fbs,fbs,away,11.81,8.13,1.18,16.0,Texas A&M,1.18,0.5294
7,7,Week 7,2026-10-17T17:00:00.000Z,401856725,Upcoming,,Texas A&M,The Citadel,0.9941,Texas A&M,The Citadel (FCS baseline),FCS involved,fbs,fcs,home,11.81,-36.0,50.31,20.0,Texas A&M,50.31,0.9941
8,8,Week 8,2026-10-24T04:00:00.000Z,401856727,Upcoming,,Alabama,Texas A&M,0.7658,Texas A&M,Alabama,FBS vs FBS,fbs,fbs,away,11.81,20.91,-11.6,16.0,Alabama,11.6,0.2342
10,10,Week 10,2026-11-07T05:00:00.000Z,401856744,Upcoming,,South Carolina,Texas A&M,0.4355,Texas A&M,South Carolina,FBS vs FBS,fbs,fbs,away,11.81,6.71,2.6,16.0,Texas A&M,2.6,0.5645
11,11,Week 11,2026-11-14T05:00:00.000Z,401856888,Upcoming,,Texas A&M,Tennessee,0.5117,Texas A&M,Tennessee,FBS vs FBS,fbs,fbs,home,11.81,13.84,0.47,16.0,Texas A&M,0.47,0.5117
12,12,Week 12,2026-11-21T05:00:00.000Z,401856752,Upcoming,,Oklahoma,Texas A&M,0.5364,Texas A&M,Oklahoma,FBS vs FBS,fbs,fbs,away,11.81,10.77,-1.46,16.0,Oklahoma,1.46,0.4636
13,13,Week 13,2026-11-28T00:30:00.000Z,401856756,Upcoming,,Texas A&M,Texas,0.3363,Texas A&M,Texas,FBS vs FBS,fbs,fbs,home,11.81,21.07,-6.76,16.0,Texas,6.76,0.3363
1,1,Week 1,2026-09-05T19:30:00.000Z,401856667,Final,"Texas State 7, Texas 59",Texas,Texas State,0.9409,Texas State,Texas,FBS vs FBS,fbs,fbs,away,-1.43,21.07,-25.0,16.0,Texas,25.0,0.0591
2,2,Week 2,2026-09-12T19:30:00.000Z,401860884,Final,"UTSA 31, Texas State 26",Texas State,UTSA,0.494,Texas State,UTSA,FBS vs FBS,fbs,fbs,home,-1.43,1.31,-0.24,16.0,UTSA,0.24,0.494
3,3,Week 3,2026-09-19T16:00:00.000Z,401860889,Final,"North Texas 35, Texas State 49",Texas State,North Texas,0.5356,Texas State,North Texas,FBS vs FBS,fbs,fbs,home,-1.43,-0.36,1.43,16.0,Texas State,1.43,0.5356
4,4,Week 4,2026-09-26T22:00:00.000Z,401860892,Final,"Incarnate Word 10, Texas State 63",Texas State,Incarnate Word,0.9681,Texas State,Incarnate Word (FCS baseline),FCS involved,fbs,fcs,home,-1.43,-36.0,37.07,20.0,Texas State,37.07,0.9681
5,5,Week 5,2026-10-04T02:30:00.000Z,401860900,Upcoming,,San Diego State,Texas State,0.4718,Texas State,San Diego State,FBS vs FBS,fbs,fbs,away,-1.43,-5.06,1.13,16.0,Texas State,1.13,0.5282
7,7,Week 7,2026-10-16T00:00:00.000Z,401860923,Upcoming,,Texas State,Colorado State,0.6901,Texas State,Colorado State,FBS vs FBS,fbs,fbs,home,-1.43,-6.87,7.94,16.0,Texas State,7.94,0.6901
8,8,Week 8,2026-10-24T23:30:00.000Z,401860906,Upcoming,,Texas State,Utah State,0.6637,Texas State,Utah State,FBS vs FBS,fbs,fbs,home,-1.43,-5.69,6.76,16.0,Texas State,6.76,0.6637
9,9,Week 9,2026-11-01T02:00:00.000Z,401860908,Upcoming,,Boise State,Texas State,0.789,Texas State,Boise State,FBS vs FBS,fbs,fbs,away,-1.43,8.92,-12.85,16.0,Boise State,12.85,0.211
10,10,Week 10,2026-11-08T03:30:00.000Z,401860912,Upcoming,,Oregon State,Texas State,0.5162,Texas State,Oregon State,FBS vs FBS,fbs,fbs,away,-1.43,-3.28,-0.65,16.0,Oregon State,0.65,0.4838
11,11,Week 11,2026-11-14T21:00:00.000Z,401860916,Upcoming,,Texas State,Fresno State,0.5267,Texas State,Fresno State,FBS vs FBS,fbs,fbs,home,-1.43,0.0,1.07,16.0,Texas State,1.07,0.5267
12,12,Week 12,2026-11-21T23:00:00.000Z,401860920,Upcoming,,Texas State,Washington State,0.6598,Texas State,Washington State,FBS vs FBS,fbs,fbs,home,-1.43,-5.52,6.59,16.0,Texas State,6.59,0.6598
1,1,Week 1,2026-09-05T23:00:00.000Z,401856770,Final,"Abilene Christian 10, Texas Tech 33",Texas Tech,Abilene Christian,0.9953,Texas Tech,Abilene Christian (FCS baseline),FCS involved,fbs,fcs,home,13.51,-36.0,52.01,20.0,Texas Tech,52.01,0.9953
2,2,Week 2,2026-09-12T23:30:00.000Z,401856783,Final,"Texas Tech 35, Oregon State 24",Oregon State,Texas Tech,0.1859,Texas Tech,Oregon State,FBS vs FBS,fbs,fbs,away,13.51,-3.28,14.29,16.0,Texas Tech,14.29,0.8141
3,3,Week 3,2026-09-19T00:00:00.000Z,401856811,Final,"Houston 26, Texas Tech 28",Texas Tech,Houston,0.7013,Texas Tech,Houston,FBS vs FBS,fbs,fbs,home,13.51,7.56,8.45,16.0,Texas Tech,8.45,0.7013
4,4,Week 4,2026-09-26T16:00:00.000Z,401856805,Final,"Sam Houston 14, Texas Tech 49",Texas Tech,Sam Houston,0.9708,Texas Tech,Sam Houston,FBS vs FBS,fbs,fbs,home,13.51,-14.27,30.28,16.0,Texas Tech,30.28,0.9708
5,5,Week 5,2026-10-03T23:30:00.000Z,401856821,Upcoming,,Colorado,Texas Tech,0.1806,Texas Tech,Colorado,FBS vs FBS,fbs,fbs,away,13.51,-3.6,14.61,16.0,Texas Tech,14.61,0.8194
7,7,Week 7,2026-10-17T04:00:00.000Z,401856828,Upcoming,,Texas Tech,Arizona State,0.8194,Texas Tech,Arizona State,FBS vs FBS,fbs,fbs,home,13.51,1.4,14.61,16.0,Texas Tech,14.61,0.8194
8,8,Week 8,2026-10-24T04:00:00.000Z,401856840,Upcoming,,Cincinnati,Texas Tech,0.2807,Texas Tech,Cincinnati,FBS vs FBS,fbs,fbs,away,13.51,1.72,9.29,16.0,Texas Tech,9.29,0.7193
9,9,Week 9,2026-10-31T04:00:00.000Z,401856842,Upcoming,,Texas Tech,Arizona,0.7318,Texas Tech,Arizona,FBS vs FBS,fbs,fbs,home,13.51,6.12,9.89,16.0,Texas Tech,9.89,0.7318
10,10,Week 10,2026-11-07T05:00:00.000Z,401856856,Upcoming,,Texas Tech,West Virginia,0.8536,Texas Tech,West Virginia,FBS vs FBS,fbs,fbs,home,13.51,-0.82,16.83,16.0,Texas Tech,16.83,0.8536
11,11,Week 11,2026-11-14T05:00:00.000Z,401856863,Upcoming,,Oklahoma State,Texas Tech,0.2695,Texas Tech,Oklahoma State,FBS vs FBS,fbs,fbs,away,13.51,1.18,9.83,16.0,Texas Tech,9.83,0.7305
12,12,Week 12,2026-11-21T05:00:00.000Z,401856871,Upcoming,,Baylor,Texas Tech,0.3427,Texas Tech,Baylor,FBS vs FBS,fbs,fbs,away,13.51,4.53,6.48,16.0,Texas Tech,6.48,0.6573
13,13,Week 13,2026-11-27T01:00:00.000Z,401856879,Upcoming,,Texas Tech,TCU,0.7889,Texas Tech,TCU,FBS vs FBS,fbs,fbs,home,13.51,3.17,12.84,16.0,Texas Tech,12.84,0.7889
1,1,Week 1,2026-09-05T00:00:00.000Z,401858429,Final,"Toledo 20, Michigan State 30",Michigan State,Toledo,0.617,Toledo,Michigan State,FBS vs FBS,fbs,fbs,away,0.2,2.46,-4.76,16.0,Michigan State,4.76,0.383
2,2,Week 2,2026-09-12T19:30:00.000Z,401866419,Final,"Central Connecticut 10, Toledo 63",Toledo,Central Connecticut,0.9735,Toledo,Central Connecticut (FCS baseline),FCS involved,fbs,fcs,home,0.2,-36.0,38.7,20.0,Toledo,38.7,0.9735
3,3,Week 3,2026-09-19T19:00:00.000Z,401862774,Final,"Temple 48, Toledo 49",Toledo,Temple,0.6934,Toledo,Temple,FBS vs FBS,fbs,fbs,home,0.2,-5.39,8.09,16.0,Toledo,8.09,0.6934
4,4,Week 4,2026-09-26T16:00:00.000Z,401860893,Final,"San Diego State 16, Toledo 41",Toledo,San Diego State,0.6862,Toledo,San Diego State,FBS vs FBS,fbs,fbs,home,0.2,-5.06,7.76,16.0,Toledo,7.76,0.6862
5,5,Week 5,2026-10-03T18:00:00.000Z,401866431,Upcoming,,Ball State,Toledo,0.1755,Toledo,Ball State,FBS vs FBS,fbs,fbs,away,0.2,-17.22,14.92,16.0,Toledo,14.92,0.8245
6,6,Week 6,2026-10-10T04:00:00.000Z,401866437,Upcoming,,Toledo,Buffalo,0.8374,Toledo,Buffalo,FBS vs FBS,fbs,fbs,home,0.2,-13.04,15.74,16.0,Toledo,15.74,0.8374
7,7,Week 7,2026-10-17T04:00:00.000Z,401866444,Upcoming,,Eastern Michigan,Toledo,0.2358,Toledo,Eastern Michigan,FBS vs FBS,fbs,fbs,away,0.2,-13.82,11.52,16.0,Toledo,11.52,0.7642
8,8,Week 8,2026-10-24T04:00:00.000Z,401866450,Upcoming,,Toledo,Western Michigan,0.6392,Toledo,Western Michigan,FBS vs FBS,fbs,fbs,home,0.2,-3.0,5.7,16.0,Toledo,5.7,0.6392
10,10,Week 10,2026-11-04T05:00:00.000Z,401866457,Upcoming,,Sacramento State,Toledo,0.1432,Toledo,Sacramento State,FBS vs FBS,fbs,fbs,away,0.2,-19.36,17.06,16.0,Toledo,17.06,0.8568
11,11,Week 11,2026-11-11T05:00:00.000Z,401866463,Upcoming,,Toledo,Massachusetts,0.6993,Toledo,Massachusetts,FBS vs FBS,fbs,fbs,home,0.2,-5.66,8.36,16.0,Toledo,8.36,0.6993
12,12,Week 12,2026-11-21T00:30:00.000Z,401866468,Upcoming,,Toledo,Bowling Green,0.8639,Toledo,Bowling Green,FBS vs FBS,fbs,fbs,home,0.2,-14.87,17.57,16.0,Toledo,17.57,0.8639
13,13,Week 13,2026-11-27T17:00:00.000Z,401866473,Upcoming,,Ohio,Toledo,0.3476,Toledo,Ohio,FBS vs FBS,fbs,fbs,away,0.2,-8.57,6.27,16.0,Toledo,6.27,0.6524
1,1,Week 1,2026-09-05T23:00:00.000Z,401870763,Final,"Sam Houston 21, Troy 24",Troy,Sam Houston,0.7361,Troy,Sam Houston,FBS vs FBS,fbs,fbs,home,-6.67,-14.27,10.1,16.0,Troy,10.1,0.7361
2,2,Week 2,2026-09-12T20:00:00.000Z,401868326,Final,"Alabama State 17, Troy 34",Troy,Alabama State,0.9443,Troy,Alabama State (FCS baseline),FCS involved,fbs,fcs,home,-6.67,-36.0,31.83,20.0,Troy,31.83,0.9443
3,3,Week 3,2026-09-19T23:00:00.000Z,401856689,Final,"Troy 17, Missouri 27",Missouri,Troy,0.8602,Troy,Missouri,FBS vs FBS,fbs,fbs,away,-6.67,8.13,-17.3,16.0,Missouri,17.3,0.1398
4,4,Week 4,2026-09-26T23:30:00.000Z,401860894,Final,"Troy 10, Utah State 21",Utah State,Troy,0.5861,Troy,Utah State,FBS vs FBS,fbs,fbs,away,-6.67,-5.69,-3.48,16.0,Utah State,3.48,0.4139
6,6,Week 6,2026-10-07T00:00:00.000Z,401871090,Upcoming,,Troy,Southern Miss,0.7488,Troy,Southern Miss,FBS vs FBS,fbs,fbs,home,-6.67,-14.9,10.73,16.0,Troy,10.73,0.7488
7,7,Week 7,2026-10-17T04:00:00.000Z,401869966,Upcoming,,Louisiana,Troy,0.6648,Troy,Louisiana,FBS vs FBS,fbs,fbs,away,-6.67,-2.36,-6.81,16.0,Louisiana,6.81,0.3352
8,8,Week 8,2026-10-24T04:00:00.000Z,401871094,Upcoming,,Troy,UL Monroe,0.8042,Troy,UL Monroe,FBS vs FBS,fbs,fbs,home,-6.67,-17.88,13.71,16.0,Troy,13.71,0.8042
9,9,Week 9,2026-10-29T23:30:00.000Z,401869963,Upcoming,,James Madison,Troy,0.8495,Troy,James Madison,FBS vs FBS,fbs,fbs,away,-6.67,7.38,-16.55,16.0,James Madison,16.55,0.1505
10,10,Week 10,2026-11-07T05:00:00.000Z,401871098,Upcoming,,Troy,Louisiana Tech,0.59,Troy,Louisiana Tech,FBS vs FBS,fbs,fbs,home,-6.67,-7.81,3.64,16.0,Troy,3.64,0.59
11,11,Week 11,2026-11-14T05:00:00.000Z,401871100,Upcoming,,South Alabama,Troy,0.5492,Troy,South Alabama,FBS vs FBS,fbs,fbs,away,-6.67,-7.19,-1.98,16.0,South Alabama,1.98,0.4508
12,12,Week 12,2026-11-21T05:00:00.000Z,401869953,Upcoming,,Troy,Georgia Southern,0.5695,Troy,Georgia Southern,FBS vs FBS,fbs,fbs,home,-6.67,-6.97,2.8,16.0,Troy,2.8,0.5695
13,13,Week 13,2026-11-28T20:00:00.000Z,401869939,Upcoming,,Arkansas State,Troy,0.491,Troy,Arkansas State,FBS vs FBS,fbs,fbs,away,-6.67,-9.53,0.36,16.0,Troy,0.36,0.509
1,1,Week 1,2026-09-05T19:30:00.000Z,401858209,Final,"Tulane 3, Duke 17",Duke,Tulane,0.7696,Tulane,Duke,FBS vs FBS,fbs,fbs,away,-3.18,6.12,-11.8,16.0,Duke,11.8,0.2304
2,2,Week 2,2026-09-12T23:00:00.000Z,401864575,Final,"South Alabama 24, Tulane 28",Tulane,South Alabama,0.658,Tulane,South Alabama,FBS vs FBS,fbs,fbs,home,-3.18,-7.19,6.51,16.0,Tulane,6.51,0.658
3,3,Week 3,2026-09-19T16:00:00.000Z,401856792,Final,"Tulane 20, Kansas State 31",Kansas State,Tulane,0.7953,Tulane,Kansas State,FBS vs FBS,fbs,fbs,away,-3.18,7.52,-13.2,16.0,Kansas State,13.2,0.2047
4,4,Week 4,2026-09-26T23:00:00.000Z,401862784,Final,"Southern Miss 21, Tulane 24",Tulane,Southern Miss,0.8129,Tulane,Southern Miss,FBS vs FBS,fbs,fbs,home,-3.18,-14.9,14.22,16.0,Tulane,14.22,0.8129
6,6,Week 6,2026-10-10T16:00:00.000Z,401862795,Upcoming,,Army,Tulane,0.5677,Tulane,Army,FBS vs FBS,fbs,fbs,away,-3.18,-2.95,-2.73,16.0,Army,2.73,0.4323
7,7,Week 7,2026-10-16T23:30:00.000Z,401862801,Upcoming,,Tulane,Memphis,0.4555,Tulane,Memphis,FBS vs FBS,fbs,fbs,home,-3.18,1.11,-1.79,16.0,Memphis,1.79,0.4555
8,8,Week 8,2026-10-24T04:00:00.000Z,401862811,Upcoming,,Tulane,UTSA,0.4505,Tulane,UTSA,FBS vs FBS,fbs,fbs,home,-3.18,1.31,-1.99,16.0,UTSA,1.99,0.4505
9,9,Week 9,2026-10-30T23:00:00.000Z,401862813,Upcoming,,Charlotte,Tulane,0.2408,Tulane,Charlotte,FBS vs FBS,fbs,fbs,away,-3.18,-16.94,11.26,16.0,Tulane,11.26,0.7592
10,10,Week 10,2026-11-07T05:00:00.000Z,401862822,Upcoming,,Tulane,Tulsa,0.6417,Tulane,Tulsa,FBS vs FBS,fbs,fbs,home,-3.18,-6.49,5.81,16.0,Tulane,5.81,0.6417
11,11,Week 11,2026-11-14T05:00:00.000Z,401862828,Upcoming,,Rice,Tulane,0.3632,Tulane,Rice,FBS vs FBS,fbs,fbs,away,-3.18,-11.28,5.6,16.0,Tulane,5.6,0.6368
12,12,Week 12,2026-11-21T05:00:00.000Z,401862835,Upcoming,,Tulane,North Texas,0.492,Tulane,North Texas,FBS vs FBS,fbs,fbs,home,-3.18,-0.36,-0.32,16.0,North Texas,0.32,0.492
13,13,Week 13,2026-11-27T05:00:00.000Z,401862839,Upcoming,,South Florida,Tulane,0.6893,Tulane,South Florida,FBS vs FBS,fbs,fbs,away,-3.18,2.22,-7.9,16.0,South Florida,7.9,0.3107
1,1,Week 1,2026-09-05T19:45:00.000Z,401856772,Final,"Oklahoma State 10, Tulsa 24",Tulsa,Oklahoma State,0.3733,Tulsa,Oklahoma State,FBS vs FBS,fbs,fbs,home,-6.49,1.18,-5.17,16.0,Oklahoma State,5.17,0.3733
2,2,Week 2,2026-09-12T23:00:00.000Z,401862707,Final,"Tulsa 23, Sam Houston 17",Sam Houston,Tulsa,0.3707,Tulsa,Sam Houston,FBS vs FBS,fbs,fbs,away,-6.49,-14.27,5.28,16.0,Tulsa,5.28,0.6293
3,3,Week 3,2026-09-20T00:00:00.000Z,401862775,Final,"East Texas A&M 0, Tulsa 42",Tulsa,East Texas A&M,0.9453,Tulsa,East Texas A&M (FCS baseline),FCS involved,fbs,fcs,home,-6.49,-36.0,32.01,20.0,Tulsa,32.01,0.9453
4,4,Week 4,2026-09-27T00:00:00.000Z,401856697,Final,"Tulsa 6, Arkansas 34",Arkansas,Tulsa,0.7272,Tulsa,Arkansas,FBS vs FBS,fbs,fbs,away,-6.49,0.68,-9.67,16.0,Arkansas,9.67,0.2728
5,5,Week 5,2026-10-02T01:00:00.000Z,401862786,Upcoming,,Tulsa,North Texas,0.4103,Tulsa,North Texas,FBS vs FBS,fbs,fbs,home,-6.49,-0.36,-3.63,16.0,North Texas,3.63,0.4103
6,6,Week 6,2026-10-10T19:30:00.000Z,401862799,Upcoming,,Navy,Tulsa,0.6026,Tulsa,Navy,FBS vs FBS,fbs,fbs,away,-6.49,-4.83,-4.16,16.0,Navy,4.16,0.3974
7,7,Week 7,2026-10-17T04:00:00.000Z,401862805,Upcoming,,Rice,Tulsa,0.4431,Tulsa,Rice,FBS vs FBS,fbs,fbs,away,-6.49,-11.28,2.29,16.0,Tulsa,2.29,0.5569
8,8,Week 8,2026-10-24T00:30:00.000Z,401862808,Upcoming,,Tulsa,Army,0.4741,Tulsa,Army,FBS vs FBS,fbs,fbs,home,-6.49,-2.95,-1.04,16.0,Army,1.04,0.4741
10,10,Week 10,2026-11-07T05:00:00.000Z,401862822,Upcoming,,Tulane,Tulsa,0.6417,Tulsa,Tulane,FBS vs FBS,fbs,fbs,away,-6.49,-3.18,-5.81,16.0,Tulane,5.81,0.3583
11,11,Week 11,2026-11-14T05:00:00.000Z,401862826,Upcoming,,Tulsa,Florida Atlantic,0.51,Tulsa,Florida Atlantic,FBS vs FBS,fbs,fbs,home,-6.49,-4.39,0.4,16.0,Tulsa,0.4,0.51
12,12,Week 12,2026-11-21T05:00:00.000Z,401862832,Upcoming,,Tulsa,Charlotte,0.7909,Tulsa,Charlotte,FBS vs FBS,fbs,fbs,home,-6.49,-16.94,12.95,16.0,Tulsa,12.95,0.7909
13,13,Week 13,2026-11-28T05:00:00.000Z,401862840,Upcoming,,UTSA,Tulsa,0.7401,Tulsa,UTSA,FBS vs FBS,fbs,fbs,away,-6.49,1.31,-10.3,16.0,UTSA,10.3,0.2599
1,1,Week 1,2026-09-04T01:00:00.000Z,401858424,Final,"UAB 23, Illinois 42",Illinois,UAB,0.8289,UAB,Illinois,FBS vs FBS,fbs,fbs,away,-8.53,4.17,-15.2,16.0,Illinois,15.2,0.1711
2,2,Week 2,2026-09-12T19:30:00.000Z,401862708,Final,"UL Monroe 20, UAB 26",UAB,UL Monroe,0.7705,UAB,UL Monroe,FBS vs FBS,fbs,fbs,home,-8.53,-17.88,11.85,16.0,UAB,11.85,0.7705
3,3,Week 3,2026-09-20T00:00:00.000Z,401862776,Final,"UAB 14, Louisiana 21",Louisiana,UAB,0.706,UAB,Louisiana,FBS vs FBS,fbs,fbs,away,-8.53,-2.36,-8.67,16.0,Louisiana,8.67,0.294
4,4,Week 4,2026-09-25T23:00:00.000Z,401862778,Final,"Navy 20, UAB 24",UAB,Navy,0.4701,UAB,Navy,FBS vs FBS,fbs,fbs,home,-8.53,-4.83,-1.2,16.0,Navy,1.2,0.4701
5,5,Week 5,2026-10-03T19:30:00.000Z,401862793,Upcoming,,UAB,Samford,0.933,UAB,Samford (FCS baseline),FCS involved,fbs,fcs,home,-8.53,-36.0,29.97,20.0,UAB,29.97,0.933
6,6,Week 6,2026-10-10T04:00:00.000Z,401862798,Upcoming,,Memphis,UAB,0.776,UAB,Memphis,FBS vs FBS,fbs,fbs,away,-8.53,1.11,-12.14,16.0,Memphis,12.14,0.224
7,7,Week 7,2026-10-15T23:30:00.000Z,401862800,Upcoming,,UAB,East Carolina,0.4791,UAB,East Carolina,FBS vs FBS,fbs,fbs,home,-8.53,-5.19,-0.84,16.0,East Carolina,0.84,0.4791
9,9,Week 9,2026-10-31T04:00:00.000Z,401862816,Upcoming,,South Florida,UAB,0.7962,UAB,South Florida,FBS vs FBS,fbs,fbs,away,-8.53,2.22,-13.25,16.0,South Florida,13.25,0.2038
10,10,Week 10,2026-11-07T05:00:00.000Z,401862819,Upcoming,,UAB,Charlotte,0.7523,UAB,Charlotte,FBS vs FBS,fbs,fbs,home,-8.53,-16.94,10.91,16.0,UAB,10.91,0.7523
11,11,Week 11,2026-11-14T05:00:00.000Z,401862829,Upcoming,,Temple,UAB,0.6378,UAB,Temple,FBS vs FBS,fbs,fbs,away,-8.53,-5.39,-5.64,16.0,Temple,5.64,0.3622
12,12,Week 12,2026-11-21T05:00:00.000Z,401862836,Upcoming,,UAB,UTSA,0.3232,UAB,UTSA,FBS vs FBS,fbs,fbs,home,-8.53,1.31,-7.34,16.0,UTSA,7.34,0.3232
13,13,Week 13,2026-11-28T05:00:00.000Z,401862843,Upcoming,,North Texas,UAB,0.7476,UAB,North Texas,FBS vs FBS,fbs,fbs,away,-8.53,-0.36,-10.67,16.0,North Texas,10.67,0.2524
1,1,Week 1,2026-09-03T23:00:00.000Z,401856767,Final,"Bethune-Cookman 6, UCF 73",UCF,Bethune-Cookman,0.9801,UCF,Bethune-Cookman (FCS baseline),FCS involved,fbs,fcs,home,2.63,-36.0,41.13,20.0,UCF,41.13,0.9801
2,2,Week 2,2026-09-12T19:30:00.000Z,401856790,Final,"UCF 7, Pittsburgh 12",Pittsburgh,UCF,0.6723,UCF,Pittsburgh,FBS vs FBS,fbs,fbs,away,2.63,7.27,-7.14,16.0,Pittsburgh,7.14,0.3277
3,3,Week 3,2026-09-19T23:00:00.000Z,401856800,Final,"Georgia State 30, UCF 44",UCF,Georgia State,0.7541,UCF,Georgia State,FBS vs FBS,fbs,fbs,home,2.63,-5.87,11.0,16.0,UCF,11.0,0.7541
4,4,Week 4,2026-09-26T19:30:00.000Z,401856815,Final,"TCU 13, UCF 21",UCF,TCU,0.5487,UCF,TCU,FBS vs FBS,fbs,fbs,home,2.63,3.17,1.96,16.0,UCF,1.96,0.5487
5,5,Week 5,2026-10-03T16:00:00.000Z,401856819,Upcoming,,Houston,UCF,0.6788,UCF,Houston,FBS vs FBS,fbs,fbs,away,2.63,7.56,-7.43,16.0,Houston,7.43,0.3212
6,6,Week 6,2026-10-10T04:00:00.000Z,401856824,Upcoming,,Oklahoma State,UCF,0.5262,UCF,Oklahoma State,FBS vs FBS,fbs,fbs,away,2.63,1.18,-1.05,16.0,Oklahoma State,1.05,0.4738
8,8,Week 8,2026-10-24T04:00:00.000Z,401856835,Upcoming,,UCF,BYU,0.3807,UCF,BYU,FBS vs FBS,fbs,fbs,home,2.63,9.99,-4.86,16.0,BYU,4.86,0.3807
9,9,Week 9,2026-10-30T23:30:00.000Z,401856844,Upcoming,,UCF,Baylor,0.515,UCF,Baylor,FBS vs FBS,fbs,fbs,home,2.63,4.53,0.6,16.0,UCF,0.6,0.515
10,10,Week 10,2026-11-07T05:00:00.000Z,401856850,Upcoming,,Kansas,UCF,0.4266,UCF,Kansas,FBS vs FBS,fbs,fbs,away,2.63,-2.83,2.96,16.0,UCF,2.96,0.5734
11,11,Week 11,2026-11-14T05:00:00.000Z,401856857,Upcoming,,UCF,Arizona State,0.5922,UCF,Arizona State,FBS vs FBS,fbs,fbs,home,2.63,1.4,3.73,16.0,UCF,3.73,0.5922
12,12,Week 12,2026-11-20T23:00:00.000Z,401856869,Upcoming,,UCF,Iowa State,0.4928,UCF,Iowa State,FBS vs FBS,fbs,fbs,home,2.63,5.42,-0.29,16.0,Iowa State,0.29,0.4928
13,13,Week 13,2026-11-28T05:00:00.000Z,401856875,Upcoming,,Colorado,UCF,0.4078,UCF,Colorado,FBS vs FBS,fbs,fbs,away,2.63,-3.6,3.73,16.0,UCF,3.73,0.5922
1,1,Week 1,2026-09-06T02:30:00.000Z,401858210,Final,"UCLA 45, California 24",California,UCLA,0.2433,UCLA,California,FBS vs FBS,fbs,fbs,away,9.82,-3.81,11.13,16.0,UCLA,11.13,0.7567
2,2,Week 2,2026-09-12T23:15:00.000Z,401858443,Final,"San Diego State 10, UCLA 28",UCLA,San Diego State,0.8613,UCLA,San Diego State,FBS vs FBS,fbs,fbs,home,9.82,-5.06,17.38,16.0,UCLA,17.38,0.8613
3,3,Week 3,2026-09-20T03:00:00.000Z,401858458,Final,"Purdue 38, UCLA 52",UCLA,Purdue,0.8551,UCLA,Purdue,FBS vs FBS,fbs,fbs,home,9.82,-4.62,16.94,16.0,UCLA,16.94,0.8551
4,4,Week 4,2026-09-26T17:30:00.000Z,401858462,Final,"UCLA 54, Maryland 3",Maryland,UCLA,0.2776,UCLA,Maryland,FBS vs FBS,fbs,fbs,away,9.82,-2.12,9.44,16.0,UCLA,9.44,0.7224
6,6,Week 6,2026-10-10T04:00:00.000Z,401858484,Upcoming,,Oregon,UCLA,0.743,UCLA,Oregon,FBS vs FBS,fbs,fbs,away,9.82,17.76,-10.44,16.0,Oregon,10.44,0.257
7,7,Week 7,2026-10-17T04:00:00.000Z,401858494,Upcoming,,UCLA,Wisconsin,0.6021,UCLA,Wisconsin,FBS vs FBS,fbs,fbs,home,9.82,8.18,4.14,16.0,UCLA,4.14,0.6021
8,8,Week 8,2026-10-24T04:00:00.000Z,401858499,Upcoming,,UCLA,Michigan State,0.7311,UCLA,Michigan State,FBS vs FBS,fbs,fbs,home,9.82,2.46,9.86,16.0,UCLA,9.86,0.7311
9,9,Week 9,2026-10-31T04:00:00.000Z,401858508,Upcoming,,UCLA,Nevada,0.8551,UCLA,Nevada,FBS vs FBS,fbs,fbs,home,9.82,-4.62,16.94,16.0,UCLA,16.94,0.8551
10,10,Week 10,2026-11-07T05:00:00.000Z,401858512,Upcoming,,Minnesota,UCLA,0.362,UCLA,Minnesota,FBS vs FBS,fbs,fbs,away,9.82,1.67,5.65,16.0,UCLA,5.65,0.638
11,11,Week 11,2026-11-14T02:00:00.000Z,401858526,Upcoming,,UCLA,Illinois,0.6948,UCLA,Illinois,FBS vs FBS,fbs,fbs,home,9.82,4.17,8.15,16.0,UCLA,8.15,0.6948
12,12,Week 12,2026-11-21T05:00:00.000Z,401858528,Upcoming,,Michigan,UCLA,0.5653,UCLA,Michigan,FBS vs FBS,fbs,fbs,away,9.82,9.95,-2.63,16.0,Michigan,2.63,0.4347
13,13,Week 13,2026-11-28T05:00:00.000Z,401858543,Upcoming,,UCLA,USC,0.4604,UCLA,USC,FBS vs FBS,fbs,fbs,home,9.82,13.91,-1.59,16.0,USC,1.59,0.4604
1,1,Week 1,2026-09-05T16:00:00.000Z,401861962,Final,"Lafayette 7, UConn 56",UConn,Lafayette,0.948,UConn,Lafayette (FCS baseline),FCS involved,fbs,fcs,home,-5.99,-36.0,32.51,20.0,UConn,32.51,0.948
2,2,Week 2,2026-09-12T19:30:00.000Z,401858444,Final,"Maryland 38, UConn 14",UConn,Maryland,0.4659,UConn,Maryland,FBS vs FBS,fbs,fbs,home,-5.99,-2.12,-1.37,16.0,Maryland,1.37,0.4659
3,3,Week 3,2026-09-19T23:00:00.000Z,401861963,Final,"UConn 48, Southern Miss 20",Southern Miss,UConn,0.3443,UConn,Southern Miss,FBS vs FBS,fbs,fbs,away,-5.99,-14.9,6.41,16.0,UConn,6.41,0.6557
4,4,Week 4,2026-09-26T19:30:00.000Z,401861970,Final,"UConn 21, Miami (OH) 24",Miami (OH),UConn,0.5152,UConn,Miami (OH),FBS vs FBS,fbs,fbs,away,-5.99,-7.88,-0.61,16.0,Miami (OH),0.61,0.4848
5,5,Week 5,2026-10-03T16:00:00.000Z,401858252,Upcoming,,UConn,Syracuse,0.5082,UConn,Syracuse,FBS vs FBS,fbs,fbs,home,-5.99,-3.82,0.33,16.0,UConn,0.33,0.5082
6,6,Week 6,2026-10-10T04:00:00.000Z,401861964,Upcoming,,Temple,UConn,0.5768,UConn,Temple,FBS vs FBS,fbs,fbs,away,-5.99,-5.39,-3.1,16.0,Temple,3.1,0.4232
8,8,Week 8,2026-10-23T23:00:00.000Z,401861965,Upcoming,,UConn,Massachusetts,0.5539,UConn,Massachusetts,FBS vs FBS,fbs,fbs,home,-5.99,-5.66,2.17,16.0,UConn,2.17,0.5539
9,9,Week 9,2026-10-31T19:00:00.000Z,401861966,Upcoming,,Air Force,UConn,0.6198,UConn,Air Force,FBS vs FBS,fbs,fbs,away,-5.99,-3.61,-4.88,16.0,Air Force,4.88,0.3802
10,10,Week 10,2026-11-07T17:00:00.000Z,401858292,Upcoming,,UConn,North Carolina,0.3792,UConn,North Carolina,FBS vs FBS,fbs,fbs,home,-5.99,1.43,-4.92,16.0,North Carolina,4.92,0.3792
11,11,Week 11,2026-11-14T17:00:00.000Z,401861967,Upcoming,,UConn,James Madison,0.2485,UConn,James Madison,FBS vs FBS,fbs,fbs,home,-5.99,7.38,-10.87,16.0,James Madison,10.87,0.2485
12,12,Week 12,2026-11-21T20:30:00.000Z,401861968,Upcoming,,UConn,Old Dominion,0.6591,UConn,Old Dominion,FBS vs FBS,fbs,fbs,home,-5.99,-10.05,6.56,16.0,UConn,6.56,0.6591
13,13,Week 13,2026-11-28T05:00:00.000Z,401861969,Upcoming,,Wyoming,UConn,0.455,UConn,Wyoming,FBS vs FBS,fbs,fbs,away,-5.99,-10.3,1.81,16.0,UConn,1.81,0.545
1,1,Week 1,2026-09-05T23:30:00.000Z,401856662,Final,"UL Monroe 13, Mississippi State 62",Mississippi State,UL Monroe,0.9746,UL Monroe,Mississippi State,FBS vs FBS,fbs,fbs,away,-17.88,10.87,-31.25,16.0,Mississippi State,31.25,0.0254
2,2,Week 2,2026-09-12T19:30:00.000Z,401862708,Final,"UL Monroe 20, UAB 26",UAB,UL Monroe,0.7705,UL Monroe,UAB,FBS vs FBS,fbs,fbs,away,-17.88,-8.53,-11.85,16.0,UAB,11.85,0.2295
3,3,Week 3,2026-09-19T20:30:00.000Z,401868317,Final,"SE Louisiana 38, UL Monroe 35",UL Monroe,SE Louisiana,0.8487,UL Monroe,SE Louisiana (FCS baseline),FCS involved,fbs,fcs,home,-17.88,-36.0,20.62,20.0,UL Monroe,20.62,0.8487
4,4,Week 4,2026-09-27T00:00:00.000Z,401862782,Final,"Florida Atlantic 45, UL Monroe 17",UL Monroe,Florida Atlantic,0.2461,UL Monroe,Florida Atlantic,FBS vs FBS,fbs,fbs,home,-17.88,-4.39,-10.99,16.0,Florida Atlantic,10.99,0.2461
5,5,Week 5,2026-10-03T23:00:00.000Z,401871089,Upcoming,,South Alabama,UL Monroe,0.7951,UL Monroe,South Alabama,FBS vs FBS,fbs,fbs,away,-17.88,-7.19,-13.19,16.0,South Alabama,13.19,0.2049
7,7,Week 7,2026-10-17T04:00:00.000Z,401871091,Upcoming,,UL Monroe,Louisiana Tech,0.3181,UL Monroe,Louisiana Tech,FBS vs FBS,fbs,fbs,home,-17.88,-7.81,-7.57,16.0,Louisiana Tech,7.57,0.3181
8,8,Week 8,2026-10-24T04:00:00.000Z,401871094,Upcoming,,Troy,UL Monroe,0.8042,UL Monroe,Troy,FBS vs FBS,fbs,fbs,away,-17.88,-6.67,-13.71,16.0,Troy,13.71,0.1958
9,9,Week 9,2026-10-31T04:00:00.000Z,401871095,Upcoming,,UL Monroe,Southern Miss,0.488,UL Monroe,Southern Miss,FBS vs FBS,fbs,fbs,home,-17.88,-14.9,-0.48,16.0,Southern Miss,0.48,0.488
10,10,Week 10,2026-11-07T20:00:00.000Z,401869936,Upcoming,,Arkansas State,UL Monroe,0.7512,UL Monroe,Arkansas State,FBS vs FBS,fbs,fbs,away,-17.88,-9.53,-10.85,16.0,Arkansas State,10.85,0.2488
11,11,Week 11,2026-11-13T02:00:00.000Z,401869969,Upcoming,,UL Monroe,Louisiana,0.2079,UL Monroe,Louisiana,FBS vs FBS,fbs,fbs,home,-17.88,-2.36,-13.02,16.0,Louisiana,13.02,0.2079
12,12,Week 12,2026-11-21T05:00:00.000Z,401869929,Upcoming,,App State,UL Monroe,0.8121,UL Monroe,App State,FBS vs FBS,fbs,fbs,away,-17.88,-6.21,-14.17,16.0,App State,14.17,0.1879
13,13,Week 13,2026-11-28T05:00:00.000Z,401871102,Upcoming,,UL Monroe,Marshall,0.2852,UL Monroe,Marshall,FBS vs FBS,fbs,fbs,home,-17.88,-6.3,-9.08,16.0,Marshall,9.08,0.2852
1,0,Week 0,2026-08-30T02:00:00.000Z,401862693,Final,"Memphis 27, UNLV 21",UNLV,Memphis,0.4863,UNLV,Memphis,FBS vs FBS,fbs,fbs,home,-1.94,1.11,-0.55,16.0,Memphis,0.55,0.4863
1,1,Week 1,2026-09-06T02:00:00.000Z,401864497,Final,"UNLV 21, Hawai'i 6",Hawai'i,UNLV,0.3622,UNLV,Hawai'i,FBS vs FBS,fbs,fbs,away,-1.94,-10.08,5.64,16.0,UNLV,5.64,0.6378
2,2,Week 2,2026-09-12T19:45:00.000Z,401862705,Final,"UNLV 6, North Texas 44",North Texas,UNLV,0.6006,UNLV,North Texas,FBS vs FBS,fbs,fbs,away,-1.94,-0.36,-4.08,16.0,North Texas,4.08,0.3994
4,4,Week 4,2026-09-26T16:00:00.000Z,401864512,Final,"UNLV 38, Akron 10",Akron,UNLV,0.1558,UNLV,Akron,FBS vs FBS,fbs,fbs,away,-1.94,-20.63,16.19,16.0,UNLV,16.19,0.8442
5,5,Week 5,2026-10-03T19:30:00.000Z,401858247,Upcoming,,UNLV,California,0.6076,UNLV,California,FBS vs FBS,fbs,fbs,home,-1.94,-3.81,4.37,16.0,UNLV,4.37,0.6076
6,6,Week 6,2026-10-10T23:00:00.000Z,401864518,Upcoming,,UNLV,North Dakota State,0.4083,UNLV,North Dakota State,FBS vs FBS,fbs,fbs,home,-1.94,4.27,-3.71,16.0,North Dakota State,3.71,0.4083
7,7,Week 7,2026-10-17T19:30:00.000Z,401864524,Upcoming,,Air Force,UNLV,0.5207,UNLV,Air Force,FBS vs FBS,fbs,fbs,away,-1.94,-3.61,-0.83,16.0,Air Force,0.83,0.4793
9,9,Week 9,2026-11-01T02:30:00.000Z,401864530,Upcoming,,UNLV,Northern Illinois,0.8436,UNLV,Northern Illinois,FBS vs FBS,fbs,fbs,home,-1.94,-15.59,16.15,16.0,UNLV,16.15,0.8436
10,10,Week 10,2026-11-08T03:30:00.000Z,401864535,Upcoming,,UNLV,Wyoming,0.7514,UNLV,Wyoming,FBS vs FBS,fbs,fbs,home,-1.94,-10.3,10.86,16.0,UNLV,10.86,0.7514
11,11,Week 11,2026-11-15T00:30:00.000Z,401864539,Upcoming,,New Mexico,UNLV,0.6923,UNLV,New Mexico,FBS vs FBS,fbs,fbs,away,-1.94,3.6,-8.04,16.0,New Mexico,8.04,0.3077
12,12,Week 12,2026-11-22T00:00:00.000Z,401864544,Upcoming,,San José State,UNLV,0.4227,UNLV,San José State,FBS vs FBS,fbs,fbs,away,-1.94,-7.56,3.12,16.0,UNLV,3.12,0.5773
13,13,Week 13,2026-11-29T02:00:00.000Z,401864548,Upcoming,,UNLV,Nevada,0.6269,UNLV,Nevada,FBS vs FBS,fbs,fbs,home,-1.94,-4.62,5.18,16.0,UNLV,5.18,0.6269
1,0,Week 0,2026-08-29T19:00:00.000Z,401864494,Final,"San José State 26, USC 42",USC,San José State,0.9329,USC,San José State,FBS vs FBS,fbs,fbs,home,13.91,-7.56,23.97,16.0,USC,23.97,0.9329
1,1,Week 1,2026-09-05T01:00:00.000Z,401858436,Final,"Fresno State 0, USC 39",USC,Fresno State,0.8475,USC,Fresno State,FBS vs FBS,fbs,fbs,home,13.91,0.0,16.41,16.0,USC,16.41,0.8475
2,2,Week 2,2026-09-13T03:00:00.000Z,401858445,Final,"Louisiana 30, USC 49",USC,Louisiana,0.8796,USC,Louisiana,FBS vs FBS,fbs,fbs,home,13.91,-2.36,18.77,16.0,USC,18.77,0.8796
3,3,Week 3,2026-09-19T19:30:00.000Z,401858457,Final,"USC 42, Rutgers 35",Rutgers,USC,0.1662,USC,Rutgers,FBS vs FBS,fbs,fbs,away,13.91,-4.1,15.51,16.0,USC,15.51,0.8338
4,4,Week 4,2026-09-26T23:30:00.000Z,401858469,Final,"Oregon 41, USC 27",USC,Oregon,0.4664,USC,Oregon,FBS vs FBS,fbs,fbs,home,13.91,17.76,-1.35,16.0,Oregon,1.35,0.4664
5,5,Week 5,2026-10-03T23:30:00.000Z,401858478,Upcoming,,USC,Washington,0.7338,USC,Washington,FBS vs FBS,fbs,fbs,home,13.91,6.42,9.99,16.0,USC,9.99,0.7338
6,6,Week 6,2026-10-10T04:00:00.000Z,401858485,Upcoming,,Penn State,USC,0.5766,USC,Penn State,FBS vs FBS,fbs,fbs,away,13.91,14.5,-3.09,16.0,Penn State,3.09,0.4234
8,8,Week 8,2026-10-24T04:00:00.000Z,401858500,Upcoming,,Wisconsin,USC,0.42,USC,Wisconsin,FBS vs FBS,fbs,fbs,away,13.91,8.18,3.23,16.0,USC,3.23,0.58
9,9,Week 9,2026-10-31T04:00:00.000Z,401858509,Upcoming,,USC,Ohio State,0.3672,USC,Ohio State,FBS vs FBS,fbs,fbs,home,13.91,21.84,-5.43,16.0,Ohio State,5.43,0.3672
11,11,Week 11,2026-11-14T05:00:00.000Z,401858518,Upcoming,,Indiana,USC,0.7389,USC,Indiana,FBS vs FBS,fbs,fbs,away,13.91,21.65,-10.24,16.0,Indiana,10.24,0.2611
12,12,Week 12,2026-11-21T05:00:00.000Z,401858534,Upcoming,,USC,Maryland,0.8766,USC,Maryland,FBS vs FBS,fbs,fbs,home,13.91,-2.12,18.53,16.0,USC,18.53,0.8766
13,13,Week 13,2026-11-28T05:00:00.000Z,401858543,Upcoming,,UCLA,USC,0.4604,USC,UCLA,FBS vs FBS,fbs,fbs,away,13.91,9.82,1.59,16.0,USC,1.59,0.5396
1,1,Week 1,2026-09-05T00:00:00.000Z,401856664,Final,"UTEP 0, Oklahoma 51",Oklahoma,UTEP,0.9789,UTEP,Oklahoma,FBS vs FBS,fbs,fbs,away,-19.25,10.77,-32.52,16.0,Oklahoma,32.52,0.0211
2,2,Week 2,2026-09-13T01:00:00.000Z,401864505,Final,"Texas Southern 10, UTEP 51",UTEP,Texas Southern,0.8321,UTEP,Texas Southern (FCS baseline),FCS involved,fbs,fcs,home,-19.25,-36.0,19.25,20.0,UTEP,19.25,0.8321
3,3,Week 3,2026-09-19T19:30:00.000Z,401858450,Final,"UTEP 17, Michigan 52",Michigan,UTEP,0.9762,UTEP,Michigan,FBS vs FBS,fbs,fbs,away,-19.25,9.95,-31.7,16.0,Michigan,31.7,0.0238
4,4,Week 4,2026-09-27T01:00:00.000Z,401860895,Final,"Oregon State 33, UTEP 7",UTEP,Oregon State,0.1999,UTEP,Oregon State,FBS vs FBS,fbs,fbs,home,-19.25,-3.28,-13.47,16.0,Oregon State,13.47,0.1999
5,5,Week 5,2026-10-03T20:00:00.000Z,401864514,Upcoming,,New Mexico,UTEP,0.9434,UTEP,New Mexico,FBS vs FBS,fbs,fbs,away,-19.25,3.6,-25.35,16.0,New Mexico,25.35,0.0566
6,6,Week 6,2026-10-10T04:00:00.000Z,401864517,Upcoming,,UTEP,Nevada,0.2242,UTEP,Nevada,FBS vs FBS,fbs,fbs,home,-19.25,-4.62,-12.13,16.0,Nevada,12.13,0.2242
7,7,Week 7,2026-10-18T01:00:00.000Z,401864523,Upcoming,,UTEP,San José State,0.2829,UTEP,San José State,FBS vs FBS,fbs,fbs,home,-19.25,-7.56,-9.19,16.0,San José State,9.19,0.2829
9,9,Week 9,2026-10-31T19:30:00.000Z,401864531,Upcoming,,North Dakota State,UTEP,0.9481,UTEP,North Dakota State,FBS vs FBS,fbs,fbs,away,-19.25,4.27,-26.02,16.0,North Dakota State,26.02,0.0519
10,10,Week 10,2026-11-07T05:00:00.000Z,401864532,Upcoming,,UTEP,Hawai'i,0.3384,UTEP,Hawai'i,FBS vs FBS,fbs,fbs,home,-19.25,-10.08,-6.67,16.0,Hawai'i,6.67,0.3384
11,11,Week 11,2026-11-14T05:00:00.000Z,401864540,Upcoming,,UTEP,Wyoming,0.3434,UTEP,Wyoming,FBS vs FBS,fbs,fbs,home,-19.25,-10.3,-6.45,16.0,Wyoming,6.45,0.3434
12,12,Week 12,2026-11-21T01:00:00.000Z,401864545,Upcoming,,Air Force,UTEP,0.8716,UTEP,Air Force,FBS vs FBS,fbs,fbs,away,-19.25,-3.61,-18.14,16.0,Air Force,18.14,0.1284
13,13,Week 13,2026-11-28T05:00:00.000Z,401864550,Upcoming,,Northern Illinois,UTEP,0.6499,UTEP,Northern Illinois,FBS vs FBS,fbs,fbs,away,-19.25,-15.59,-6.16,16.0,Northern Illinois,6.16,0.3501
1,1,Week 1,2026-09-05T19:30:00.000Z,401862700,Final,"UT Rio Grande Valley 16, UTSA 45",UTSA,UT Rio Grande Valley,0.9767,UTSA,UT Rio Grande Valley (FCS baseline),FCS involved,fbs,fcs,home,1.31,-36.0,39.81,20.0,UTSA,39.81,0.9767
2,2,Week 2,2026-09-12T19:30:00.000Z,401860884,Final,"UTSA 31, Texas State 26",Texas State,UTSA,0.494,UTSA,Texas State,FBS vs FBS,fbs,fbs,away,1.31,-1.43,0.24,16.0,UTSA,0.24,0.506
3,3,Week 3,2026-09-20T00:00:00.000Z,401856693,Final,"UTSA 6, Texas 30",Texas,UTSA,0.9179,UTSA,Texas,FBS vs FBS,fbs,fbs,away,1.31,21.07,-22.26,16.0,Texas,22.26,0.0821
4,4,Week 4,2026-09-26T16:00:00.000Z,401860896,Final,"Colorado State 45, UTSA 59",UTSA,Colorado State,0.7478,UTSA,Colorado State,FBS vs FBS,fbs,fbs,home,1.31,-6.87,10.68,16.0,UTSA,10.68,0.7478
5,5,Week 5,2026-10-03T23:00:00.000Z,401862788,Upcoming,,Rice,UTSA,0.2641,UTSA,Rice,FBS vs FBS,fbs,fbs,away,1.31,-11.28,10.09,16.0,UTSA,10.09,0.7359
6,6,Week 6,2026-10-08T23:30:00.000Z,401862794,Upcoming,,UTSA,South Florida,0.5396,UTSA,South Florida,FBS vs FBS,fbs,fbs,home,1.31,2.22,1.59,16.0,UTSA,1.59,0.5396
7,7,Week 7,2026-10-17T04:00:00.000Z,401862804,Upcoming,,UTSA,Navy,0.7054,UTSA,Navy,FBS vs FBS,fbs,fbs,home,1.31,-4.83,8.64,16.0,UTSA,8.64,0.7054
8,8,Week 8,2026-10-24T04:00:00.000Z,401862811,Upcoming,,Tulane,UTSA,0.4505,UTSA,Tulane,FBS vs FBS,fbs,fbs,away,1.31,-3.18,1.99,16.0,UTSA,1.99,0.5495
10,10,Week 10,2026-11-06T01:00:00.000Z,401862817,Upcoming,,Florida Atlantic,UTSA,0.4207,UTSA,Florida Atlantic,FBS vs FBS,fbs,fbs,away,1.31,-4.39,3.2,16.0,UTSA,3.2,0.5793
11,11,Week 11,2026-11-14T05:00:00.000Z,401862827,Upcoming,,UTSA,North Texas,0.6028,UTSA,North Texas,FBS vs FBS,fbs,fbs,home,1.31,-0.36,4.17,16.0,UTSA,4.17,0.6028
12,12,Week 12,2026-11-21T05:00:00.000Z,401862836,Upcoming,,UAB,UTSA,0.3232,UTSA,UAB,FBS vs FBS,fbs,fbs,away,1.31,-8.53,7.34,16.0,UTSA,7.34,0.6768
13,13,Week 13,2026-11-28T05:00:00.000Z,401862840,Upcoming,,UTSA,Tulsa,0.7401,UTSA,Tulsa,FBS vs FBS,fbs,fbs,home,1.31,-6.49,10.3,16.0,UTSA,10.3,0.7401
1,1,Week 1,2026-09-04T01:00:00.000Z,401856768,Final,"Idaho 14, Utah 66",Utah,Idaho,0.9971,Utah,Idaho (FCS baseline),FCS involved,fbs,fcs,home,16.66,-36.0,55.16,20.0,Utah,55.16,0.9971
2,2,Week 2,2026-09-13T02:15:00.000Z,401856670,Final,"Arkansas 10, Utah 43",Utah,Arkansas,0.876,Utah,Arkansas,FBS vs FBS,fbs,fbs,home,16.66,0.68,18.48,16.0,Utah,18.48,0.876
3,3,Week 3,2026-09-19T19:30:00.000Z,401856801,Final,"Utah State 0, Utah 33",Utah,Utah State,0.9398,Utah,Utah State,FBS vs FBS,fbs,fbs,home,16.66,-5.69,24.85,16.0,Utah,24.85,0.9398
4,4,Week 4,2026-09-26T19:30:00.000Z,401856816,Final,"Utah 31, Iowa State 17",Iowa State,Utah,0.2924,Utah,Iowa State,FBS vs FBS,fbs,fbs,away,16.66,5.42,8.74,16.0,Utah,8.74,0.7076
6,6,Week 6,2026-10-10T04:00:00.000Z,401856827,Upcoming,,Utah,Kansas,0.9153,Utah,Kansas,FBS vs FBS,fbs,fbs,home,16.66,-2.83,21.99,16.0,Utah,21.99,0.9153
7,7,Week 7,2026-10-17T04:00:00.000Z,401856833,Upcoming,,Colorado,Utah,0.1335,Utah,Colorado,FBS vs FBS,fbs,fbs,away,16.66,-3.6,17.76,16.0,Utah,17.76,0.8665
8,8,Week 8,2026-10-24T04:00:00.000Z,401856837,Upcoming,,Utah,Houston,0.7658,Utah,Houston,FBS vs FBS,fbs,fbs,home,16.66,7.56,11.6,16.0,Utah,11.6,0.7658
9,9,Week 9,2026-10-31T04:00:00.000Z,401856848,Upcoming,,Cincinnati,Utah,0.2184,Utah,Cincinnati,FBS vs FBS,fbs,fbs,away,16.66,1.72,12.44,16.0,Utah,12.44,0.7816
10,10,Week 10,2026-11-07T05:00:00.000Z,401856849,Upcoming,,Utah,BYU,0.7167,Utah,BYU,FBS vs FBS,fbs,fbs,home,16.66,9.99,9.17,16.0,Utah,9.17,0.7167
11,11,Week 11,2026-11-14T05:00:00.000Z,401856864,Upcoming,,Arizona,Utah,0.3077,Utah,Arizona,FBS vs FBS,fbs,fbs,away,16.66,6.12,8.04,16.0,Utah,8.04,0.6923
12,12,Week 12,2026-11-21T05:00:00.000Z,401856872,Upcoming,,TCU,Utah,0.2461,Utah,TCU,FBS vs FBS,fbs,fbs,away,16.66,3.17,10.99,16.0,Utah,10.99,0.7539
13,13,Week 13,2026-11-28T02:00:00.000Z,401856880,Upcoming,,Utah,West Virginia,0.8941,Utah,West Virginia,FBS vs FBS,fbs,fbs,home,16.66,-0.82,19.98,16.0,Utah,19.98,0.8941
1,1,Week 1,2026-09-05T23:00:00.000Z,401860880,Final,"Idaho State 29, Utah State 17",Utah State,Idaho State,0.9495,Utah State,Idaho State (FCS baseline),FCS involved,fbs,fcs,home,-5.69,-36.0,32.81,20.0,Utah State,32.81,0.9495
2,2,Week 2,2026-09-12T19:30:00.000Z,401858446,Final,"Utah State 14, Washington 16",Washington,Utah State,0.8194,Utah State,Washington,FBS vs FBS,fbs,fbs,away,-5.69,6.42,-14.61,16.0,Washington,14.61,0.1806
3,3,Week 3,2026-09-19T19:30:00.000Z,401856801,Final,"Utah State 0, Utah 33",Utah,Utah State,0.9398,Utah State,Utah,FBS vs FBS,fbs,fbs,away,-5.69,16.66,-24.85,16.0,Utah,24.85,0.0602
4,4,Week 4,2026-09-26T23:30:00.000Z,401860894,Final,"Troy 10, Utah State 21",Utah State,Troy,0.5861,Utah State,Troy,FBS vs FBS,fbs,fbs,home,-5.69,-6.67,3.48,16.0,Utah State,3.48,0.5861
5,5,Week 5,2026-10-03T23:30:00.000Z,401860898,Upcoming,,Boise State,Utah State,0.8575,Utah State,Boise State,FBS vs FBS,fbs,fbs,away,-5.69,8.92,-17.11,16.0,Boise State,17.11,0.1425
6,6,Week 6,2026-10-10T01:00:00.000Z,401860922,Upcoming,,Utah State,Washington State,0.5579,Utah State,Washington State,FBS vs FBS,fbs,fbs,home,-5.69,-5.52,2.33,16.0,Utah State,2.33,0.5579
8,8,Week 8,2026-10-24T23:30:00.000Z,401860906,Upcoming,,Texas State,Utah State,0.6637,Utah State,Texas State,FBS vs FBS,fbs,fbs,away,-5.69,-1.43,-6.76,16.0,Texas State,6.76,0.3363
9,9,Week 9,2026-10-31T19:30:00.000Z,401860910,Upcoming,,Utah State,Colorado State,0.591,Utah State,Colorado State,FBS vs FBS,fbs,fbs,home,-5.69,-6.87,3.68,16.0,Utah State,3.68,0.591
10,10,Week 10,2026-11-08T02:30:00.000Z,401860913,Upcoming,,Utah State,Fresno State,0.421,Utah State,Fresno State,FBS vs FBS,fbs,fbs,home,-5.69,0.0,-3.19,16.0,Fresno State,3.19,0.421
11,11,Week 11,2026-11-15T02:30:00.000Z,401860915,Upcoming,,San Diego State,Utah State,0.5775,Utah State,San Diego State,FBS vs FBS,fbs,fbs,away,-5.69,-5.06,-3.13,16.0,San Diego State,3.13,0.4225
12,12,Week 12,2026-11-22T03:30:00.000Z,401860919,Upcoming,,Oregon State,Utah State,0.6205,Utah State,Oregon State,FBS vs FBS,fbs,fbs,away,-5.69,-3.28,-4.91,16.0,Oregon State,4.91,0.3795
1,1,Week 1,2026-09-05T23:00:00.000Z,401856669,Final,"Austin Peay 9, Vanderbilt 28",Vanderbilt,Austin Peay,0.9835,Vanderbilt,Austin Peay (FCS baseline),FCS involved,fbs,fcs,home,4.16,-36.0,42.66,20.0,Vanderbilt,42.66,0.9835
2,2,Week 2,2026-09-12T20:15:00.000Z,401856684,Final,"Delaware 26, Vanderbilt 35",Vanderbilt,Delaware,0.8394,Vanderbilt,Delaware,FBS vs FBS,fbs,fbs,home,4.16,-9.21,15.87,16.0,Vanderbilt,15.87,0.8394
3,3,Week 3,2026-09-19T16:45:00.000Z,401856695,Final,"NC State 31, Vanderbilt 35",Vanderbilt,NC State,0.6429,Vanderbilt,NC State,FBS vs FBS,fbs,fbs,home,4.16,0.8,5.86,16.0,Vanderbilt,5.86,0.6429
4,4,Week 4,2026-09-26T20:15:00.000Z,401856698,Final,"Vanderbilt 15, Auburn 21",Auburn,Vanderbilt,0.6741,Vanderbilt,Auburn,FBS vs FBS,fbs,fbs,away,4.16,8.88,-7.22,16.0,Auburn,7.22,0.3259
5,5,Week 5,2026-10-03T16:45:00.000Z,401856705,Upcoming,,Georgia,Vanderbilt,0.9149,Vanderbilt,Georgia,FBS vs FBS,fbs,fbs,away,4.16,23.6,-21.94,16.0,Georgia,21.94,0.0851
6,6,Week 6,2026-10-10T04:00:00.000Z,401856718,Upcoming,,Vanderbilt,Ole Miss,0.3622,Vanderbilt,Ole Miss,FBS vs FBS,fbs,fbs,home,4.16,12.3,-5.64,16.0,Ole Miss,5.64,0.3622
7,7,Week 7,2026-10-17T04:00:00.000Z,401856726,Upcoming,,Vanderbilt,Arkansas,0.6457,Vanderbilt,Arkansas,FBS vs FBS,fbs,fbs,home,4.16,0.68,5.98,16.0,Vanderbilt,5.98,0.6457
8,8,Week 8,2026-10-24T04:00:00.000Z,401856729,Upcoming,,Kentucky,Vanderbilt,0.6131,Vanderbilt,Kentucky,FBS vs FBS,fbs,fbs,away,4.16,6.26,-4.6,16.0,Kentucky,4.6,0.3869
10,10,Week 10,2026-11-07T05:00:00.000Z,401856742,Upcoming,,Mississippi State,Vanderbilt,0.7176,Vanderbilt,Mississippi State,FBS vs FBS,fbs,fbs,away,4.16,10.87,-9.21,16.0,Mississippi State,9.21,0.2824
11,11,Week 11,2026-11-14T05:00:00.000Z,401856889,Upcoming,,Vanderbilt,Alabama,0.1866,Vanderbilt,Alabama,FBS vs FBS,fbs,fbs,home,4.16,20.91,-14.25,16.0,Alabama,14.25,0.1866
12,12,Week 12,2026-11-21T05:00:00.000Z,401856748,Upcoming,,Florida,Vanderbilt,0.828,Vanderbilt,Florida,FBS vs FBS,fbs,fbs,away,4.16,16.8,-15.14,16.0,Florida,15.14,0.172
13,13,Week 13,2026-11-28T05:00:00.000Z,401856765,Upcoming,,Vanderbilt,Tennessee,0.3268,Vanderbilt,Tennessee,FBS vs FBS,fbs,fbs,home,4.16,13.84,-7.18,16.0,Tennessee,7.18,0.3268
1,0,Week 0,2026-08-29T19:30:00.000Z,401858202,Final,"NC State 8, Virginia 34",Virginia,NC State,0.7163,Virginia,NC State,FBS vs FBS,fbs,fbs,home,7.45,0.8,9.15,16.0,Virginia,9.15,0.7163
2,2,Week 2,2026-09-11T23:00:00.000Z,401858220,Final,"Norfolk State 3, Virginia 59",Virginia,Norfolk State,0.9892,Virginia,Norfolk State (FCS baseline),FCS involved,fbs,fcs,home,7.45,-36.0,45.95,20.0,Virginia,45.95,0.9892
3,3,Week 3,2026-09-19T23:30:00.000Z,401856802,Final,"West Virginia 38, Virginia 27",Virginia,West Virginia,0.6974,Virginia,West Virginia,FBS vs FBS,fbs,fbs,neutral,7.45,-0.82,8.27,16.0,Virginia,8.27,0.6974
4,4,Week 4,2026-09-26T22:00:00.000Z,401858239,Final,"Delaware 3, Virginia 42",Virginia,Delaware,0.8844,Virginia,Delaware,FBS vs FBS,fbs,fbs,home,7.45,-9.21,19.16,16.0,Virginia,19.16,0.8844
5,5,Week 5,2026-10-03T19:30:00.000Z,401858253,Upcoming,,Florida State,Virginia,0.4763,Virginia,Florida State,FBS vs FBS,fbs,fbs,away,7.45,4.0,0.95,16.0,Virginia,0.95,0.5237
6,6,Week 6,2026-10-10T04:00:00.000Z,401858258,Upcoming,,Virginia,Syracuse,0.8053,Virginia,Syracuse,FBS vs FBS,fbs,fbs,home,7.45,-3.82,13.77,16.0,Virginia,13.77,0.8053
7,7,Week 7,2026-10-17T04:00:00.000Z,401858268,Upcoming,,SMU,Virginia,0.5401,Virginia,SMU,FBS vs FBS,fbs,fbs,away,7.45,6.56,-1.61,16.0,SMU,1.61,0.4599
8,8,Week 8,2026-10-23T23:00:00.000Z,401858271,Upcoming,,Virginia,Duke,0.5946,Virginia,Duke,FBS vs FBS,fbs,fbs,home,7.45,6.12,3.83,16.0,Virginia,3.83,0.5946
9,9,Week 9,2026-10-31T04:00:00.000Z,401858284,Upcoming,,Wake Forest,Virginia,0.433,Virginia,Wake Forest,FBS vs FBS,fbs,fbs,away,7.45,2.25,2.7,16.0,Virginia,2.7,0.567
11,11,Week 11,2026-11-14T05:00:00.000Z,401858295,Upcoming,,Virginia,California,0.8051,Virginia,California,FBS vs FBS,fbs,fbs,home,7.45,-3.81,13.76,16.0,Virginia,13.76,0.8051
12,12,Week 12,2026-11-21T05:00:00.000Z,401858305,Upcoming,,Virginia,North Carolina,0.7028,Virginia,North Carolina,FBS vs FBS,fbs,fbs,home,7.45,1.43,8.52,16.0,Virginia,8.52,0.7028
13,13,Week 13,2026-11-28T05:00:00.000Z,401858317,Upcoming,,Virginia Tech,Virginia,0.5107,Virginia,Virginia Tech,FBS vs FBS,fbs,fbs,away,7.45,5.38,-0.43,16.0,Virginia Tech,0.43,0.4893
1,1,Week 1,2026-09-05T23:30:00.000Z,401858211,Final,"VMI 3, Virginia Tech 73",Virginia Tech,VMI,0.9859,Virginia Tech,VMI (FCS baseline),FCS involved,fbs,fcs,home,5.38,-36.0,43.88,20.0,Virginia Tech,43.88,0.9859
2,2,Week 2,2026-09-12T16:00:00.000Z,401858221,Final,"Old Dominion 21, Virginia Tech 44",Virginia Tech,Old Dominion,0.8688,Virginia Tech,Old Dominion,FBS vs FBS,fbs,fbs,home,5.38,-10.05,17.93,16.0,Virginia Tech,17.93,0.8688
3,3,Week 3,2026-09-19T23:30:00.000Z,401858232,Final,"Virginia Tech 35, Maryland 26",Maryland,Virginia Tech,0.3773,Virginia Tech,Maryland,FBS vs FBS,fbs,fbs,away,5.38,-2.12,5.0,16.0,Virginia Tech,5.0,0.6227
4,4,Week 4,2026-09-26T16:00:00.000Z,401858242,Final,"Virginia Tech 21, Boston College 14",Boston College,Virginia Tech,0.3044,Virginia Tech,Boston College,FBS vs FBS,fbs,fbs,away,5.38,-5.31,8.19,16.0,Virginia Tech,8.19,0.6956
5,5,Week 5,2026-10-02T23:00:00.000Z,401858245,Upcoming,,Virginia Tech,Pittsburgh,0.5152,Virginia Tech,Pittsburgh,FBS vs FBS,fbs,fbs,home,5.38,7.27,0.61,16.0,Virginia Tech,0.61,0.5152
6,6,Week 6,2026-10-10T04:00:00.000Z,401858259,Upcoming,,California,Virginia Tech,0.3379,Virginia Tech,California,FBS vs FBS,fbs,fbs,away,5.38,-3.81,6.69,16.0,Virginia Tech,6.69,0.6621
7,7,Week 7,2026-10-17T04:00:00.000Z,401858264,Upcoming,,Virginia Tech,Georgia Tech,0.7504,Virginia Tech,Georgia Tech,FBS vs FBS,fbs,fbs,home,5.38,-2.93,10.81,16.0,Virginia Tech,10.81,0.7504
8,8,Week 8,2026-10-24T04:00:00.000Z,401858276,Upcoming,,Clemson,Virginia Tech,0.5435,Virginia Tech,Clemson,FBS vs FBS,fbs,fbs,away,5.38,4.63,-1.75,16.0,Clemson,1.75,0.4565
10,10,Week 10,2026-11-07T00:00:00.000Z,401858288,Upcoming,,SMU,Virginia Tech,0.591,Virginia Tech,SMU,FBS vs FBS,fbs,fbs,away,5.38,6.56,-3.68,16.0,SMU,3.68,0.409
11,11,Week 11,2026-11-14T05:00:00.000Z,401858299,Upcoming,,Virginia Tech,Stanford,0.8214,Virginia Tech,Stanford,FBS vs FBS,fbs,fbs,home,5.38,-6.85,14.73,16.0,Virginia Tech,14.73,0.8214
12,12,Week 12,2026-11-21T05:00:00.000Z,401858302,Upcoming,,Miami,Virginia Tech,0.8651,Virginia Tech,Miami,FBS vs FBS,fbs,fbs,away,5.38,20.54,-17.66,16.0,Miami,17.66,0.1349
13,13,Week 13,2026-11-28T05:00:00.000Z,401858317,Upcoming,,Virginia Tech,Virginia,0.5107,Virginia Tech,Virginia,FBS vs FBS,fbs,fbs,home,5.38,7.45,0.43,16.0,Virginia Tech,0.43,0.5107
1,1,Week 1,2026-09-03T23:00:00.000Z,401858204,Final,"Akron 16, Wake Forest 38",Wake Forest,Akron,0.9437,Wake Forest,Akron,FBS vs FBS,fbs,fbs,home,2.25,-20.63,25.38,16.0,Wake Forest,25.38,0.9437
2,2,Week 2,2026-09-12T16:00:00.000Z,401858224,Final,"Wake Forest 38, Purdue 36",Purdue,Wake Forest,0.3924,Wake Forest,Purdue,FBS vs FBS,fbs,fbs,away,2.25,-4.62,4.37,16.0,Wake Forest,4.37,0.6076
3,3,Week 3,2026-09-18T23:30:00.000Z,401858226,Final,"Miami 33, Wake Forest 20",Wake Forest,Miami,0.1619,Wake Forest,Miami,FBS vs FBS,fbs,fbs,home,2.25,20.54,-15.79,16.0,Miami,15.79,0.1619
4,4,Week 4,2026-09-26T16:00:00.000Z,401858243,Final,"Wake Forest 30, Louisville 27",Louisville,Wake Forest,0.6846,Wake Forest,Louisville,FBS vs FBS,fbs,fbs,away,2.25,7.44,-7.69,16.0,Louisville,7.69,0.3154
5,5,Week 5,2026-10-03T16:00:00.000Z,401858251,Upcoming,,Wake Forest,Stanford,0.7658,Wake Forest,Stanford,FBS vs FBS,fbs,fbs,home,2.25,-6.85,11.6,16.0,Wake Forest,11.6,0.7658
6,6,Week 6,2026-10-10T04:00:00.000Z,401858260,Upcoming,,NC State,Wake Forest,0.5262,Wake Forest,NC State,FBS vs FBS,fbs,fbs,away,2.25,0.8,-1.05,16.0,NC State,1.05,0.4738
7,7,Week 7,2026-10-17T04:00:00.000Z,401858269,Upcoming,,California,Wake Forest,0.412,Wake Forest,California,FBS vs FBS,fbs,fbs,away,2.25,-3.81,3.56,16.0,Wake Forest,3.56,0.588
9,9,Week 9,2026-10-31T04:00:00.000Z,401858284,Upcoming,,Wake Forest,Virginia,0.433,Wake Forest,Virginia,FBS vs FBS,fbs,fbs,home,2.25,7.45,-2.7,16.0,Virginia,2.7,0.433
10,10,Week 10,2026-11-07T05:00:00.000Z,401858290,Upcoming,,Wake Forest,Merrimack,0.9792,Wake Forest,Merrimack (FCS baseline),FCS involved,fbs,fcs,home,2.25,-36.0,40.75,20.0,Wake Forest,40.75,0.9792
11,11,Week 11,2026-11-14T05:00:00.000Z,401858301,Upcoming,,SMU,Wake Forest,0.6648,Wake Forest,SMU,FBS vs FBS,fbs,fbs,away,2.25,6.56,-6.81,16.0,SMU,6.81,0.3352
12,12,Week 12,2026-11-21T05:00:00.000Z,401858310,Upcoming,,Georgia Tech,Wake Forest,0.4335,Wake Forest,Georgia Tech,FBS vs FBS,fbs,fbs,away,2.25,-2.93,2.68,16.0,Wake Forest,2.68,0.5665
13,13,Week 13,2026-11-28T05:00:00.000Z,401858312,Upcoming,,Wake Forest,Duke,0.4659,Wake Forest,Duke,FBS vs FBS,fbs,fbs,home,2.25,6.12,-1.37,16.0,Duke,1.37,0.4659
1,1,Week 1,2026-09-06T20:00:00.000Z,401858437,Final,"Washington State 10, Washington 24",Washington,Washington State,0.8166,Washington,Washington State,FBS vs FBS,fbs,fbs,home,6.42,-5.52,14.44,16.0,Washington,14.44,0.8166
2,2,Week 2,2026-09-12T19:30:00.000Z,401858446,Final,"Utah State 14, Washington 16",Washington,Utah State,0.8194,Washington,Utah State,FBS vs FBS,fbs,fbs,home,6.42,-5.69,14.61,16.0,Washington,14.61,0.8194
3,3,Week 3,2026-09-19T23:15:00.000Z,401858459,Final,"Eastern Washington 16, Washington 48",Washington,Eastern Washington,0.9876,Washington,Eastern Washington (FCS baseline),FCS involved,fbs,fcs,home,6.42,-36.0,44.92,20.0,Washington,44.92,0.9876
4,4,Week 4,2026-09-27T03:00:00.000Z,401858470,Final,"Minnesota 27, Washington 24",Washington,Minnesota,0.6748,Washington,Minnesota,FBS vs FBS,fbs,fbs,home,6.42,1.67,7.25,16.0,Washington,7.25,0.6748
5,5,Week 5,2026-10-03T23:30:00.000Z,401858478,Upcoming,,USC,Washington,0.7338,Washington,USC,FBS vs FBS,fbs,fbs,away,6.42,13.91,-9.99,16.0,USC,9.99,0.2662
6,6,Week 6,2026-10-10T01:00:00.000Z,401858487,Upcoming,,Washington,Iowa,0.4488,Washington,Iowa,FBS vs FBS,fbs,fbs,home,6.42,10.98,-2.06,16.0,Iowa,2.06,0.4488
7,7,Week 7,2026-10-17T00:00:00.000Z,401858493,Upcoming,,Purdue,Washington,0.2968,Washington,Purdue,FBS vs FBS,fbs,fbs,away,6.42,-4.62,8.54,16.0,Washington,8.54,0.7032
9,9,Week 9,2026-10-31T04:00:00.000Z,401858504,Upcoming,,Nebraska,Washington,0.7013,Washington,Nebraska,FBS vs FBS,fbs,fbs,away,6.42,12.37,-8.45,16.0,Nebraska,8.45,0.2987
10,10,Week 10,2026-11-07T05:00:00.000Z,401858516,Upcoming,,Washington,Penn State,0.3636,Washington,Penn State,FBS vs FBS,fbs,fbs,home,6.42,14.5,-5.58,16.0,Penn State,5.58,0.3636
11,11,Week 11,2026-11-14T05:00:00.000Z,401858521,Upcoming,,Michigan State,Washington,0.4636,Washington,Michigan State,FBS vs FBS,fbs,fbs,away,6.42,2.46,1.46,16.0,Washington,1.46,0.5364
12,12,Week 12,2026-11-21T05:00:00.000Z,401858535,Upcoming,,Washington,Indiana,0.2131,Washington,Indiana,FBS vs FBS,fbs,fbs,home,6.42,21.65,-12.73,16.0,Indiana,12.73,0.2131
13,13,Week 13,2026-11-28T05:00:00.000Z,401858541,Upcoming,,Oregon,Washington,0.8065,Washington,Oregon,FBS vs FBS,fbs,fbs,away,6.42,17.76,-13.84,16.0,Oregon,13.84,0.1935
1,1,Week 1,2026-09-06T20:00:00.000Z,401858437,Final,"Washington State 10, Washington 24",Washington,Washington State,0.8166,Washington State,Washington,FBS vs FBS,fbs,fbs,away,-5.52,6.42,-14.44,16.0,Washington,14.44,0.1834
2,2,Week 2,2026-09-12T16:00:00.000Z,401856781,Final,"Washington State 7, Kansas State 34",Kansas State,Washington State,0.8343,Washington State,Kansas State,FBS vs FBS,fbs,fbs,away,-5.52,7.52,-15.54,16.0,Kansas State,15.54,0.1657
3,3,Week 3,2026-09-19T19:30:00.000Z,401860890,Final,"Duquesne 7, Washington State 48",Washington State,Duquesne,0.9504,Washington State,Duquesne (FCS baseline),FCS involved,fbs,fcs,home,-5.52,-36.0,32.98,20.0,Washington State,32.98,0.9504
4,4,Week 4,2026-09-26T23:30:00.000Z,401856804,Final,"Arizona 34, Washington State 24",Washington State,Arizona,0.2839,Washington State,Arizona,FBS vs FBS,fbs,fbs,home,-5.52,6.12,-9.14,16.0,Arizona,9.14,0.2839
5,5,Week 5,2026-10-04T01:30:00.000Z,401860921,Upcoming,,Washington State,Fresno State,0.4251,Washington State,Fresno State,FBS vs FBS,fbs,fbs,home,-5.52,0.0,-3.02,16.0,Fresno State,3.02,0.4251
6,6,Week 6,2026-10-10T01:00:00.000Z,401860922,Upcoming,,Utah State,Washington State,0.5579,Washington State,Utah State,FBS vs FBS,fbs,fbs,away,-5.52,-5.69,-2.33,16.0,Utah State,2.33,0.4421
7,7,Week 7,2026-10-17T22:00:00.000Z,401860903,Upcoming,,Oregon State,Washington State,0.6165,Washington State,Oregon State,FBS vs FBS,fbs,fbs,away,-5.52,-3.28,-4.74,16.0,Oregon State,4.74,0.3835
8,8,Week 8,2026-10-24T22:00:00.000Z,401860907,Upcoming,,Washington State,Boise State,0.2278,Washington State,Boise State,FBS vs FBS,fbs,fbs,home,-5.52,8.92,-11.94,16.0,Boise State,11.94,0.2278
9,9,Week 9,2026-10-31T23:00:00.000Z,401860909,Upcoming,,San Diego State,Washington State,0.5734,Washington State,San Diego State,FBS vs FBS,fbs,fbs,away,-5.52,-5.06,-2.96,16.0,San Diego State,2.96,0.4266
11,11,Week 11,2026-11-15T03:30:00.000Z,401860917,Upcoming,,Washington State,Colorado State,0.5951,Washington State,Colorado State,FBS vs FBS,fbs,fbs,home,-5.52,-6.87,3.85,16.0,Washington State,3.85,0.5951
12,12,Week 12,2026-11-21T23:00:00.000Z,401860920,Upcoming,,Texas State,Washington State,0.6598,Washington State,Texas State,FBS vs FBS,fbs,fbs,away,-5.52,-1.43,-6.59,16.0,Texas State,6.59,0.3402
1,1,Week 1,2026-09-05T16:00:00.000Z,401856780,Final,"Coastal Carolina 24, West Virginia 31",West Virginia,Coastal Carolina,0.7639,West Virginia,Coastal Carolina,FBS vs FBS,fbs,fbs,home,-0.82,-9.82,11.5,16.0,West Virginia,11.5,0.7639
2,2,Week 2,2026-09-12T17:00:00.000Z,401856791,Final,"UT Martin 7, West Virginia 52",West Virginia,UT Martin,0.9702,West Virginia,UT Martin (FCS baseline),FCS involved,fbs,fcs,home,-0.82,-36.0,37.68,20.0,West Virginia,37.68,0.9702
3,3,Week 3,2026-09-19T23:30:00.000Z,401856802,Final,"West Virginia 38, Virginia 27",Virginia,West Virginia,0.6974,West Virginia,Virginia,FBS vs FBS,fbs,fbs,neutral,-0.82,7.45,-8.27,16.0,Virginia,8.27,0.3026
4,4,Week 4,2026-09-26T23:00:00.000Z,401856881,Final,"Oklahoma State 41, West Virginia 24",West Virginia,Oklahoma State,0.5125,West Virginia,Oklahoma State,FBS vs FBS,fbs,fbs,home,-0.82,1.18,0.5,16.0,West Virginia,0.5,0.5125
5,5,Week 5,2026-10-03T16:00:00.000Z,401856822,Upcoming,,Iowa State,West Virginia,0.7076,West Virginia,Iowa State,FBS vs FBS,fbs,fbs,away,-0.82,5.42,-8.74,16.0,Iowa State,8.74,0.2924
6,6,Week 6,2026-10-10T04:00:00.000Z,401856823,Upcoming,,West Virginia,Arizona,0.3907,West Virginia,Arizona,FBS vs FBS,fbs,fbs,home,-0.82,6.12,-4.44,16.0,Arizona,4.44,0.3907
7,7,Week 7,2026-10-17T04:00:00.000Z,401856829,Upcoming,,West Virginia,Cincinnati,0.499,West Virginia,Cincinnati,FBS vs FBS,fbs,fbs,home,-0.82,1.72,-0.04,16.0,Cincinnati,0.04,0.499
8,8,Week 8,2026-10-24T04:00:00.000Z,401856841,Upcoming,,TCU,West Virginia,0.6575,West Virginia,TCU,FBS vs FBS,fbs,fbs,away,-0.82,3.17,-6.49,16.0,TCU,6.49,0.3425
10,10,Week 10,2026-11-07T05:00:00.000Z,401856856,Upcoming,,Texas Tech,West Virginia,0.8536,West Virginia,Texas Tech,FBS vs FBS,fbs,fbs,away,-0.82,13.51,-16.83,16.0,Texas Tech,16.83,0.1464
11,11,Week 11,2026-11-14T05:00:00.000Z,401856861,Upcoming,,West Virginia,Kansas,0.611,West Virginia,Kansas,FBS vs FBS,fbs,fbs,home,-0.82,-2.83,4.51,16.0,West Virginia,4.51,0.611
12,12,Week 12,2026-11-21T05:00:00.000Z,401856868,Upcoming,,West Virginia,Houston,0.3566,West Virginia,Houston,FBS vs FBS,fbs,fbs,home,-0.82,7.56,-5.88,16.0,Houston,5.88,0.3566
13,13,Week 13,2026-11-28T02:00:00.000Z,401856880,Upcoming,,Utah,West Virginia,0.8941,West Virginia,Utah,FBS vs FBS,fbs,fbs,away,-0.82,16.66,-19.98,16.0,Utah,19.98,0.1059
1,1,Week 1,2026-09-06T02:30:00.000Z,401864432,Final,"Western Kentucky 14, Nevada 49",Nevada,Western Kentucky,0.7456,Western Kentucky,Nevada,FBS vs FBS,fbs,fbs,away,-12.69,-4.62,-10.57,16.0,Nevada,10.57,0.2544
2,2,Week 2,2026-09-12T16:45:00.000Z,401856673,Final,"Western Kentucky 20, Georgia 70",Georgia,Western Kentucky,0.9923,Western Kentucky,Georgia,FBS vs FBS,fbs,fbs,away,-12.69,23.6,-38.79,16.0,Georgia,38.79,0.0077
3,3,Week 3,2026-09-19T20:00:00.000Z,401858449,Final,"Western Kentucky 0, Indiana 38",Indiana,Western Kentucky,0.9893,Western Kentucky,Indiana,FBS vs FBS,fbs,fbs,away,-12.69,21.65,-36.84,16.0,Indiana,36.84,0.0107
4,4,Week 4,2026-09-26T23:00:00.000Z,401870745,Final,"Mercyhurst 7, Western Kentucky 52",Western Kentucky,Mercyhurst,0.9016,Western Kentucky,Mercyhurst (FCS baseline),FCS involved,fbs,fcs,home,-12.69,-36.0,25.81,20.0,Western Kentucky,25.81,0.9016
5,5,Week 5,2026-10-02T00:00:00.000Z,401871049,Upcoming,,New Mexico State,Western Kentucky,0.5339,Western Kentucky,New Mexico State,FBS vs FBS,fbs,fbs,away,-12.69,-13.83,-1.36,16.0,New Mexico State,1.36,0.4661
6,6,Week 6,2026-10-08T23:00:00.000Z,401871052,Upcoming,,Western Kentucky,Missouri State,0.5478,Western Kentucky,Missouri State,FBS vs FBS,fbs,fbs,home,-12.69,-12.11,1.92,16.0,Western Kentucky,1.92,0.5478
7,7,Week 7,2026-10-15T00:00:00.000Z,401871068,Upcoming,,Sam Houston,Western Kentucky,0.5229,Western Kentucky,Sam Houston,FBS vs FBS,fbs,fbs,away,-12.69,-14.27,-0.92,16.0,Sam Houston,0.92,0.4771
9,9,Week 9,2026-10-27T23:00:00.000Z,401871071,Upcoming,,Western Kentucky,Delaware,0.4756,Western Kentucky,Delaware,FBS vs FBS,fbs,fbs,home,-12.69,-9.21,-0.98,16.0,Delaware,0.98,0.4756
10,10,Week 10,2026-11-07T20:30:00.000Z,401871076,Upcoming,,Middle Tennessee,Western Kentucky,0.6646,Western Kentucky,Middle Tennessee,FBS vs FBS,fbs,fbs,away,-12.69,-8.39,-6.8,16.0,Middle Tennessee,6.8,0.3354
11,11,Week 11,2026-11-14T20:30:00.000Z,401870752,Upcoming,,Western Kentucky,Jacksonville State,0.3838,Western Kentucky,Jacksonville State,FBS vs FBS,fbs,fbs,home,-12.69,-5.46,-4.73,16.0,Jacksonville State,4.73,0.3838
12,12,Week 12,2026-11-21T18:00:00.000Z,401871080,Upcoming,,Liberty,Western Kentucky,0.8911,Western Kentucky,Liberty,FBS vs FBS,fbs,fbs,away,-12.69,4.53,-19.72,16.0,Liberty,19.72,0.1089
13,13,Week 13,2026-11-28T18:00:00.000Z,401870804,Upcoming,,Western Kentucky,Kennesaw State,0.5349,Western Kentucky,Kennesaw State,FBS vs FBS,fbs,fbs,home,-12.69,-11.59,1.4,16.0,Western Kentucky,1.4,0.5349
1,1,Week 1,2026-09-05T23:30:00.000Z,401858428,Final,"Western Michigan 12, Michigan 13",Michigan,Western Michigan,0.8329,Western Michigan,Michigan,FBS vs FBS,fbs,fbs,away,-3.0,9.95,-15.45,16.0,Michigan,15.45,0.1671
2,2,Week 2,2026-09-12T22:30:00.000Z,401866421,Final,"Monmouth 14, Western Michigan 49",Western Michigan,Monmouth,0.9621,Western Michigan,Monmouth (FCS baseline),FCS involved,fbs,fcs,home,-3.0,-36.0,35.5,20.0,Western Michigan,35.5,0.9621
3,3,Week 3,2026-09-19T23:00:00.000Z,401862773,Final,"Western Michigan 28, Rice 21",Rice,Western Michigan,0.359,Western Michigan,Rice,FBS vs FBS,fbs,fbs,away,-3.0,-11.28,5.78,16.0,Western Michigan,5.78,0.641
4,4,Week 4,2026-09-26T19:30:00.000Z,401860897,Final,"Boise State 32, Western Michigan 7",Western Michigan,Boise State,0.278,Western Michigan,Boise State,FBS vs FBS,fbs,fbs,home,-3.0,8.92,-9.42,16.0,Boise State,9.42,0.278
5,5,Week 5,2026-10-03T17:00:00.000Z,401866432,Upcoming,,Buffalo,Western Michigan,0.3187,Western Michigan,Buffalo,FBS vs FBS,fbs,fbs,away,-3.0,-13.04,7.54,16.0,Western Michigan,7.54,0.6813
6,6,Week 6,2026-10-10T04:00:00.000Z,401866439,Upcoming,,Western Michigan,Kent State,0.8403,Western Michigan,Kent State,FBS vs FBS,fbs,fbs,home,-3.0,-16.43,15.93,16.0,Western Michigan,15.93,0.8403
7,7,Week 7,2026-10-17T04:00:00.000Z,401866443,Upcoming,,Central Michigan,Western Michigan,0.3646,Western Michigan,Central Michigan,FBS vs FBS,fbs,fbs,away,-3.0,-11.04,5.54,16.0,Western Michigan,5.54,0.6354
8,8,Week 8,2026-10-24T04:00:00.000Z,401866450,Upcoming,,Toledo,Western Michigan,0.6392,Western Michigan,Toledo,FBS vs FBS,fbs,fbs,away,-3.0,0.2,-5.7,16.0,Toledo,5.7,0.3608
9,9,Week 9,2026-10-31T16:00:00.000Z,401866452,Upcoming,,Western Michigan,Bowling Green,0.8154,Western Michigan,Bowling Green,FBS vs FBS,fbs,fbs,home,-3.0,-14.87,14.37,16.0,Western Michigan,14.37,0.8154
11,11,Week 11,2026-11-11T00:00:00.000Z,401866458,Upcoming,,Akron,Western Michigan,0.1722,Western Michigan,Akron,FBS vs FBS,fbs,fbs,away,-3.0,-20.63,15.13,16.0,Western Michigan,15.13,0.8278
12,12,Week 12,2026-11-18T00:00:00.000Z,401866465,Upcoming,,Western Michigan,Eastern Michigan,0.7974,Western Michigan,Eastern Michigan,FBS vs FBS,fbs,fbs,home,-3.0,-13.82,13.32,16.0,Western Michigan,13.32,0.7974
13,13,Week 13,2026-11-24T05:00:00.000Z,401866471,Upcoming,,Western Michigan,Miami (OH),0.6777,Western Michigan,Miami (OH),FBS vs FBS,fbs,fbs,home,-3.0,-7.88,7.38,16.0,Western Michigan,7.38,0.6777
1,1,Week 1,2026-09-06T23:30:00.000Z,401858438,Final,"Wisconsin 13, Notre Dame 41",Notre Dame,Wisconsin,0.8406,Wisconsin,Notre Dame,FBS vs FBS,fbs,fbs,neutral,8.18,24.13,-15.95,16.0,Notre Dame,15.95,0.1594
2,2,Week 2,2026-09-12T23:15:00.000Z,401858447,Final,"Western Illinois 9, Wisconsin 36",Wisconsin,Western Illinois,0.9902,Wisconsin,Western Illinois (FCS baseline),FCS involved,fbs,fcs,home,8.18,-36.0,46.68,20.0,Wisconsin,46.68,0.9902
3,3,Week 3,2026-09-19T16:30:00.000Z,401858460,Final,"Eastern Michigan 10, Wisconsin 54",Wisconsin,Eastern Michigan,0.9371,Wisconsin,Eastern Michigan,FBS vs FBS,fbs,fbs,home,8.18,-13.82,24.5,16.0,Wisconsin,24.5,0.9371
4,4,Week 4,2026-09-26T21:00:00.000Z,401858466,Final,"Wisconsin 24, Penn State 20",Penn State,Wisconsin,0.7093,Wisconsin,Penn State,FBS vs FBS,fbs,fbs,away,8.18,14.5,-8.82,16.0,Penn State,8.82,0.2907
5,5,Week 5,2026-10-03T16:30:00.000Z,401858479,Upcoming,,Wisconsin,Michigan State,0.6963,Wisconsin,Michigan State,FBS vs FBS,fbs,fbs,home,8.18,2.46,8.22,16.0,Wisconsin,8.22,0.6963
7,7,Week 7,2026-10-17T04:00:00.000Z,401858494,Upcoming,,UCLA,Wisconsin,0.6021,Wisconsin,UCLA,FBS vs FBS,fbs,fbs,away,8.18,9.82,-4.14,16.0,UCLA,4.14,0.3979
8,8,Week 8,2026-10-24T04:00:00.000Z,401858500,Upcoming,,Wisconsin,USC,0.42,Wisconsin,USC,FBS vs FBS,fbs,fbs,home,8.18,13.91,-3.23,16.0,USC,3.23,0.42
9,9,Week 9,2026-10-31T04:00:00.000Z,401858502,Upcoming,,Iowa,Wisconsin,0.6298,Wisconsin,Iowa,FBS vs FBS,fbs,fbs,away,8.18,10.98,-5.3,16.0,Iowa,5.3,0.3702
10,10,Week 10,2026-11-07T05:00:00.000Z,401858517,Upcoming,,Wisconsin,Rutgers,0.8222,Wisconsin,Rutgers,FBS vs FBS,fbs,fbs,home,8.18,-4.1,14.78,16.0,Wisconsin,14.78,0.8222
11,11,Week 11,2026-11-14T05:00:00.000Z,401858520,Upcoming,,Maryland,Wisconsin,0.313,Wisconsin,Maryland,FBS vs FBS,fbs,fbs,away,8.18,-2.12,7.8,16.0,Wisconsin,7.8,0.687
12,12,Week 12,2026-11-21T05:00:00.000Z,401858533,Upcoming,,Purdue,Wisconsin,0.2599,Wisconsin,Purdue,FBS vs FBS,fbs,fbs,away,8.18,-4.62,10.3,16.0,Wisconsin,10.3,0.7401
13,13,Week 13,2026-11-28T00:30:00.000Z,401858544,Upcoming,,Wisconsin,Minnesota,0.7133,Wisconsin,Minnesota,FBS vs FBS,fbs,fbs,home,8.18,1.67,9.01,16.0,Wisconsin,9.01,0.7133
1,1,Week 1,2026-09-05T22:00:00.000Z,401860878,Final,"Wyoming 13, Colorado State 35",Colorado State,Wyoming,0.6445,Wyoming,Colorado State,FBS vs FBS,fbs,fbs,away,-10.3,-6.87,-5.93,16.0,Colorado State,5.93,0.3555
2,2,Week 2,2026-09-12T20:00:00.000Z,401864506,Final,"Northern Colorado 13, Wyoming 21",Wyoming,Northern Colorado,0.9207,Wyoming,Northern Colorado (FCS baseline),FCS involved,fbs,fcs,home,-10.3,-36.0,28.2,20.0,Wyoming,28.2,0.9207
3,3,Week 3,2026-09-19T17:00:00.000Z,401864508,Final,"Wyoming 10, Central Michigan 24",Central Michigan,Wyoming,0.5438,Wyoming,Central Michigan,FBS vs FBS,fbs,fbs,away,-10.3,-11.04,-1.76,16.0,Central Michigan,1.76,0.4562
4,4,Week 4,2026-09-26T19:00:00.000Z,401864510,Final,"Hawai'i 10, Wyoming 27",Wyoming,Hawai'i,0.5567,Wyoming,Hawai'i,FBS vs FBS,fbs,fbs,home,-10.3,-10.08,2.28,16.0,Wyoming,2.28,0.5567
5,5,Week 5,2026-10-03T19:30:00.000Z,401864515,Upcoming,,North Dakota State,Wyoming,0.857,Wyoming,North Dakota State,FBS vs FBS,fbs,fbs,away,-10.3,4.27,-17.07,16.0,North Dakota State,17.07,0.143
6,6,Week 6,2026-10-10T01:00:00.000Z,401864519,Upcoming,,San José State,Wyoming,0.6284,Wyoming,San José State,FBS vs FBS,fbs,fbs,away,-10.3,-7.56,-5.24,16.0,San José State,5.24,0.3716
7,7,Week 7,2026-10-17T19:30:00.000Z,401864522,Upcoming,,Wyoming,Northern Illinois,0.6868,Wyoming,Northern Illinois,FBS vs FBS,fbs,fbs,home,-10.3,-15.59,7.79,16.0,Wyoming,7.79,0.6868
8,8,Week 8,2026-10-24T01:00:00.000Z,401864525,Upcoming,,Wyoming,Air Force,0.3967,Wyoming,Air Force,FBS vs FBS,fbs,fbs,home,-10.3,-3.61,-4.19,16.0,Air Force,4.19,0.3967
10,10,Week 10,2026-11-08T03:30:00.000Z,401864535,Upcoming,,UNLV,Wyoming,0.7514,Wyoming,UNLV,FBS vs FBS,fbs,fbs,away,-10.3,-1.94,-10.86,16.0,UNLV,10.86,0.2486
11,11,Week 11,2026-11-14T05:00:00.000Z,401864540,Upcoming,,UTEP,Wyoming,0.3434,Wyoming,UTEP,FBS vs FBS,fbs,fbs,away,-10.3,-19.25,6.45,16.0,Wyoming,6.45,0.6566
12,12,Week 12,2026-11-22T02:00:00.000Z,401864542,Upcoming,,Wyoming,New Mexico,0.2381,Wyoming,New Mexico,FBS vs FBS,fbs,fbs,home,-10.3,3.6,-11.4,16.0,New Mexico,11.4,0.2381
13,13,Week 13,2026-11-28T05:00:00.000Z,401861969,Upcoming,,Wyoming,UConn,0.455,Wyoming,UConn,FBS vs FBS,fbs,fbs,home,-10.3,-5.99,-1.81,16.0,UConn,1.81,0.455
